target_site,forest_group,fold,target,reference_pool_rows,eligible_200,budget,replicate,method,reference_rows,reference_blocks,rmse,mae,r2,bias,unit_spearman,block_spearman,centred_rmse,test_rows,test_blocks
veluwe,conifer,0,ahn4_p95_height_m,2705,True,0,0,source_ridge,0,0,3.337536531596345,2.4855803223520803,0.4388509498103582,0.4719268480910387,0.6729989468426342,0.7013239027327931,3.304002897969524,999,514
veluwe,conifer,0,ahn4_height_sd_m,2705,True,0,0,source_ridge,0,0,1.080833504802475,0.8395586584493167,0.5047862752110229,0.2432633707131506,0.7265829557011921,0.758929213277865,1.0531020831680462,999,514
veluwe,conifer,0,ahn4_height_cv,2705,True,0,0,source_ridge,0,0,0.0917170665225402,0.0702381477041419,0.2320340970779594,0.0218227968627131,0.5627285923197746,0.5687981617751834,0.0890830277246391,999,514
veluwe,conifer,0,ahn4_entropy,2705,True,0,0,source_ridge,0,0,0.2068315707351544,0.1614884215975946,0.6820768692137573,0.011979739539726,0.8498777640863643,0.8482639171941667,0.206484344426718,999,514
veluwe,conifer,0,ahn4_pulse_penetration,2705,True,0,0,source_ridge,0,0,0.0418776885024055,0.032978589271502,0.6975995328395423,-0.0090149365780917,0.7919061305794771,0.8119622908529937,0.0408958642505265,999,514
veluwe,conifer,0,ahn4_sigma_z,2705,True,0,0,source_ridge,0,0,0.9985181868483706,0.8033269124545914,0.3390550654220186,0.3667331641468475,0.6823492751268302,0.7132464723063374,0.9287331994613948,999,514
veluwe,conifer,1,ahn4_p95_height_m,2692,True,0,0,source_ridge,0,0,2.902005463687042,2.306581456869697,0.4810295750882383,0.6552127555676417,0.6572435321092635,0.7056237484925024,2.8270712683289223,999,513
veluwe,conifer,1,ahn4_height_sd_m,2692,True,0,0,source_ridge,0,0,1.156675895046971,0.91217890969253,0.4479574978206592,0.2959297952731564,0.6866239265317421,0.7406823133547228,1.1181791817290732,999,513
veluwe,conifer,1,ahn4_height_cv,2692,True,0,0,source_ridge,0,0,0.0888348393606384,0.0703017723876751,0.2271617091806613,0.025700413734058,0.5499679358717434,0.5870259026497828,0.0850359771986462,999,513
veluwe,conifer,1,ahn4_entropy,2692,True,0,0,source_ridge,0,0,0.207909575044261,0.1668890355411449,0.6782765938506137,0.0343002672477036,0.8225986507549632,0.8542802623045943,0.2050606814136277,999,513
veluwe,conifer,1,ahn4_pulse_penetration,2692,True,0,0,source_ridge,0,0,0.0428603853954035,0.0340244641056136,0.6305960033263409,-0.0133481756278961,0.7761402685250379,0.7672838696327396,0.0407288453512907,999,513
veluwe,conifer,1,ahn4_sigma_z,2692,True,0,0,source_ridge,0,0,1.0425561261765948,0.8453641686015635,0.3239038370974977,0.4089379786280759,0.676778662429965,0.7368510826962024,0.9590062595540924,999,513
veluwe,conifer,2,ahn4_p95_height_m,2707,True,0,0,source_ridge,0,0,3.2717981702482017,2.32043280475289,0.3995127457260673,0.7521207123357994,0.6516156876156876,0.6989046603134712,3.184176141628313,1000,514
veluwe,conifer,2,ahn4_height_sd_m,2707,True,0,0,source_ridge,0,0,1.0709008269229654,0.839490209463057,0.4515546733932014,0.2980057878077935,0.7075822555822556,0.753139715292538,1.0286015416755645,1000,514
veluwe,conifer,2,ahn4_height_cv,2707,True,0,0,source_ridge,0,0,0.0883088119261818,0.0699048731510399,0.2061313737846349,0.0202354369895276,0.550909714909715,0.5799110181482947,0.0859591376972606,1000,514
veluwe,conifer,2,ahn4_entropy,2707,True,0,0,source_ridge,0,0,0.1973111888204692,0.154560420720671,0.7028901947245694,0.0274069270777216,0.8521465801465802,0.8734970477457291,0.1953984789651734,1000,514
veluwe,conifer,2,ahn4_pulse_penetration,2707,True,0,0,source_ridge,0,0,0.042098504065593,0.0336774362684836,0.6478313544269441,-0.0108835933977665,0.7761635481635483,0.7809040501345288,0.0406673264342868,1000,514
veluwe,conifer,2,ahn4_sigma_z,2707,True,0,0,source_ridge,0,0,0.988722680140818,0.7865332963607731,0.3057098570625189,0.4121627081214073,0.6845404205404205,0.7345011124388358,0.8987182207226412,1000,514
veluwe,conifer,3,ahn4_p95_height_m,2651,True,0,0,source_ridge,0,0,3.2513905781226646,2.35586305183971,0.4556929562536985,0.5239838893391439,0.7229606961671088,0.7313868580887704,3.2088910195296223,999,514
veluwe,conifer,3,ahn4_height_sd_m,2651,True,0,0,source_ridge,0,0,1.1792715349690324,0.9009596063583684,0.4559574397199556,0.2336511625634033,0.7359511094260592,0.750364704528248,1.1558929394286428,999,514
veluwe,conifer,3,ahn4_height_cv,2651,True,0,0,source_ridge,0,0,0.0990964674032919,0.0765999308196095,0.2016635027923398,0.0195411487544654,0.5251058152340716,0.5539237576772198,0.0971506734776839,999,514
veluwe,conifer,3,ahn4_entropy,2651,True,0,0,source_ridge,0,0,0.2238408516208117,0.1723594509081594,0.64522714107409,0.0217470193489179,0.8419801043528496,0.8474945880309049,0.2227819427237496,999,514
veluwe,conifer,3,ahn4_pulse_penetration,2651,True,0,0,source_ridge,0,0,0.0437062127410163,0.0340995841796149,0.639576864024737,-0.0086733034737442,0.7685581372956122,0.751407089872819,0.04283697980735,999,514
veluwe,conifer,3,ahn4_sigma_z,2651,True,0,0,source_ridge,0,0,1.0559907678381486,0.8303741060643965,0.3604499328247154,0.3404816610985977,0.7292672152992687,0.7361900842166237,0.999594287806279,999,514
veluwe,conifer,4,ahn4_p95_height_m,2731,True,0,0,source_ridge,0,0,3.0085758700639977,2.3775170716357983,0.4712772642396713,0.7722868903805471,0.6664542184542185,0.7118511463830771,2.907765761693621,1000,514
veluwe,conifer,4,ahn4_height_sd_m,2731,True,0,0,source_ridge,0,0,1.102494818612003,0.8787609052548297,0.460392453734417,0.3157447797012094,0.7405022965022966,0.7748037629616081,1.056314375154361,1000,514
veluwe,conifer,4,ahn4_height_cv,2731,True,0,0,source_ridge,0,0,0.0883281474288685,0.0696621576544322,0.214374465949486,0.0221729211470726,0.5996132876132876,0.5759227189149508,0.0854998432514448,1000,514
veluwe,conifer,4,ahn4_entropy,2731,True,0,0,source_ridge,0,0,0.2052359277998337,0.1584685411196099,0.6936654150201897,0.0278799902878888,0.8585346991103033,0.8751037491983393,0.2033334507684502,1000,514
veluwe,conifer,4,ahn4_pulse_penetration,2731,True,0,0,source_ridge,0,0,0.0433178906305673,0.0337823805884202,0.654988777603393,-0.0115662216562164,0.7854913854913855,0.7984147277137222,0.0417452052969088,1000,514
veluwe,conifer,4,ahn4_sigma_z,2731,True,0,0,source_ridge,0,0,1.0437885921241778,0.8397326598453829,0.3287093274844735,0.4246128756755681,0.7132737772737774,0.7492636430333891,0.9535190249067388,1000,514
sallandse_heuvelrug,conifer,0,ahn4_p95_height_m,391,True,0,0,source_ridge,0,0,2.486369639987651,2.02094546969357,0.5110795074591512,1.3170506704438874,0.7314658068927087,0.8857142857142857,2.1088886926852326,234,14
sallandse_heuvelrug,conifer,0,ahn4_height_sd_m,391,True,0,0,source_ridge,0,0,0.9696476581860392,0.6796937627854686,0.5863234707782492,0.2271833604421638,0.7881799812217127,0.8989010989010989,0.9426581043856122,234,14
sallandse_heuvelrug,conifer,0,ahn4_height_cv,391,True,0,0,source_ridge,0,0,0.1010889490121526,0.0791729188416501,0.3669143279794608,-0.0225758064632549,0.6759401436234603,0.6879120879120879,0.0985358238150738,234,14
sallandse_heuvelrug,conifer,0,ahn4_entropy,391,True,0,0,source_ridge,0,0,0.2260320874639432,0.1654841839157649,0.6734904862894004,0.0804470509616311,0.8868722912554529,0.912087912087912,0.211231570923677,234,14
sallandse_heuvelrug,conifer,0,ahn4_pulse_penetration,391,True,0,0,source_ridge,0,0,0.0423044380564301,0.0320395020585336,0.661741898623859,0.0116027239607938,0.8460049310565247,0.6967032967032967,0.0406822108047234,234,14
sallandse_heuvelrug,conifer,0,ahn4_sigma_z,391,True,0,0,source_ridge,0,0,0.7519716931383135,0.6101840860590768,0.5889954986050656,0.1516372349017774,0.7525714780759983,0.9648351648351648,0.7365239821435857,234,14
sallandse_heuvelrug,conifer,1,ahn4_p95_height_m,315,True,0,0,source_ridge,0,0,2.271964107880325,1.8363081075643284,0.5626471045460475,0.9424486109825836,0.4908689184625251,0.7197802197802198,2.067271516553508,233,13
sallandse_heuvelrug,conifer,1,ahn4_height_sd_m,315,True,0,0,source_ridge,0,0,1.1026089704039024,0.8705581634194723,0.4795086920235623,0.3253894380021562,0.73293507587573,0.7417582417582418,1.0535028501393788,233,13
sallandse_heuvelrug,conifer,1,ahn4_height_cv,315,True,0,0,source_ridge,0,0,0.0858146517905783,0.066852371098558,0.3008191451745872,0.0133723394105117,0.695704928981531,0.4945054945054945,0.0847663553577024,233,13
sallandse_heuvelrug,conifer,1,ahn4_entropy,315,True,0,0,source_ridge,0,0,0.2355558256346844,0.1956038498155759,0.5603099186630356,0.1221371539225662,0.8467600550995549,0.8296703296703297,0.2014176323516221,233,13
sallandse_heuvelrug,conifer,1,ahn4_pulse_penetration,315,True,0,0,source_ridge,0,0,0.0422230282180437,0.0329790744323404,0.6237376133364687,-0.0114973780343698,0.8175225691875092,0.6923076923076923,0.0406275080485686,233,13
sallandse_heuvelrug,conifer,1,ahn4_sigma_z,315,True,0,0,source_ridge,0,0,0.8731034319077275,0.7284178194623798,0.1810722838391585,0.4341102231870781,0.6064755258554282,0.6813186813186813,0.7575341028188217,233,13
sallandse_heuvelrug,conifer,2,ahn4_p95_height_m,307,True,0,0,source_ridge,0,0,2.6047400214744862,2.0783590719341967,0.3415953426267694,1.196078635904933,0.6398559139050481,0.7186813186813187,2.313885579755987,233,14
sallandse_heuvelrug,conifer,2,ahn4_height_sd_m,307,True,0,0,source_ridge,0,0,1.1184664853014434,0.9128528085730732,0.296766318514375,0.4100225753012809,0.6404763531076983,0.6571428571428571,1.0406001953131996,233,14
sallandse_heuvelrug,conifer,2,ahn4_height_cv,307,True,0,0,source_ridge,0,0,0.0811960135004106,0.0641343849702352,0.2834824498979967,0.0071321855787603,0.507464244107725,0.6571428571428571,0.0808821645186934,233,14
sallandse_heuvelrug,conifer,2,ahn4_entropy,307,True,0,0,source_ridge,0,0,0.2103977050091799,0.158319628919916,0.6370346560511716,0.0762956914581297,0.8127800988907988,0.7978021978021977,0.1960769281125542,233,14
sallandse_heuvelrug,conifer,2,ahn4_pulse_penetration,307,True,0,0,source_ridge,0,0,0.0514612293404813,0.0436443251803836,0.6105239825742506,0.0010990761159317,0.8123664727556987,0.6571428571428571,0.051449491318428,233,14
sallandse_heuvelrug,conifer,2,ahn4_sigma_z,307,True,0,0,source_ridge,0,0,1.0059112006503557,0.7812102234901945,-0.1701214568031128,0.4888164614937489,0.5283068271080702,0.4725274725274725,0.8791563061063546,233,14
sallandse_heuvelrug,conifer,3,ahn4_p95_height_m,288,True,0,0,source_ridge,0,0,2.0391880242385616,1.5457880108002973,0.6779190305884417,0.4074569645990667,0.6495890893748284,0.8417582417582418,1.9980657196893403,233,14
sallandse_heuvelrug,conifer,3,ahn4_height_sd_m,288,True,0,0,source_ridge,0,0,0.9660595396651042,0.6710216941691237,0.624714966719017,0.0676094907889816,0.7240335758169115,0.8285714285714285,0.9636908170846122,233,14
sallandse_heuvelrug,conifer,3,ahn4_height_cv,288,True,0,0,source_ridge,0,0,0.07980355985389,0.0602306700156027,0.4250355409732586,-0.0067857820381772,0.6627950880947773,0.8197802197802198,0.079514535322064,233,14
sallandse_heuvelrug,conifer,3,ahn4_entropy,288,True,0,0,source_ridge,0,0,0.2018469590262779,0.1591530666527666,0.6738081996835913,0.0595886652475904,0.82384175195334,0.7626373626373627,0.1928506827630291,233,14
sallandse_heuvelrug,conifer,3,ahn4_pulse_penetration,288,True,0,0,source_ridge,0,0,0.0500022197653417,0.0390222405518432,0.5417059631238567,-0.0153146316630266,0.8585180420684343,0.5648351648351648,0.0475992020782633,233,14
sallandse_heuvelrug,conifer,3,ahn4_sigma_z,288,True,0,0,source_ridge,0,0,0.716390790654795,0.5385903673651176,0.5936010917402559,0.0972206712685599,0.7281527608595835,0.8857142857142857,0.7097632746297126,233,14
sallandse_heuvelrug,conifer,4,ahn4_p95_height_m,387,True,0,0,source_ridge,0,0,1.92343567143454,1.5378245535327992,0.2116779910328384,0.9328679627611158,0.5676724612272933,0.7010989010989012,1.6820707910788908,233,14
sallandse_heuvelrug,conifer,4,ahn4_height_sd_m,387,True,0,0,source_ridge,0,0,0.8374685470951259,0.689022647719058,0.0379315990890242,0.3738716680529754,0.5933855868368226,0.7186813186813187,0.7493821076065982,233,14
sallandse_heuvelrug,conifer,4,ahn4_height_cv,387,True,0,0,source_ridge,0,0,0.0794401939161582,0.0644945489352363,0.1153892059620274,0.0145597328092111,0.5210522421192837,0.2527472527472528,0.078094549041282,233,14
sallandse_heuvelrug,conifer,4,ahn4_entropy,387,True,0,0,source_ridge,0,0,0.1849121650322286,0.1440372287945433,0.6312717614363211,0.0406788342962717,0.7642596661391986,0.8153846153846154,0.1803822087047462,233,14
sallandse_heuvelrug,conifer,4,ahn4_pulse_penetration,387,True,0,0,source_ridge,0,0,0.0444419796875905,0.0363391600026461,0.5715631649108732,0.0061334868159897,0.7625055498002072,0.832967032967033,0.0440167002174208,233,14
sallandse_heuvelrug,conifer,4,ahn4_sigma_z,387,True,0,0,source_ridge,0,0,0.7245070508218685,0.5904811003021745,0.138381297265564,0.2965068193591406,0.5152206828246491,0.767032967032967,0.661055347731283,233,14
schoorlse_duinen,conifer,0,ahn4_p95_height_m,276,True,0,0,source_ridge,0,0,1.8183716273839523,1.5206671229448354,-0.1588039162916155,-0.1992164549507586,0.1813097072419106,0.6363636363636362,1.8074258433893813,176,10
schoorlse_duinen,conifer,0,ahn4_height_sd_m,276,True,0,0,source_ridge,0,0,0.756651619841039,0.6388941331076334,0.3187109900457499,-0.0325882145956816,0.5078186220559102,0.6,0.7559495234984503,176,10
schoorlse_duinen,conifer,0,ahn4_height_cv,276,True,0,0,source_ridge,0,0,0.0773982474176956,0.0614638538552222,0.1095328319962261,0.0322772973561694,0.5552762491745543,0.3212121212121211,0.0703467467528687,176,10
schoorlse_duinen,conifer,0,ahn4_entropy,276,True,0,0,source_ridge,0,0,0.3145402906117828,0.2540916653035618,-0.2243972613841016,0.2212646891335303,0.6420206911732337,0.9030303030303028,0.2235565515944163,176,10
schoorlse_duinen,conifer,0,ahn4_pulse_penetration,276,True,0,0,source_ridge,0,0,0.0602143795728188,0.0522294846378266,-1.540814463333139,-0.0486062782119099,0.5130464450803434,0.5272727272727272,0.0355415422530581,176,10
schoorlse_duinen,conifer,0,ahn4_sigma_z,276,True,0,0,source_ridge,0,0,0.7627303382718087,0.6131306112776047,0.114820905673602,-0.2724428019370674,0.4628923618754127,0.5757575757575757,0.7124131445958221,176,10
schoorlse_duinen,conifer,1,ahn4_p95_height_m,316,True,0,0,source_ridge,0,0,2.144636092256353,1.5847668469853369,-0.0384396208605883,0.0081301759797609,0.2852564384767774,0.4545454545454545,2.1446206817167317,176,10
schoorlse_duinen,conifer,1,ahn4_height_sd_m,316,True,0,0,source_ridge,0,0,0.8034594404928415,0.6021233506978437,0.3707750435227136,-0.0550929136726454,0.5946665199207573,0.7575757575757575,0.8015683647575722,176,10
schoorlse_duinen,conifer,1,ahn4_height_cv,316,True,0,0,source_ridge,0,0,0.0538289877869511,0.0445617148460955,0.4850689236325287,0.0126855748890974,0.6854677525863967,0.8181818181818182,0.0523128675939374,176,10
schoorlse_duinen,conifer,1,ahn4_entropy,316,True,0,0,source_ridge,0,0,0.2761182765982637,0.2236829605810198,0.2780677745329646,0.113596575673079,0.621915034118424,0.709090909090909,0.2516686723987428,176,10
schoorlse_duinen,conifer,1,ahn4_pulse_penetration,316,True,0,0,source_ridge,0,0,0.0539018947447108,0.0458597439295528,-0.4899515713941131,-0.0372098836719135,0.6604820603125688,0.7818181818181817,0.0389979334605379,176,10
schoorlse_duinen,conifer,1,ahn4_sigma_z,316,True,0,0,source_ridge,0,0,0.7665297424099259,0.5839457447079343,0.3013166794961176,-0.2618356156964431,0.5745740699977988,0.6363636363636362,0.7204234562754686,176,10
schoorlse_duinen,conifer,2,ahn4_p95_height_m,277,True,0,0,source_ridge,0,0,2.144499563568393,1.7116304839380554,-0.31344374517176,0.3908202972302897,0.4785311240483654,0.5030303030303029,2.1085867004744805,175,10
schoorlse_duinen,conifer,2,ahn4_height_sd_m,277,True,0,0,source_ridge,0,0,0.7767667847234708,0.6327473427604134,0.1764886860327634,0.2210949875202294,0.6477205553067623,0.6969696969696969,0.7446365854180604,175,10
schoorlse_duinen,conifer,2,ahn4_height_cv,277,True,0,0,source_ridge,0,0,0.076030480090776,0.0651133066304964,-0.3844573099919623,0.044965510309526,0.4862516793551276,0.4303030303030302,0.0613085376227308,175,10
schoorlse_duinen,conifer,2,ahn4_entropy,277,True,0,0,source_ridge,0,0,0.3394089899192151,0.2974457884194711,-0.7381681993318883,0.2707896819006732,0.6622100313479624,0.6606060606060605,0.2046250488432782,175,10
schoorlse_duinen,conifer,2,ahn4_pulse_penetration,277,True,0,0,source_ridge,0,0,0.0543000938370194,0.0455253185700806,-0.7606406024390562,-0.0429090919587864,0.5713949843260189,0.8303030303030302,0.0332762680897591,175,10
schoorlse_duinen,conifer,2,ahn4_sigma_z,277,True,0,0,source_ridge,0,0,0.7150111593435539,0.5593777611859841,0.2673904947326748,-0.030927394201436,0.6385938199731305,0.7212121212121211,0.7143419729189389,175,10
schoorlse_duinen,conifer,3,ahn4_p95_height_m,209,True,0,0,source_ridge,0,0,2.7887110833686126,2.1620917469778704,-0.5842306551463343,0.0403465175028689,0.1435736677115987,0.5878787878787878,2.7884192053972683,175,10
schoorlse_duinen,conifer,3,ahn4_height_sd_m,209,True,0,0,source_ridge,0,0,0.8967356096985161,0.7751988919969477,0.3114085967018312,-0.0719658429505363,0.4768226600985222,0.7333333333333332,0.8938432027765205,175,10
schoorlse_duinen,conifer,3,ahn4_height_cv,209,True,0,0,source_ridge,0,0,0.0649555155331224,0.0487499258261955,0.4596859553364042,0.0114174971037273,0.7041424093148232,0.5393939393939393,0.0639441925280168,175,10
schoorlse_duinen,conifer,3,ahn4_entropy,209,True,0,0,source_ridge,0,0,0.2935635795381083,0.2484372082751983,0.2693126842152396,0.1059453566634422,0.561755485893417,0.8181818181818182,0.2737793940980279,175,10
schoorlse_duinen,conifer,3,ahn4_pulse_penetration,209,True,0,0,source_ridge,0,0,0.0523886157332888,0.0445391952780507,0.0242121361285034,-0.0352818593604919,0.5550604567845947,0.6727272727272726,0.0387267021384039,175,10
schoorlse_duinen,conifer,3,ahn4_sigma_z,209,True,0,0,source_ridge,0,0,0.8747133947081687,0.6968845227107672,0.3384653378248329,-0.3160050074185433,0.5201141961486789,0.8666666666666665,0.8156373938021081,175,10
schoorlse_duinen,conifer,4,ahn4_p95_height_m,196,False,0,0,source_ridge,0,0,2.1378797803549503,1.6765838664241275,-0.2836381701666051,0.0461045491670454,0.2104567845947156,0.3575757575757575,2.137382587604904,175,10
schoorlse_duinen,conifer,4,ahn4_height_sd_m,196,False,0,0,source_ridge,0,0,0.8862431975271459,0.7179568173650055,0.2111215547546359,-0.022467684001202,0.4789476041200179,0.6727272727272726,0.88595835587163,175,10
schoorlse_duinen,conifer,4,ahn4_height_cv,196,False,0,0,source_ridge,0,0,0.0812164768333781,0.0687618430682751,0.2775587441076724,0.0203763658613007,0.4945969547693686,0.4909090909090908,0.0786188261392465,175,10
schoorlse_duinen,conifer,4,ahn4_entropy,196,False,0,0,source_ridge,0,0,0.356698374213913,0.2882528165081815,-0.3857022048982967,0.2258222222531049,0.5414173757277206,0.3212121212121211,0.2761123939694087,175,10
schoorlse_duinen,conifer,4,ahn4_pulse_penetration,196,False,0,0,source_ridge,0,0,0.064617159405572,0.0565541186205731,-1.5728082618381931,-0.0523873342751259,0.4190013434841021,0.7939393939393938,0.0378278270218012,175,10
schoorlse_duinen,conifer,4,ahn4_sigma_z,196,False,0,0,source_ridge,0,0,0.8170423032366033,0.6655496422590669,0.1576483249974956,-0.2823668196112691,0.5256090461262876,0.6727272727272726,0.7666988355676502,175,10
drents_friese_wold_and_leggelderveld,conifer,0,ahn4_p95_height_m,1397,True,0,0,source_ridge,0,0,3.4209229202579245,2.65541522928432,0.0508515550687136,-0.5376988565500305,0.5724320364320364,0.5962481962481964,3.378401036882803,1000,55
drents_friese_wold_and_leggelderveld,conifer,0,ahn4_height_sd_m,1397,True,0,0,source_ridge,0,0,1.1814369637731137,0.8961462962541858,0.0341319447845556,-0.0940064664569229,0.6425867705867706,0.6107503607503608,1.1776909966683609,1000,55
drents_friese_wold_and_leggelderveld,conifer,0,ahn4_height_cv,1397,True,0,0,source_ridge,0,0,0.0873861714159235,0.0682566518868694,0.1109604332027546,-0.0020119003176749,0.521964533964534,0.5595238095238096,0.0873630082577569,1000,55
drents_friese_wold_and_leggelderveld,conifer,0,ahn4_entropy,1397,True,0,0,source_ridge,0,0,0.230977382611685,0.1805279644965789,0.4102480951298409,-0.0260765525882831,0.7825041648516774,0.8112554112554113,0.22950068558341,1000,55
drents_friese_wold_and_leggelderveld,conifer,0,ahn4_pulse_penetration,1397,True,0,0,source_ridge,0,0,0.0477960465754213,0.0358900327718187,0.6150003463829615,0.0021559657308009,0.7188873468873469,0.6535353535353537,0.0477473965783209,1000,55
drents_friese_wold_and_leggelderveld,conifer,0,ahn4_sigma_z,1397,True,0,0,source_ridge,0,0,1.0790112420509756,0.8484453218050625,-0.0893339133375639,-0.2804252300272526,0.6134652134652134,0.6111111111111113,1.0419342353702328,1000,55
drents_friese_wold_and_leggelderveld,conifer,1,ahn4_p95_height_m,1289,True,0,0,source_ridge,0,0,3.457012648270338,2.714069297556021,-0.0864781834479706,-0.734249577953432,0.4764808164808166,0.6512987012987015,3.378137653734125,1000,55
drents_friese_wold_and_leggelderveld,conifer,1,ahn4_height_sd_m,1289,True,0,0,source_ridge,0,0,1.1710267424662246,0.9243442831869648,-0.0158972666299419,-0.1169835117284244,0.4212232812232813,0.6230158730158731,1.1651688673985172,1000,55
drents_friese_wold_and_leggelderveld,conifer,1,ahn4_height_cv,1289,True,0,0,source_ridge,0,0,0.0943188417721901,0.0725185735813444,0.2237323508700776,0.001674582909639,0.4791346551346552,0.6339105339105341,0.0943039749179544,1000,55
drents_friese_wold_and_leggelderveld,conifer,1,ahn4_entropy,1289,True,0,0,source_ridge,0,0,0.2453306218313322,0.1908794741713468,0.3527245545856077,-0.017763655686981,0.7028043308043308,0.7817460317460319,0.2446866701411879,1000,55
drents_friese_wold_and_leggelderveld,conifer,1,ahn4_pulse_penetration,1289,True,0,0,source_ridge,0,0,0.0454644619908018,0.0353214509379149,0.5673798208377362,-0.0030612965921798,0.7228772188772189,0.773737373737374,0.0453612804855393,1000,55
drents_friese_wold_and_leggelderveld,conifer,1,ahn4_sigma_z,1289,True,0,0,source_ridge,0,0,1.143462276064717,0.9076618119591332,-0.2225055863578298,-0.3298798612598741,0.3668962148962149,0.6062049062049063,1.0948448538118398,1000,55
drents_friese_wold_and_leggelderveld,conifer,2,ahn4_p95_height_m,1398,True,0,0,source_ridge,0,0,3.076474281140181,2.3601478371039275,0.0172250788322065,-0.3117396475265119,0.5256221376221376,0.5464646464646465,3.060639213412296,1000,55
drents_friese_wold_and_leggelderveld,conifer,2,ahn4_height_sd_m,1398,True,0,0,source_ridge,0,0,1.1727879437368822,0.895409586909143,-0.1472026646490405,0.009316728924017,0.4873115233115234,0.5603174603174604,1.172750936702564,1000,55
drents_friese_wold_and_leggelderveld,conifer,2,ahn4_height_cv,1398,True,0,0,source_ridge,0,0,0.0819215897725825,0.0633469548894277,0.1049660302052635,0.0062094557335243,0.5137115617115617,0.524819624819625,0.0816859200251836,1000,55
drents_friese_wold_and_leggelderveld,conifer,2,ahn4_entropy,1398,True,0,0,source_ridge,0,0,0.2288932205474723,0.1809438975875527,0.20546035569453,-0.0065924008025906,0.7235857355857357,0.7756854256854258,0.2287982663051707,1000,55
drents_friese_wold_and_leggelderveld,conifer,2,ahn4_pulse_penetration,1398,True,0,0,source_ridge,0,0,0.0505128373015559,0.0379082720469339,0.4881478275171318,-0.0056053438037581,0.6098855258855259,0.6265512265512266,0.050200865063215,1000,55
drents_friese_wold_and_leggelderveld,conifer,2,ahn4_sigma_z,1398,True,0,0,source_ridge,0,0,1.1387844999789605,0.8740911760064934,-0.3336525335502884,-0.2617427365549128,0.4556159996159996,0.4455988455988457,1.1082963851123382,1000,55
drents_friese_wold_and_leggelderveld,conifer,3,ahn4_p95_height_m,1115,True,0,0,source_ridge,0,0,3.0676271290544608,2.366119329437748,0.1742678212827686,-1.1311764131159563,0.605007605007605,0.8062049062049064,2.851451582145668,1000,55
drents_friese_wold_and_leggelderveld,conifer,3,ahn4_height_sd_m,1115,True,0,0,source_ridge,0,0,1.0472835779255587,0.7922222597059452,0.2001668383001684,-0.1853497210608022,0.6206323646323647,0.7882395382395384,1.0307513635670065,1000,55
drents_friese_wold_and_leggelderveld,conifer,3,ahn4_height_cv,1115,True,0,0,source_ridge,0,0,0.0869909610966606,0.0674395144886227,0.0536444426032651,0.0106594055329524,0.4459491139491139,0.49992784992785,0.0863354179129561,1000,55
drents_friese_wold_and_leggelderveld,conifer,3,ahn4_entropy,1115,True,0,0,source_ridge,0,0,0.2195302303985314,0.1666717596726996,0.4855366632602154,-0.0253380569554525,0.7673735476756683,0.8886002886002887,0.2180630755734554,1000,55
drents_friese_wold_and_leggelderveld,conifer,3,ahn4_pulse_penetration,1115,True,0,0,source_ridge,0,0,0.0488898498757217,0.0379289979899887,0.4930887963067457,-0.005025038529811,0.710028734028734,0.6976190476190478,0.0486309202940323,1000,55
drents_friese_wold_and_leggelderveld,conifer,3,ahn4_sigma_z,1115,True,0,0,source_ridge,0,0,1.022775056543835,0.7869845258181452,0.0923300393941589,-0.3678280679582257,0.5918303318303318,0.7615440115440117,0.9543434018792,1000,55
drents_friese_wold_and_leggelderveld,conifer,4,ahn4_p95_height_m,1742,True,0,0,source_ridge,0,0,3.410259573034529,2.599794799245573,0.0062668751111982,-0.7782517885982247,0.5723461465054983,0.670745044429255,3.3202702463831635,998,56
drents_friese_wold_and_leggelderveld,conifer,4,ahn4_height_sd_m,1742,True,0,0,source_ridge,0,0,1.1764734609614216,0.911740750304852,-0.1190910309452277,-0.0490234746723308,0.5226476338148025,0.5928913192071087,1.175451616731883,998,56
drents_friese_wold_and_leggelderveld,conifer,4,ahn4_height_cv,1742,True,0,0,source_ridge,0,0,0.0899675865305659,0.0669143731008699,0.1770663557998639,0.0057784158351448,0.4949463748084057,0.5198222829801776,0.089781827429447,998,56
drents_friese_wold_and_leggelderveld,conifer,4,ahn4_entropy,1742,True,0,0,source_ridge,0,0,0.241008333280659,0.1908988430870965,0.3684496694112007,-0.0125686227254372,0.7173214082177444,0.7767600820232399,0.2406803823195959,998,56
drents_friese_wold_and_leggelderveld,conifer,4,ahn4_pulse_penetration,1742,True,0,0,source_ridge,0,0,0.0502707834952747,0.0377243691111064,0.530988109534263,-0.0031010487457065,0.7281902095340406,0.7260423786739576,0.050175045290518,998,56
drents_friese_wold_and_leggelderveld,conifer,4,ahn4_sigma_z,1742,True,0,0,source_ridge,0,0,1.1328985027110456,0.8822468108316279,-0.2664466514358168,-0.2648265719422575,0.4676598838503389,0.5604921394395079,1.1015107372323891,998,56
brabantse_wal,conifer,0,ahn4_p95_height_m,1389,True,0,0,source_ridge,0,0,2.4766794470228266,2.009186707154981,0.2324753161537742,-0.1125466985527741,0.3608137448137448,0.5271493212669683,2.4741209194277807,1000,51
brabantse_wal,conifer,0,ahn4_height_sd_m,1389,True,0,0,source_ridge,0,0,1.2615518113021469,1.0429400145965095,-0.0028777577016896,-0.6030989916639818,0.369066549066549,0.661447963800905,1.108054411504063,1000,51
brabantse_wal,conifer,0,ahn4_height_cv,1389,True,0,0,source_ridge,0,0,0.1404430033810267,0.1126888724093698,-0.2277617998127727,-0.0930069115003994,0.4053572733572734,0.5365610859728507,0.1052328447388928,1000,51
brabantse_wal,conifer,0,ahn4_entropy,1389,True,0,0,source_ridge,0,0,0.2692773179785524,0.2261757347014335,0.1432159584250183,-0.1336727736771151,0.5314859194859195,0.53710407239819,0.233755991485115,1000,51
brabantse_wal,conifer,0,ahn4_pulse_penetration,1389,True,0,0,source_ridge,0,0,0.1008862230593423,0.082402828487951,-0.3512331860970077,0.0810192050135583,0.7838794478794479,0.8060633484162896,0.0601158749595344,1000,51
brabantse_wal,conifer,0,ahn4_sigma_z,1389,True,0,0,source_ridge,0,0,1.1984029718182596,0.9616455224206664,-0.025920453607156,-0.5498298263106894,0.2911575751575752,0.5799095022624434,1.0648271432312353,1000,51
brabantse_wal,conifer,1,ahn4_p95_height_m,1324,True,0,0,source_ridge,0,0,2.0840682552535736,1.6662416301246226,0.2572544231259862,-0.0839194027267294,0.4874754072709983,0.5265943823102536,2.082377973952295,999,52
brabantse_wal,conifer,1,ahn4_height_sd_m,1324,True,0,0,source_ridge,0,0,1.2234023705470567,0.962841127079506,-0.0189105878980624,-0.5839209588909127,0.4515148495188575,0.4544523179373346,1.0750579863561198,999,52
brabantse_wal,conifer,1,ahn4_height_cv,1324,True,0,0,source_ridge,0,0,0.1310334750724412,0.1028575964422005,-0.4941038589397644,-0.0841109668692074,0.3579620983709159,0.3152053274139844,0.1004744586543622,999,52
brabantse_wal,conifer,1,ahn4_entropy,1324,True,0,0,source_ridge,0,0,0.274545542704837,0.2353408833955454,-0.1171491659029508,-0.1893773228104573,0.6366682674658626,0.6077008452147187,0.1987749597515677,999,52
brabantse_wal,conifer,1,ahn4_pulse_penetration,1324,True,0,0,source_ridge,0,0,0.0872478775655323,0.0764061350788677,-0.3603483825768869,0.0752204958556616,0.7844734995516557,0.8044907367881841,0.0442048542913389,999,52
brabantse_wal,conifer,1,ahn4_sigma_z,1324,True,0,0,source_ridge,0,0,1.0856732477094415,0.8411512202551914,0.00551029850246,-0.3654753882499741,0.4077390817671377,0.4531716895756851,1.0223082418603,999,52
brabantse_wal,conifer,2,ahn4_p95_height_m,1510,True,0,0,source_ridge,0,0,2.335528744920468,1.8214362930135013,0.0187677807098378,0.0058405394506807,0.4396550469429876,0.3667719627764023,2.33552144208712,997,52
brabantse_wal,conifer,2,ahn4_height_sd_m,1510,True,0,0,source_ridge,0,0,1.2550253261466255,1.0158416532360792,-0.2165193415417325,-0.6596526643440673,0.4381614796341121,0.3387688892683342,1.0676829734023192,997,52
brabantse_wal,conifer,2,ahn4_height_cv,1510,True,0,0,source_ridge,0,0,0.1418084209113669,0.1121963341489702,-0.4875196750336543,-0.1024800800643492,0.4719387173762638,0.4574404507811833,0.0980176587732026,997,52
brabantse_wal,conifer,2,ahn4_entropy,1510,True,0,0,source_ridge,0,0,0.2807299607536516,0.2350365257009072,-0.1719568356899452,-0.1825186729347587,0.6512590745653675,0.5412789208571672,0.2132984877932362,997,52
brabantse_wal,conifer,2,ahn4_pulse_penetration,1510,True,0,0,source_ridge,0,0,0.1049874219438384,0.0866354968803931,-0.4318946605040272,0.0860390809653047,0.7870000493306949,0.7700845214718689,0.0601634050986088,997,52
brabantse_wal,conifer,2,ahn4_sigma_z,1510,True,0,0,source_ridge,0,0,1.1928744736374262,0.9382992870417431,-0.1586166167442824,-0.5766355801612032,0.3733427144799685,0.3225475966874413,1.044241790749594,997,52
brabantse_wal,conifer,3,ahn4_p95_height_m,1352,True,0,0,source_ridge,0,0,2.459225744364586,1.875757018203964,-0.0773602927779271,0.5412214066790029,0.3699414324143782,0.3303167420814479,2.398931147552583,999,52
brabantse_wal,conifer,3,ahn4_height_sd_m,1352,True,0,0,source_ridge,0,0,1.1049187638285214,0.8734576572046466,0.0831628052019192,-0.4227755798995251,0.4579065277702551,0.5155809784000682,1.0208360709246946,999,52
brabantse_wal,conifer,3,ahn4_height_cv,1352,True,0,0,source_ridge,0,0,0.1202472263075866,0.0959693605053205,-0.4114507474248607,-0.0827840694973179,0.4577678119000764,0.6011269529582515,0.0872134924890133,999,52
brabantse_wal,conifer,3,ahn4_entropy,1352,True,0,0,source_ridge,0,0,0.2535950297991581,0.2071894471153245,0.162713773643541,-0.13566275267995,0.5998342390486678,0.6228122598821821,0.2142569874569663,999,52
brabantse_wal,conifer,3,ahn4_pulse_penetration,1352,True,0,0,source_ridge,0,0,0.08600436763271,0.0736028287597782,-0.5525008223122763,0.0717817448831741,0.743536839444655,0.6532058396653292,0.0473722741002501,999,52
brabantse_wal,conifer,3,ahn4_sigma_z,1352,True,0,0,source_ridge,0,0,1.0579438332642666,0.8170828645169913,0.0228509091508347,-0.2647496314018889,0.3412990134662689,0.4167164688807308,1.024281595565621,999,52
brabantse_wal,conifer,4,ahn4_p95_height_m,1058,True,0,0,source_ridge,0,0,2.512193494217884,1.9456488655380768,-0.1148200142330881,0.2199715509472758,0.3640207001573666,0.1505165201058652,2.5025444389989384,998,52
brabantse_wal,conifer,4,ahn4_height_sd_m,1058,True,0,0,source_ridge,0,0,1.2433548647109085,1.0004139162123933,-0.1604891569796713,-0.5816665860910837,0.4048861395188954,0.2423802612481857,1.0989064119502738,998,52
brabantse_wal,conifer,4,ahn4_height_cv,1058,True,0,0,source_ridge,0,0,0.1356229657581221,0.106944697052415,-0.6761991004144305,-0.0959185568329091,0.4313376135556102,0.2761888499957312,0.0958812770884949,998,52
brabantse_wal,conifer,4,ahn4_entropy,1058,True,0,0,source_ridge,0,0,0.2649102992044633,0.2242738079037197,0.0087054098899114,-0.1624700199734522,0.6188267028362465,0.5031161956800136,0.2092390002710399,998,52
brabantse_wal,conifer,4,ahn4_pulse_penetration,1058,True,0,0,source_ridge,0,0,0.0935139781617024,0.0810156759961603,-0.4797567918040801,0.0797885738876218,0.7181913744507337,0.6118842311961069,0.0487713808355563,998,52
brabantse_wal,conifer,4,ahn4_sigma_z,1058,True,0,0,source_ridge,0,0,1.1379112412623416,0.9103558151122249,-0.1770877524746723,-0.4671428833590404,0.3828100778531227,0.3283531119269188,1.0376027754002033,998,52
maasduinen,conifer,0,ahn4_p95_height_m,917,True,0,0,source_ridge,0,0,2.38129189013243,1.953180405700306,0.1528118917495051,0.8208881303938725,0.4683681347971433,0.3263106717445911,2.235328553790009,644,42
maasduinen,conifer,0,ahn4_height_sd_m,917,True,0,0,source_ridge,0,0,1.0551251284107388,0.8533293074613533,-0.2602818460462976,0.5478257160581157,0.4479189322943402,0.1952029819301515,0.9017627301176242,644,42
maasduinen,conifer,0,ahn4_height_cv,917,True,0,0,source_ridge,0,0,0.0847595820877112,0.0669606262270282,-0.216217184832735,0.0405401950931019,0.4462797953673479,0.2697512357183372,0.0744357396517069,644,42
maasduinen,conifer,0,ahn4_entropy,917,True,0,0,source_ridge,0,0,0.1857250612983424,0.1486234783789188,0.3472827459391842,0.0542034022915797,0.6026125190919264,0.4799448991167653,0.1776394932842644,644,42
maasduinen,conifer,0,ahn4_pulse_penetration,917,True,0,0,source_ridge,0,0,0.0535105566714311,0.0467535657494506,0.2931085714009019,-0.0424081451030556,0.857518731372806,0.851713799530022,0.0326332484470151,644,42
maasduinen,conifer,0,ahn4_sigma_z,917,True,0,0,source_ridge,0,0,1.1164673270094156,0.9517736300975748,-0.577767768611765,0.6959061036262055,0.4082838349145646,0.1896928936066769,0.873048674024159,644,42
maasduinen,conifer,1,ahn4_p95_height_m,1128,True,0,0,source_ridge,0,0,2.387343298734933,1.98021308246318,0.0720408566078253,1.082303431775362,0.5135757495974944,0.507399577167019,2.127916189040787,644,43
maasduinen,conifer,1,ahn4_height_sd_m,1128,True,0,0,source_ridge,0,0,1.101559281478369,0.9204119398675608,-0.1396330759083683,0.615860828388957,0.4371100546356511,0.4601328903654484,0.9133171906118968,644,43
maasduinen,conifer,1,ahn4_height_cv,1128,True,0,0,source_ridge,0,0,0.0805000790977382,0.0659894309315187,-0.091187224029144,0.0415428887206749,0.3568512468524577,0.3562367864693446,0.0689525281007427,644,43
maasduinen,conifer,1,ahn4_entropy,1128,True,0,0,source_ridge,0,0,0.1975950575783337,0.1525530410978859,0.1914169070993715,0.084424978038235,0.6638446596183885,0.5462096043491392,0.1786511401100719,644,43
maasduinen,conifer,1,ahn4_pulse_penetration,1128,True,0,0,source_ridge,0,0,0.0649637886453764,0.0573216923587635,-0.9143100455525466,-0.0559236813330195,0.7877569505394714,0.7639685895499849,0.0330580656016654,644,43
maasduinen,conifer,1,ahn4_sigma_z,1128,True,0,0,source_ridge,0,0,1.0591651665609,0.8939292277180628,-0.7381831048861951,0.7334886242157177,0.3889720495771191,0.419057686499547,0.7640846080128255,644,43
maasduinen,conifer,2,ahn4_p95_height_m,890,True,0,0,source_ridge,0,0,2.222978587603448,1.7370762534831483,0.4522027461028987,0.5176656979941233,0.5433883808316723,0.6659619450317125,2.161864016552307,644,43
maasduinen,conifer,2,ahn4_height_sd_m,890,True,0,0,source_ridge,0,0,0.9146420158477092,0.7414327692699821,0.2409438484120255,0.4091070161244529,0.5496317748959956,0.5522500755058894,0.818047349798108,644,43
maasduinen,conifer,2,ahn4_height_cv,890,True,0,0,source_ridge,0,0,0.0871411871705371,0.0684984071283087,-0.0582370258400573,0.0323334496899146,0.42586936640751,0.2568710359408034,0.0809205445646551,644,43
maasduinen,conifer,2,ahn4_entropy,890,True,0,0,source_ridge,0,0,0.1776057657258225,0.139472400371171,0.5983139279021205,0.0304988261936373,0.7499474894804864,0.7973421926910299,0.1749675101836511,644,43
maasduinen,conifer,2,ahn4_pulse_penetration,890,True,0,0,source_ridge,0,0,0.0634142906989086,0.0548832241548064,0.1006068025272093,-0.0520301797109046,0.7099563314657186,0.7923588039867109,0.0362523470150093,644,43
maasduinen,conifer,2,ahn4_sigma_z,890,True,0,0,source_ridge,0,0,0.9426288006139,0.7751334835907268,-0.2354962511666134,0.6284644145519838,0.5034847890222801,0.5344306855934763,0.7025535818630716,644,43
maasduinen,conifer,3,ahn4_p95_height_m,1131,True,0,0,source_ridge,0,0,2.3742911926414965,1.93825601967128,-0.1461252728841582,0.9986188234856268,0.2912418294193247,0.3298097251585624,2.1540703593047192,644,43
maasduinen,conifer,3,ahn4_height_sd_m,1131,True,0,0,source_ridge,0,0,0.99589484728684,0.8170258273701091,-0.4319185541952632,0.5530792191194321,0.2849184621145869,0.2382965871337964,0.8281967907633534,644,43
maasduinen,conifer,3,ahn4_height_cv,1131,True,0,0,source_ridge,0,0,0.0772851160579733,0.063841947552337,-0.1208301367353188,0.0389653582445687,0.418554151206484,0.5442464512231955,0.0667434642565609,644,43
maasduinen,conifer,3,ahn4_entropy,1131,True,0,0,source_ridge,0,0,0.2058318327965513,0.1636809640351562,0.2973285480076795,0.0717490229458705,0.5372055957006746,0.5527031108426458,0.1929218004754787,644,43
maasduinen,conifer,3,ahn4_pulse_penetration,1131,True,0,0,source_ridge,0,0,0.0578877102245568,0.0488371032655555,0.1413799271293395,-0.0462478525934995,0.8193232421780668,0.825128360012081,0.0348155586704018,644,43
maasduinen,conifer,3,ahn4_sigma_z,1131,True,0,0,source_ridge,0,0,1.0654297614916433,0.8872898266844497,-1.1136752885077876,0.7266307510513652,0.1558460551065048,0.1424041075203866,0.7791972332462869,644,43
maasduinen,conifer,4,ahn4_p95_height_m,796,True,0,0,source_ridge,0,0,2.1006223684287404,1.7178424729803516,0.0281386910304696,0.7216560882102184,0.2959726958777165,0.4820295983086681,1.972771356516588,644,43
maasduinen,conifer,4,ahn4_height_sd_m,796,True,0,0,source_ridge,0,0,0.9222946095987724,0.7443380400242321,-0.3039967358008353,0.4812570428223834,0.199459845901673,0.2780126849894291,0.7867776087490076,644,43
maasduinen,conifer,4,ahn4_height_cv,796,True,0,0,source_ridge,0,0,0.0810086566708659,0.0667031286230718,-0.0178370925507667,0.0324770580367763,0.3360162857866211,0.4095439444276653,0.0742134971342416,644,43
maasduinen,conifer,4,ahn4_entropy,796,True,0,0,source_ridge,0,0,0.1914163988367185,0.1467034426000529,0.2357308349318827,0.0632994302724287,0.6132307189796494,0.5031712473572939,0.1806472249186342,644,43
maasduinen,conifer,4,ahn4_pulse_penetration,796,True,0,0,source_ridge,0,0,0.058289424622519,0.0498200785483833,0.0244808460852389,-0.0466018488308907,0.7662549317767606,0.7653276955602537,0.0350132076275101,644,43
maasduinen,conifer,4,ahn4_sigma_z,796,True,0,0,source_ridge,0,0,0.9613091498457368,0.8025588771708241,-0.8554647469435133,0.6582275209170152,0.174035833852448,0.2894895801872546,0.7006081731499949,644,43
vecht_en_beneden_reggegebied,conifer,0,ahn4_p95_height_m,795,True,0,0,source_ridge,0,0,2.731798203503971,2.2486958868314835,0.3079785576746217,0.0388914889444716,0.589274971475988,0.7463343108504398,2.7315213483982155,621,32
vecht_en_beneden_reggegebied,conifer,0,ahn4_height_sd_m,795,True,0,0,source_ridge,0,0,1.13128898823866,0.9295169919234212,0.3039002451305279,-0.017240132420002,0.6415060578136752,0.5916422287390029,1.1311576162251624,621,32
vecht_en_beneden_reggegebied,conifer,0,ahn4_height_cv,795,True,0,0,source_ridge,0,0,0.0862727591743795,0.0683869885370589,0.2982013389833885,0.0051242684960911,0.6378878551596517,0.5362903225806451,0.0861204438443071,621,32
vecht_en_beneden_reggegebied,conifer,0,ahn4_entropy,795,True,0,0,source_ridge,0,0,0.1985816794210877,0.1615743672269614,0.6469306230378529,-0.0082969731400037,0.8480935136622125,0.8097507331378297,0.1984082751258467,621,32
vecht_en_beneden_reggegebied,conifer,0,ahn4_pulse_penetration,795,True,0,0,source_ridge,0,0,0.0415560380110378,0.0309812824290831,0.7287479512849222,0.0010655799358734,0.8503380540134802,0.8610703812316713,0.0415423739641235,621,32
vecht_en_beneden_reggegebied,conifer,0,ahn4_sigma_z,795,True,0,0,source_ridge,0,0,1.036920015253478,0.843130170572535,0.2415904129969011,0.0167592523950188,0.5501732486106289,0.629765395894428,1.0367845704351668,621,32
vecht_en_beneden_reggegebied,conifer,1,ahn4_p95_height_m,694,True,0,0,source_ridge,0,0,2.469403709168841,2.02556702495717,0.46459181158005,0.2246344710506769,0.6431567199706554,0.7107771260997067,2.459165312310788,620,32
vecht_en_beneden_reggegebied,conifer,1,ahn4_height_sd_m,694,True,0,0,source_ridge,0,0,1.0753036963286833,0.8595176216670807,0.4565878284486672,0.176249946150594,0.6651174195763827,0.7162756598240468,1.0607610455800318,620,32
vecht_en_beneden_reggegebied,conifer,1,ahn4_height_cv,694,True,0,0,source_ridge,0,0,0.0908329849933657,0.0738906149583905,0.3435378229011572,0.0221389275254612,0.6548636585523661,0.6711876832844574,0.0880936947279847,620,32
vecht_en_beneden_reggegebied,conifer,1,ahn4_entropy,694,True,0,0,source_ridge,0,0,0.1944836789640287,0.1521766669298008,0.6733307618325011,0.0132235554059177,0.8318353686429145,0.8760997067448679,0.1940336026718311,620,32
vecht_en_beneden_reggegebied,conifer,1,ahn4_pulse_penetration,694,True,0,0,source_ridge,0,0,0.0363493745363258,0.0256369394431034,0.7626790508255643,-0.0010051346723917,0.8617675233118409,0.9255865102639296,0.0363354748623497,620,32
vecht_en_beneden_reggegebied,conifer,1,ahn4_sigma_z,694,True,0,0,source_ridge,0,0,1.0765976067617828,0.8793086075196279,0.2890269349218881,0.2265075741067192,0.5347341459466386,0.593475073313783,1.052500226013034,620,32
vecht_en_beneden_reggegebied,conifer,2,ahn4_p95_height_m,1239,True,0,0,source_ridge,0,0,2.361039962010647,1.9319431090992585,0.4519336581704427,0.8462027356217745,0.5060420334415625,0.6836510263929618,2.204189336794247,620,32
vecht_en_beneden_reggegebied,conifer,2,ahn4_height_sd_m,1239,True,0,0,source_ridge,0,0,0.9831308750345102,0.7803798009137897,0.396298524353031,0.2288777751301745,0.5579768300226351,0.5901759530791789,0.9561178177910832,620,32
vecht_en_beneden_reggegebied,conifer,2,ahn4_height_cv,1239,True,0,0,source_ridge,0,0,0.0854515058140548,0.067294736635501,0.2325979321301674,0.0120865261833794,0.5889513491903448,0.4281524926686216,0.0845924094154312,620,32
vecht_en_beneden_reggegebied,conifer,2,ahn4_entropy,1239,True,0,0,source_ridge,0,0,0.1950634912953395,0.1539264643521711,0.6571484659404363,0.0503092588071477,0.7740388200466097,0.7547653958944281,0.1884641719653962,620,32
vecht_en_beneden_reggegebied,conifer,2,ahn4_pulse_penetration,1239,True,0,0,source_ridge,0,0,0.0411184784630008,0.030468982068835,0.6869702722221573,0.0132406935690461,0.8461019963379783,0.812683284457478,0.0389283098133336,620,32
vecht_en_beneden_reggegebied,conifer,2,ahn4_sigma_z,1239,True,0,0,source_ridge,0,0,0.9984844110954604,0.7971794940258042,0.0134691532058043,0.3033702972585326,0.3631044154473564,0.4750733137829911,0.9512820727533542,620,32
vecht_en_beneden_reggegebied,conifer,3,ahn4_p95_height_m,844,True,0,0,source_ridge,0,0,2.4303025776573683,1.9019877546813635,0.4779113650524391,-0.2688209968598273,0.6506846307072165,0.845307917888563,2.4153893869551006,619,32
vecht_en_beneden_reggegebied,conifer,3,ahn4_height_sd_m,844,True,0,0,source_ridge,0,0,0.9890010815336712,0.780597646831083,0.4914654366454686,-0.0822208332726395,0.6924033641846791,0.8266129032258064,0.9855774316869904,619,32
vecht_en_beneden_reggegebied,conifer,3,ahn4_height_cv,844,True,0,0,source_ridge,0,0,0.0818524636792132,0.0657810699687606,0.3770007762818722,0.0106620414991151,0.6838132890657928,0.6660557184750733,0.0811550779768466,619,32
vecht_en_beneden_reggegebied,conifer,3,ahn4_entropy,844,True,0,0,source_ridge,0,0,0.1981183900042062,0.1581601859988429,0.6760795864989328,-0.0397841857891679,0.8216600631328528,0.7818914956011729,0.1940827530177571,619,32
vecht_en_beneden_reggegebied,conifer,3,ahn4_pulse_penetration,844,True,0,0,source_ridge,0,0,0.0494874542392098,0.0357002081602115,0.6440216857138963,0.0192518100714502,0.8425085771733098,0.847873900293255,0.0455892085481937,619,32
vecht_en_beneden_reggegebied,conifer,3,ahn4_sigma_z,844,True,0,0,source_ridge,0,0,0.9518784313097456,0.7520913832159557,0.3618760156650452,-0.0114005976340165,0.5836098958393943,0.7170087976539589,0.9518101566837208,619,32
vecht_en_beneden_reggegebied,conifer,4,ahn4_p95_height_m,883,True,0,0,source_ridge,0,0,2.574728391873723,2.032569277057944,0.4857651719538984,-0.6559852938785946,0.7198062597759434,0.6125366568914955,2.489760949596499,620,32
vecht_en_beneden_reggegebied,conifer,4,ahn4_height_sd_m,883,True,0,0,source_ridge,0,0,1.168180717411732,0.9256708075583524,0.4344819051063765,-0.205371886537916,0.7189804041818442,0.5828445747800586,1.1499863376372983,620,32
vecht_en_beneden_reggegebied,conifer,4,ahn4_height_cv,883,True,0,0,source_ridge,0,0,0.1049020673047649,0.0834560940477722,0.3215540877566736,-0.000738090411007,0.6894843890785859,0.6590909090909091,0.1048994706724424,620,32
vecht_en_beneden_reggegebied,conifer,4,ahn4_entropy,883,True,0,0,source_ridge,0,0,0.2061842638091729,0.1678783756978562,0.6405477054469453,-0.0595711588287584,0.8596233802427568,0.7408357771260996,0.1973910526805343,620,32
vecht_en_beneden_reggegebied,conifer,4,ahn4_pulse_penetration,883,True,0,0,source_ridge,0,0,0.0431340959959964,0.0330734540710042,0.7152160888620525,0.017751859049734,0.8751121251783994,0.9233870967741934,0.0393118523815682,620,32
vecht_en_beneden_reggegebied,conifer,4,ahn4_sigma_z,883,True,0,0,source_ridge,0,0,1.002339828823095,0.7670782282680606,0.3161597024390508,-0.1961659138220668,0.6117392135137809,0.5722140762463342,0.982956797982223,620,32
loonse_en_drunense_duinen_and_leemkuilen,conifer,0,ahn4_p95_height_m,886,True,0,0,source_ridge,0,0,2.0583419783513137,1.6584134010255185,0.6133452151994527,-0.1038588674282057,0.5106806551426615,0.6636262513904337,2.055720077126195,609,30
loonse_en_drunense_duinen_and_leemkuilen,conifer,0,ahn4_height_sd_m,886,True,0,0,source_ridge,0,0,0.8533606080062959,0.6825277802189166,0.4858936809782284,0.2038392054759645,0.5938524590163934,0.6017797552836485,0.8286578941926532,609,30
loonse_en_drunense_duinen_and_leemkuilen,conifer,0,ahn4_height_cv,886,True,0,0,source_ridge,0,0,0.075541950035687,0.0607777153454052,0.0813261645046672,0.0261439296090567,0.525239876826039,0.3819799777530589,0.0708736986461898,609,30
loonse_en_drunense_duinen_and_leemkuilen,conifer,0,ahn4_entropy,886,True,0,0,source_ridge,0,0,0.2283190097840786,0.1859477391258418,0.4915297670768949,-0.092399568965316,0.7068098454162539,0.7032258064516129,0.2087867090688629,609,30
loonse_en_drunense_duinen_and_leemkuilen,conifer,0,ahn4_pulse_penetration,886,True,0,0,source_ridge,0,0,0.0315903215098142,0.025008886099888,0.7694723599077751,-0.0040302046635202,0.750708951576227,0.7312569521690767,0.0313321857434743,609,30
loonse_en_drunense_duinen_and_leemkuilen,conifer,0,ahn4_sigma_z,886,True,0,0,source_ridge,0,0,0.8514965863511185,0.7056358580642722,0.3646051264500838,0.4156391809437085,0.6581234034776029,0.6542825361512792,0.7431625043232811,609,30
loonse_en_drunense_duinen_and_leemkuilen,conifer,1,ahn4_p95_height_m,1081,True,0,0,source_ridge,0,0,1.7769472440102132,1.4152576399956862,0.3894730168337051,0.2807350012787087,0.3734165140874064,0.4771968854282535,1.7546308349771285,610,30
loonse_en_drunense_duinen_and_leemkuilen,conifer,1,ahn4_height_sd_m,1081,True,0,0,source_ridge,0,0,0.7504459739168325,0.6111853418811918,0.1876006241587268,0.3386295843466541,0.5063992092004072,0.6952169076751946,0.6697008021297238,610,30
loonse_en_drunense_duinen_and_leemkuilen,conifer,1,ahn4_height_cv,1081,True,0,0,source_ridge,0,0,0.0693432281499594,0.0575818537952095,0.0098617783086997,0.028044674610732,0.4750398657787133,0.4820912124582869,0.0634190784877507,610,30
loonse_en_drunense_duinen_and_leemkuilen,conifer,1,ahn4_entropy,1081,True,0,0,source_ridge,0,0,0.2197759048503747,0.181659983557661,0.382436048502764,-0.1127973137520125,0.679647920245445,0.7325917686318131,0.1886218819838542,610,30
loonse_en_drunense_duinen_and_leemkuilen,conifer,1,ahn4_pulse_penetration,1081,True,0,0,source_ridge,0,0,0.0251317469125405,0.019820619462318,0.7395126409097854,0.0003556101729358,0.8130937919350655,0.8723025583982202,0.0251292308732458,610,30
loonse_en_drunense_duinen_and_leemkuilen,conifer,1,ahn4_sigma_z,1081,True,0,0,source_ridge,0,0,0.8630508605753067,0.7224006116994394,-0.4508825785928019,0.590997859639661,0.5032515540219136,0.560845383759733,0.6289501711909433,610,30
loonse_en_drunense_duinen_and_leemkuilen,conifer,2,ahn4_p95_height_m,771,True,0,0,source_ridge,0,0,1.854427172040657,1.4746633745470252,0.4561661847232203,0.0152763906123274,0.5743884658934633,0.7005561735261402,1.854364249087155,610,30
loonse_en_drunense_duinen_and_leemkuilen,conifer,2,ahn4_height_sd_m,771,True,0,0,source_ridge,0,0,0.7633442907405469,0.6177127581979203,0.4307591256094489,0.2163089237455639,0.6597992099669931,0.7308120133481646,0.7320552955304841,610,30
loonse_en_drunense_duinen_and_leemkuilen,conifer,2,ahn4_height_cv,771,True,0,0,source_ridge,0,0,0.073179608579857,0.0598723298974542,0.2074187973007056,0.0230966079692943,0.5338823763585919,0.5581757508342603,0.0694391950717591,610,30
loonse_en_drunense_duinen_and_leemkuilen,conifer,2,ahn4_entropy,771,True,0,0,source_ridge,0,0,0.2152802778188936,0.1754016345489023,0.4916950826918757,-0.1093053985465099,0.7870648120747348,0.8149054505005562,0.1854667837278919,610,30
loonse_en_drunense_duinen_and_leemkuilen,conifer,2,ahn4_pulse_penetration,771,True,0,0,source_ridge,0,0,0.0279436554266252,0.0215643400487056,0.743687517054564,-0.004860025099361,0.817984980993292,0.7962180200222468,0.0275177767022618,610,30
loonse_en_drunense_duinen_and_leemkuilen,conifer,2,ahn4_sigma_z,771,True,0,0,source_ridge,0,0,0.7566857697391319,0.6178712904948875,0.1869272997384459,0.4449169026181676,0.6690117767442377,0.7499443826473859,0.61206397042332,610,30
loonse_en_drunense_duinen_and_leemkuilen,conifer,3,ahn4_p95_height_m,946,True,0,0,source_ridge,0,0,1.7869167195382607,1.417591446586264,0.4091596003956073,-0.0316037016005135,0.4970705181404912,0.7182266009852215,1.786637223560095,608,29
loonse_en_drunense_duinen_and_leemkuilen,conifer,3,ahn4_height_sd_m,946,True,0,0,source_ridge,0,0,0.799425220213032,0.6612980721416326,0.3716970409714304,0.3468931445108926,0.6235428940470245,0.792118226600985,0.7202401189908819,608,29
loonse_en_drunense_duinen_and_leemkuilen,conifer,3,ahn4_height_cv,946,True,0,0,source_ridge,0,0,0.0754649501713808,0.063138300683207,0.1584171996852452,0.0401380133996646,0.6074012717415306,0.6113300492610836,0.0639053877595412,608,29
loonse_en_drunense_duinen_and_leemkuilen,conifer,3,ahn4_entropy,946,True,0,0,source_ridge,0,0,0.1876439257720999,0.1528532009483471,0.6461895870798844,-0.0529396355274267,0.8269055303888299,0.8916256157635466,0.1800212150536391,608,29
loonse_en_drunense_duinen_and_leemkuilen,conifer,3,ahn4_pulse_penetration,946,True,0,0,source_ridge,0,0,0.0339654936489417,0.0257864005685306,0.6338941292313385,-0.0104097348657811,0.8065097200195284,0.6492610837438423,0.032330978624849,608,29
loonse_en_drunense_duinen_and_leemkuilen,conifer,3,ahn4_sigma_z,946,True,0,0,source_ridge,0,0,0.7614811776560304,0.6512251005410006,0.1363409971818119,0.4656959888908821,0.5962162443260909,0.7901477832512314,0.6024789040749545,608,29
loonse_en_drunense_duinen_and_leemkuilen,conifer,4,ahn4_p95_height_m,1061,True,0,0,source_ridge,0,0,1.7519394448230614,1.415417595358389,0.1757522513829063,0.2808330849622499,0.365556237966312,0.5325123152709358,1.7292844175315762,609,29
loonse_en_drunense_duinen_and_leemkuilen,conifer,4,ahn4_height_sd_m,1061,True,0,0,source_ridge,0,0,0.7389063969279047,0.6125822876127986,0.0101531886881708,0.4971120591499946,0.6822704195480219,0.8940886699507388,0.5466829648604667,609,29
loonse_en_drunense_duinen_and_leemkuilen,conifer,4,ahn4_height_cv,1061,True,0,0,source_ridge,0,0,0.0688605297194711,0.0568153666669475,0.180591851827686,0.0436113774390696,0.7009916502675568,0.7724137931034482,0.05328996445029,609,29
loonse_en_drunense_duinen_and_leemkuilen,conifer,4,ahn4_entropy,1061,True,0,0,source_ridge,0,0,0.1637680012613803,0.1284520212675567,0.6484121972117365,-0.0504823672263757,0.7942457188760482,0.8507389162561575,0.1557930962410363,609,29
loonse_en_drunense_duinen_and_leemkuilen,conifer,4,ahn4_pulse_penetration,1061,True,0,0,source_ridge,0,0,0.0340153020825436,0.0263726768425657,0.6142037383845717,-0.0049772851777892,0.7975748266936419,0.7177339901477832,0.0336491813871549,609,29
loonse_en_drunense_duinen_and_leemkuilen,conifer,4,ahn4_sigma_z,1061,True,0,0,source_ridge,0,0,0.7925087268567204,0.663469511633736,-0.4254153075665698,0.5827933556510596,0.6317343492989114,0.721182266009852,0.5370493336305684,609,29
leenderbos_groote_heide_and_de_plateaux,conifer,0,ahn4_p95_height_m,553,True,0,0,source_ridge,0,0,2.338559649716659,1.7951134468481769,0.2356945982679595,-0.3381920386021632,0.3206654716400643,0.4838533114395183,2.313976529766242,387,28
leenderbos_groote_heide_and_de_plateaux,conifer,0,ahn4_height_sd_m,553,True,0,0,source_ridge,0,0,1.2189746659770768,0.9511807241667164,0.1923348172296504,-0.2808705062464909,0.3330660465447541,0.4137931034482758,1.1861749428371708,387,28
leenderbos_groote_heide_and_de_plateaux,conifer,0,ahn4_height_cv,553,True,0,0,source_ridge,0,0,0.1122459472718409,0.0873915883944388,0.1139457518652399,-0.022391735698346,0.4291814233404513,0.4559386973180077,0.109989830672514,387,28
leenderbos_groote_heide_and_de_plateaux,conifer,0,ahn4_entropy,553,True,0,0,source_ridge,0,0,0.2404172609548192,0.1876008515432896,0.4370840166540258,-0.0623595681650264,0.6812032584557657,0.6349206349206349,0.2321890256306035,387,28
leenderbos_groote_heide_and_de_plateaux,conifer,0,ahn4_pulse_penetration,553,True,0,0,source_ridge,0,0,0.0525667940271693,0.0390361898774701,0.5653403991958726,0.0342280448282774,0.8728617574510075,0.920087575259989,0.0398962251538698,387,28
leenderbos_groote_heide_and_de_plateaux,conifer,0,ahn4_sigma_z,553,True,0,0,source_ridge,0,0,1.1276698711536195,0.8754198689415134,0.1785355726374127,-0.1478792222366028,0.3012680284007223,0.3918992884510125,1.1179316052148802,387,28
leenderbos_groote_heide_and_de_plateaux,conifer,1,ahn4_p95_height_m,518,True,0,0,source_ridge,0,0,2.4578072890647857,1.957895314431465,0.2763734031536092,-0.5455221006869881,0.511729833407144,0.5049261083743841,2.396502098443072,386,29
leenderbos_groote_heide_and_de_plateaux,conifer,1,ahn4_height_sd_m,518,True,0,0,source_ridge,0,0,1.1368293373466691,0.901460802657439,0.2113996206801103,-0.2737624644987715,0.4887681142410628,0.286206896551724,1.1033743948830903,386,29
leenderbos_groote_heide_and_de_plateaux,conifer,1,ahn4_height_cv,518,True,0,0,source_ridge,0,0,0.1068754803348594,0.0850744882843902,0.0822556689149878,-0.012774483237445,0.3631720089365589,0.2487684729064038,0.1061092874107783,386,29
leenderbos_groote_heide_and_de_plateaux,conifer,1,ahn4_entropy,518,True,0,0,source_ridge,0,0,0.2329837640821823,0.1790671060571826,0.574070187974548,-0.0455340148338499,0.7671848013816925,0.6980295566502462,0.2284908922014458,386,29
leenderbos_groote_heide_and_de_plateaux,conifer,1,ahn4_pulse_penetration,518,True,0,0,source_ridge,0,0,0.0514146000799703,0.0404623185509514,0.4585470826249876,0.0337790836898395,0.8401774792665262,0.8492610837438421,0.0387612513530987,386,29
leenderbos_groote_heide_and_de_plateaux,conifer,1,ahn4_sigma_z,518,True,0,0,source_ridge,0,0,1.1046130949869584,0.8811253351772357,0.1017158437530096,-0.3052475489463893,0.3340016452198642,0.2970443349753694,1.0615997473053995,386,29
leenderbos_groote_heide_and_de_plateaux,conifer,2,ahn4_p95_height_m,873,True,0,0,source_ridge,0,0,2.2665991840128057,1.804642019273955,0.260703426568189,-0.0383022140202641,0.6381059051914144,0.3842364532019703,2.2662755351829267,384,29
leenderbos_groote_heide_and_de_plateaux,conifer,2,ahn4_height_sd_m,873,True,0,0,source_ridge,0,0,1.1884814014945089,0.9432647349010012,0.1435412189930287,-0.1008045932599732,0.578480299074294,0.3334975369458127,1.1841986639394773,384,29
leenderbos_groote_heide_and_de_plateaux,conifer,2,ahn4_height_cv,873,True,0,0,source_ridge,0,0,0.1026194211502362,0.0820999203059435,0.1563076061797423,-0.0107838997006025,0.5178624410837205,0.4221674876847289,0.1020512278439456,384,29
leenderbos_groote_heide_and_de_plateaux,conifer,2,ahn4_entropy,873,True,0,0,source_ridge,0,0,0.2076769970240507,0.1681473946493737,0.6344150706348439,-0.0513377124558832,0.8187561459428299,0.7940886699507387,0.2012316435671205,384,29
leenderbos_groote_heide_and_de_plateaux,conifer,2,ahn4_pulse_penetration,873,True,0,0,source_ridge,0,0,0.0612858083184243,0.0458340776544806,0.4471467523166937,0.0364885141216563,0.7767693957478553,0.8325123152709358,0.04923960436921,384,29
leenderbos_groote_heide_and_de_plateaux,conifer,2,ahn4_sigma_z,873,True,0,0,source_ridge,0,0,1.147036772924509,0.8845173891312658,-0.003321764962987,-0.2369240269971269,0.5377112932759147,0.267487684729064,1.1223013694514214,384,29
leenderbos_groote_heide_and_de_plateaux,conifer,3,ahn4_p95_height_m,535,True,0,0,source_ridge,0,0,2.821211382792893,2.146050594669495,0.2806780067242879,-0.6607328697565225,0.4568879889038944,0.5019704433497535,2.7427478449947778,386,29
leenderbos_groote_heide_and_de_plateaux,conifer,3,ahn4_height_sd_m,535,True,0,0,source_ridge,0,0,1.3322877093507253,0.9946117290858884,0.0764104067838395,-0.3690819822401245,0.3565821574497319,0.3960591133004925,1.2801441445683774,386,29
leenderbos_groote_heide_and_de_plateaux,conifer,3,ahn4_height_cv,535,True,0,0,source_ridge,0,0,0.1058047628375434,0.0788601133199817,-0.0407132501465807,-0.0157100266048089,0.2943052128014172,0.2798029556650245,0.1046319401673552,386,29
leenderbos_groote_heide_and_de_plateaux,conifer,3,ahn4_entropy,535,True,0,0,source_ridge,0,0,0.2718866063986414,0.2090283093957197,0.4995812937802371,0.0003787187450209,0.6570909028313535,0.7009852216748766,0.2718863426343477,386,29
leenderbos_groote_heide_and_de_plateaux,conifer,3,ahn4_pulse_penetration,535,True,0,0,source_ridge,0,0,0.0542796542710232,0.0423242676526114,0.361005917223361,0.0331204332951249,0.7782299958947748,0.7167487684729061,0.0430036947962031,386,29
leenderbos_groote_heide_and_de_plateaux,conifer,3,ahn4_sigma_z,535,True,0,0,source_ridge,0,0,1.2774314531583082,0.97671597139361,-0.1197419970122588,-0.4436457929975476,0.3304013574889584,0.3064039408866994,1.1979188319221483,386,29
leenderbos_groote_heide_and_de_plateaux,conifer,4,ahn4_p95_height_m,538,True,0,0,source_ridge,0,0,2.6044538059155427,2.0703195761427877,0.1169909640673281,-0.4100515510620909,0.3596505916062489,0.3886699507389162,2.571971491408785,386,29
leenderbos_groote_heide_and_de_plateaux,conifer,4,ahn4_height_sd_m,538,True,0,0,source_ridge,0,0,1.084540093108803,0.9043237859373164,0.1153217792692193,-0.1729638816808367,0.4230651061594549,0.3876847290640393,1.070659006964565,386,29
leenderbos_groote_heide_and_de_plateaux,conifer,4,ahn4_height_cv,538,True,0,0,source_ridge,0,0,0.1005907032252872,0.0792040498433397,0.139556531512289,-0.0061190998608556,0.3875504741874184,0.4610837438423643,0.1004044132110271,386,29
leenderbos_groote_heide_and_de_plateaux,conifer,4,ahn4_entropy,538,True,0,0,source_ridge,0,0,0.2313851740034748,0.184031083326268,0.5674651641074242,-0.0499852392293311,0.758476716278861,0.7995073891625614,0.2259216116439613,386,29
leenderbos_groote_heide_and_de_plateaux,conifer,4,ahn4_pulse_penetration,538,True,0,0,source_ridge,0,0,0.0634037832845445,0.0503196539708918,0.3728209944551545,0.0411452920297522,0.8160911266104663,0.7428571428571427,0.0482400733683095,386,29
leenderbos_groote_heide_and_de_plateaux,conifer,4,ahn4_sigma_z,538,True,0,0,source_ridge,0,0,1.0650275195146808,0.9024642598678332,-0.0623361369638997,-0.3216864812838357,0.3437667606121636,0.3019704433497536,1.0152839135349374,386,29
meinweg,conifer,0,ahn4_p95_height_m,486,True,0,0,source_ridge,0,0,3.443827821133071,3.044418834851312,-0.4188429220796628,-1.9865066626186705,0.1820127854276411,0.388235294117647,2.813137277308342,281,16
meinweg,conifer,0,ahn4_height_sd_m,486,True,0,0,source_ridge,0,0,1.317849407608879,1.0213416991292827,0.0985937585292817,-0.5977940778782188,0.2522255513850879,0.6029411764705882,1.1744655386978382,281,16
meinweg,conifer,0,ahn4_height_cv,486,True,0,0,source_ridge,0,0,0.1003626248506487,0.0785854144924234,0.3145003004964201,-0.018077713895259,0.468347954007074,0.6058823529411764,0.0987210855249941,281,16
meinweg,conifer,0,ahn4_entropy,486,True,0,0,source_ridge,0,0,0.1700432151101384,0.1263876022940001,0.707221730726249,-0.0006908873394461,0.6933255091996667,0.85,0.1700418115631476,281,16
meinweg,conifer,0,ahn4_pulse_penetration,486,True,0,0,source_ridge,0,0,0.0437661113728964,0.0342575541124773,0.723655022009182,0.0260081674159097,0.859152613873595,0.9441176470588234,0.035200109834641,281,16
meinweg,conifer,0,ahn4_sigma_z,486,True,0,0,source_ridge,0,0,1.2647922982707862,1.0115806383250234,-0.2168408303562936,-0.7144669203946907,0.1087659141797098,0.4588235294117647,1.0436649737472383,281,16
meinweg,conifer,1,ahn4_p95_height_m,377,True,0,0,source_ridge,0,0,3.046517556632264,2.623451732436355,-0.5032774280527816,-2.017313217919718,0.265409036333546,0.3323529411764706,2.282918439996272,281,16
meinweg,conifer,1,ahn4_height_sd_m,377,True,0,0,source_ridge,0,0,1.019433620631091,0.8502065795104017,0.0759580053408264,-0.3438510608263415,0.3305476533007387,0.6352941176470589,0.959693365008644,281,16
meinweg,conifer,1,ahn4_height_cv,377,True,0,0,source_ridge,0,0,0.0710755742356975,0.0547004607439533,0.2793363785941879,0.0197455948888894,0.5298234702376444,0.7323529411764707,0.0682777323540993,281,16
meinweg,conifer,1,ahn4_entropy,377,True,0,0,source_ridge,0,0,0.2188445367280582,0.1807320320198206,0.4992283880279859,0.0157294318267691,0.6227460545814448,0.6852941176470588,0.2182785290176875,281,16
meinweg,conifer,1,ahn4_pulse_penetration,377,True,0,0,source_ridge,0,0,0.0358135476435394,0.0269818432550503,0.6362887836360656,0.0116735402643932,0.796902183487955,0.8382352941176471,0.0338576232555042,281,16
meinweg,conifer,1,ahn4_sigma_z,377,True,0,0,source_ridge,0,0,1.0880795092492943,0.9164394885430162,-0.2548420188954521,-0.5590723132200864,0.2580541704074678,0.5,0.933464068424129,281,16
meinweg,conifer,2,ahn4_p95_height_m,313,True,0,0,source_ridge,0,0,2.833519310245256,2.2327255230651346,-0.501903889532648,-1.5702027989652316,0.2150576313143034,0.15,2.358663785208588,279,15
meinweg,conifer,2,ahn4_height_sd_m,313,True,0,0,source_ridge,0,0,1.3657162149973665,1.0806924513942415,-0.1160154179836316,-0.5524640608252801,0.2633856048801511,0.25,1.2489852847024152,279,15
meinweg,conifer,2,ahn4_height_cv,313,True,0,0,source_ridge,0,0,0.1358188636189444,0.0915174079835769,0.2047347210565711,-0.035997043311422,0.407077103294323,0.3999999999999999,0.1309617371127042,279,15
meinweg,conifer,2,ahn4_entropy,313,True,0,0,source_ridge,0,0,0.1821671564579007,0.1496825215255735,0.4924375300123939,0.0158739828342705,0.6239681066206942,0.6928571428571427,0.1814742118344493,279,15
meinweg,conifer,2,ahn4_pulse_penetration,313,True,0,0,source_ridge,0,0,0.0446125358058772,0.0353628919991123,0.4646893979337332,0.0222248281935177,0.7773795709975798,0.5714285714285713,0.0386824942680703,279,15
meinweg,conifer,2,ahn4_sigma_z,313,True,0,0,source_ridge,0,0,1.3296905954390703,1.031670773886204,-0.5198011117079586,-0.6393651099114473,0.2060946634397551,0.1178571428571428,1.1658856444038723,279,15
meinweg,conifer,3,ahn4_p95_height_m,535,True,0,0,source_ridge,0,0,2.930808515984261,2.451360014047412,-0.6001596351239429,-0.8745449403898707,0.2002377945782836,-0.2607142857142857,2.79728613205806,280,15
meinweg,conifer,3,ahn4_height_sd_m,535,True,0,0,source_ridge,0,0,1.092115067069298,0.8465364549220502,-0.1707447629438971,-0.0016547319488443,0.2795655192394946,-0.075,1.092113813474564,280,15
meinweg,conifer,3,ahn4_height_cv,535,True,0,0,source_ridge,0,0,0.0915176062717395,0.0744295386122687,-0.0122701347434945,0.0177556547763985,0.5429008751933789,0.0714285714285714,0.0897786666261562,280,15
meinweg,conifer,3,ahn4_entropy,535,True,0,0,source_ridge,0,0,0.1732769274623151,0.1310907924709004,0.4756519971223381,-0.0139649722017553,0.6626104924807715,0.7714285714285712,0.1727132685759395,280,15
meinweg,conifer,3,ahn4_pulse_penetration,535,True,0,0,source_ridge,0,0,0.0345427473300015,0.0271196084643897,0.6229994235848257,0.0130807637802957,0.8007937419026847,0.7035714285714285,0.0319702207065955,280,15
meinweg,conifer,3,ahn4_sigma_z,535,True,0,0,source_ridge,0,0,1.076047878530345,0.8489166315117606,-0.4798821879131059,-0.066967980948237,0.193616718872143,-0.2178571428571428,1.0739619762437458,280,15
meinweg,conifer,4,ahn4_p95_height_m,321,True,0,0,source_ridge,0,0,2.9083589575300155,2.435891727447067,-0.7618027178389539,-1.8693035167811152,0.299265843405437,0.6107142857142855,2.2280610826444662,280,15
meinweg,conifer,4,ahn4_height_sd_m,321,True,0,0,source_ridge,0,0,1.0595505315858846,0.8357615704966409,-0.4218689980499497,-0.6300742182753024,0.4843695163750267,0.6285714285714286,0.8518531613187199,280,15
meinweg,conifer,4,ahn4_height_cv,321,True,0,0,source_ridge,0,0,0.0798033051595328,0.0636146929306173,0.1071721639327235,-0.0108087582102963,0.5252461310548786,0.4607142857142856,0.0790679344635793,280,15
meinweg,conifer,4,ahn4_entropy,321,True,0,0,source_ridge,0,0,0.204582598278543,0.1622695037557745,0.3741486021239351,-0.0246619211349476,0.6743876106291442,0.6357142857142856,0.2030906919687196,280,15
meinweg,conifer,4,ahn4_pulse_penetration,321,True,0,0,source_ridge,0,0,0.0480646754537664,0.0382590372777936,0.5368064464277464,0.0084250970439839,0.7718183358752754,0.4642857142857142,0.0473205110525589,280,15
meinweg,conifer,4,ahn4_sigma_z,321,True,0,0,source_ridge,0,0,1.1057449997464643,0.8690401641594394,-0.8536076357810134,-0.692954190120246,0.2810595251761593,0.432142857142857,0.8616765604675009,280,15
savelsbos,broadleaf,0,ahn4_p95_height_m,159,False,0,0,source_ridge,0,0,4.124122666836535,3.115417701375341,0.0519522404585277,0.4396563958217873,0.1739291896144767,0.25,4.100620687740808,124,7
savelsbos,broadleaf,0,ahn4_height_sd_m,159,False,0,0,source_ridge,0,0,1.3990081398925718,1.1176116740942368,0.0245429575202048,0.4022701549405948,0.0736490952006294,0.3928571428571429,1.3399263031710895,124,7
savelsbos,broadleaf,0,ahn4_height_cv,159,False,0,0,source_ridge,0,0,0.0737592394493148,0.057029390136392,0.2243613703614142,0.0272260202485556,0.5158457907159717,0.1428571428571428,0.0685504866909535,124,7
savelsbos,broadleaf,0,ahn4_entropy,159,False,0,0,source_ridge,0,0,0.232848854197973,0.1751915781666308,0.185263386161996,-0.0383099096894985,0.2361605035405192,0.5714285714285715,0.2296757273220036,124,7
savelsbos,broadleaf,0,ahn4_pulse_penetration,159,False,0,0,source_ridge,0,0,0.0502502142944242,0.0423595809032132,-1.3730519475880905,-0.0297011945464308,-0.0435877261998426,-0.4642857142857144,0.0405329875428721,124,7
savelsbos,broadleaf,0,ahn4_sigma_z,159,False,0,0,source_ridge,0,0,1.3612409309476483,1.1007144796200243,-0.0013680000548976,0.4357169382836204,0.0874586939417781,0.4285714285714286,1.2896230541441047,124,7
savelsbos,broadleaf,1,ahn4_p95_height_m,243,True,0,0,source_ridge,0,0,3.951881225510485,3.124391102503499,0.0853592722602303,0.8286064501630236,0.317494885916601,0.5357142857142858,3.864036305638249,124,7
savelsbos,broadleaf,1,ahn4_height_sd_m,243,True,0,0,source_ridge,0,0,1.3162836049896656,1.0701441207029057,0.0517734642726813,0.415091507948189,0.2642265932336742,0.2857142857142857,1.2491203179813737,124,7
savelsbos,broadleaf,1,ahn4_height_cv,243,True,0,0,source_ridge,0,0,0.055825532469064,0.0445099529040652,0.4422379282012619,0.0180922143959055,0.7359496459480723,0.7142857142857144,0.0528125160705974,124,7
savelsbos,broadleaf,1,ahn4_entropy,243,True,0,0,source_ridge,0,0,0.1919783789526556,0.1451017534739615,0.2274938704375105,-0.0364216276852543,0.3995468135326513,0.8214285714285715,0.1884918115517121,124,7
savelsbos,broadleaf,1,ahn4_pulse_penetration,243,True,0,0,source_ridge,0,0,0.0525145228467392,0.0421318722879127,-0.6250562714850758,-0.0213043746894832,0.2193737214791502,-0.2857142857142857,0.0479989450812287,124,7
savelsbos,broadleaf,1,ahn4_sigma_z,243,True,0,0,source_ridge,0,0,1.2805499519071124,1.050720854602425,0.005897701334783,0.4691856246374173,0.2404594807238394,0.0357142857142857,1.1915003268832556,124,7
savelsbos,broadleaf,2,ahn4_p95_height_m,328,True,0,0,source_ridge,0,0,4.386006791851493,3.597320979493514,-0.0151733281291115,-0.8549235399034586,0.1199068759592937,0.1428571428571428,4.301878812691772,123,7
savelsbos,broadleaf,2,ahn4_height_sd_m,328,True,0,0,source_ridge,0,0,1.4248119328369655,1.1190914267543677,0.1623652656097232,0.1034787287272049,0.3473836271942836,0.3571428571428572,1.4210493294237223,123,7
savelsbos,broadleaf,2,ahn4_height_cv,328,True,0,0,source_ridge,0,0,0.0926691946088222,0.0768968468904292,0.0909870388989135,0.0392575901868382,0.59514258812604,0.3214285714285715,0.0839429642207732,123,7
savelsbos,broadleaf,2,ahn4_entropy,328,True,0,0,source_ridge,0,0,0.2390277844458933,0.1989353411141735,0.0351759693071923,-0.0871353527702459,0.3033689749906489,0.1428571428571428,0.2225796757000001,123,7
savelsbos,broadleaf,2,ahn4_pulse_penetration,328,True,0,0,source_ridge,0,0,0.0522158935721504,0.044013335663343,-1.478126504384654,-0.0384824557159398,0.3704776154054507,0.0,0.0352930608421665,123,7
savelsbos,broadleaf,2,ahn4_sigma_z,328,True,0,0,source_ridge,0,0,1.4250230937788886,1.114928432431172,0.157036784849097,0.1581088512006072,0.2950303749467955,0.2142857142857143,1.4162247028544517,123,7
savelsbos,broadleaf,3,ahn4_p95_height_m,157,False,0,0,source_ridge,0,0,4.290526825525866,3.4083239969106742,0.0582656473835712,-0.216116015120371,0.3020709071743203,0.3571428571428572,4.285080431983228,122,7
savelsbos,broadleaf,3,ahn4_height_sd_m,157,False,0,0,source_ridge,0,0,1.4405246446433393,1.1137371966649932,-0.0196033850596046,0.2471597328249548,0.299724738203892,0.0357142857142857,1.4191628935026157,122,7
savelsbos,broadleaf,3,ahn4_height_cv,157,False,0,0,source_ridge,0,0,0.0741814097805914,0.0631850367046883,-0.1818707355931226,0.0384879114437955,0.4658136745301879,0.642857142857143,0.0634157884893863,122,7
savelsbos,broadleaf,3,ahn4_entropy,157,False,0,0,source_ridge,0,0,0.2133800616204881,0.1791564703860726,0.1080304316496302,-0.055026880154241,0.3210253088847106,0.1785714285714286,0.2061627831536384,122,7
savelsbos,broadleaf,3,ahn4_pulse_penetration,157,False,0,0,source_ridge,0,0,0.0504272024800157,0.0428538965290554,-0.6402544365744582,-0.039257695333346,0.3932608774671949,0.7500000000000002,0.0316502149609554,122,7
savelsbos,broadleaf,3,ahn4_sigma_z,157,False,0,0,source_ridge,0,0,1.4172199241278718,1.093940220928536,-0.0032411528553146,0.2985251103326308,0.3219769943262364,0.2142857142857143,1.3854223442134537,122,7
savelsbos,broadleaf,4,ahn4_p95_height_m,247,True,0,0,source_ridge,0,0,3.5890870760879845,2.888060275341612,0.0621673041696426,0.6047776119190978,0.1397688858340961,0.5000000000000001,3.5377662556849665,122,8
savelsbos,broadleaf,4,ahn4_height_sd_m,247,True,0,0,source_ridge,0,0,1.195102676811178,0.973592308474455,0.2681485964856041,0.3395583511400813,0.3649878891418639,0.6904761904761906,1.1458492633380155,122,8
savelsbos,broadleaf,4,ahn4_height_cv,247,True,0,0,source_ridge,0,0,0.0693294334013693,0.057284308827274,0.4091659438219024,0.0284786441201275,0.6713380763397121,0.7857142857142858,0.0632102615469516,122,8
savelsbos,broadleaf,4,ahn4_entropy,247,True,0,0,source_ridge,0,0,0.2490673031992761,0.1996699855678032,0.2544127444242459,-0.0100168380468567,0.2605139762276908,0.2857142857142857,0.2488657961201241,122,8
savelsbos,broadleaf,4,ahn4_pulse_penetration,247,True,0,0,source_ridge,0,0,0.0618202149183177,0.0527168280113918,-2.714376560146783,-0.0480225195967351,0.0327373182958221,-0.1428571428571428,0.0389304069350448,122,8
savelsbos,broadleaf,4,ahn4_sigma_z,247,True,0,0,source_ridge,0,0,1.1779772412860692,0.9769719581202394,0.2206990204564293,0.3722037394862438,0.3165708923042353,0.5476190476190477,1.1176290785857328,122,8
landgoederen_oldenzaal,broadleaf,0,ahn4_p95_height_m,257,True,0,0,source_ridge,0,0,7.377665516512539,6.63441532006793,-3.5188563196298093,-6.63441532006793,0.2809358830146232,0.5000000000000001,3.2271476313280383,126,8
landgoederen_oldenzaal,broadleaf,0,ahn4_height_sd_m,257,True,0,0,source_ridge,0,0,2.591949353066037,2.329993083168863,-4.997515205875776,-2.326796282938667,-0.0479550056242969,-0.380952380952381,1.1420247399081374,126,8
landgoederen_oldenzaal,broadleaf,0,ahn4_height_cv,257,True,0,0,source_ridge,0,0,0.1068414429233105,0.0883438318538128,-0.6610329159159312,-0.0727448975739869,0.2266846644169478,-0.0714285714285714,0.0782513501665318,126,8
landgoederen_oldenzaal,broadleaf,0,ahn4_entropy,257,True,0,0,source_ridge,0,0,0.4255413008929419,0.3741960651412572,-3.019641772433001,-0.3685099524461016,0.2997375328083989,-0.3571428571428572,0.2128046374349706,126,8
landgoederen_oldenzaal,broadleaf,0,ahn4_pulse_penetration,257,True,0,0,source_ridge,0,0,0.0639015782512798,0.0505900770474765,-0.1561903240817557,-0.0418475225256637,0.4967949006374203,0.8333333333333335,0.048292821013775,126,8
landgoederen_oldenzaal,broadleaf,0,ahn4_sigma_z,257,True,0,0,source_ridge,0,0,2.5034410984652102,2.2577847449134008,-4.404537739423255,-2.2577847449134008,0.1282249718785152,-0.119047619047619,1.0814922002127565,126,8
landgoederen_oldenzaal,broadleaf,1,ahn4_p95_height_m,263,True,0,0,source_ridge,0,0,7.030653087230838,6.328380886273953,-4.9774149958224365,-6.314819596403445,0.1285468509984638,-0.4833333333333333,3.090814827495745,125,9
landgoederen_oldenzaal,broadleaf,1,ahn4_height_sd_m,263,True,0,0,source_ridge,0,0,2.612971464510684,2.299759105677417,-5.209025247654488,-2.2731102603986284,-0.1122703533026113,-0.7166666666666667,1.2886386686800884,125,9
landgoederen_oldenzaal,broadleaf,1,ahn4_height_cv,263,True,0,0,source_ridge,0,0,0.1227934780312912,0.092603071876017,-0.471152485849281,-0.0678828992207106,0.096331797235023,-0.3166666666666666,0.1023237520833361,125,9
landgoederen_oldenzaal,broadleaf,1,ahn4_entropy,263,True,0,0,source_ridge,0,0,0.361752679820512,0.3311805509301005,-2.780088431455549,-0.3255046618516098,0.3213701996927803,-0.1166666666666666,0.1578344590708602,125,9
landgoederen_oldenzaal,broadleaf,1,ahn4_pulse_penetration,263,True,0,0,source_ridge,0,0,0.085478566927319,0.0649632712435186,-0.5933350761838765,-0.049504770892188,0.2670906298003072,-0.2666666666666666,0.0696840230100137,125,9
landgoederen_oldenzaal,broadleaf,1,ahn4_sigma_z,263,True,0,0,source_ridge,0,0,2.456338933054576,2.1593540234746924,-4.711956061442116,-2.14578297441373,-0.0094439324116743,-0.4333333333333333,1.1954983817453957,125,9
landgoederen_oldenzaal,broadleaf,2,ahn4_p95_height_m,208,True,0,0,source_ridge,0,0,6.358626357781164,5.762385970818972,-3.171414820863549,-5.750653009308455,0.4389738863287249,0.523809523809524,2.713322524949985,125,8
landgoederen_oldenzaal,broadleaf,2,ahn4_height_sd_m,208,True,0,0,source_ridge,0,0,2.339139923453702,2.080073364388398,-4.067726609374462,-2.051460374731855,0.0971735791090629,-0.1904761904761905,1.123870950065009,125,8
landgoederen_oldenzaal,broadleaf,2,ahn4_height_cv,208,True,0,0,source_ridge,0,0,0.1254167332306753,0.0955120203233264,0.0267109669241887,-0.07529276357642,0.2976589861751151,0.6666666666666669,0.1003013296386428,125,8
landgoederen_oldenzaal,broadleaf,2,ahn4_entropy,208,True,0,0,source_ridge,0,0,0.3343530545692647,0.304467492020463,-3.357712300073832,-0.2993687728662277,0.4186175115207372,0.6190476190476191,0.1488969540735022,125,8
landgoederen_oldenzaal,broadleaf,2,ahn4_pulse_penetration,208,True,0,0,source_ridge,0,0,0.0741915357488736,0.0584807679147902,-0.843685774818302,-0.0499952794789541,0.3681167434715821,0.2380952380952381,0.0548165668990467,125,8
landgoederen_oldenzaal,broadleaf,2,ahn4_sigma_z,208,True,0,0,source_ridge,0,0,2.2410657006446995,1.9911743873615464,-3.7314520031902543,-1.9799651214926404,0.1772964669738863,0.2380952380952381,1.0498159801978402,125,8
landgoederen_oldenzaal,broadleaf,3,ahn4_p95_height_m,283,True,0,0,source_ridge,0,0,6.462057530930345,5.837133596164441,-2.353217898634561,-5.834564284769446,0.5501874039938556,0.7619047619047621,2.7777773740792067,125,8
landgoederen_oldenzaal,broadleaf,3,ahn4_height_sd_m,283,True,0,0,source_ridge,0,0,2.2169213106316543,1.999592846981325,-2.4830861247526923,-1.9973663532504904,0.488073732718894,0.6904761904761906,0.9619083887957348,125,8
landgoederen_oldenzaal,broadleaf,3,ahn4_height_cv,283,True,0,0,source_ridge,0,0,0.1289631078427324,0.0944540319392931,-0.3917100002444655,-0.0713530691095927,0.2584700460829493,0.1428571428571428,0.1074254286149136,125,8
landgoederen_oldenzaal,broadleaf,3,ahn4_entropy,283,True,0,0,source_ridge,0,0,0.3557697267261286,0.321313680861937,-1.4807024636518875,-0.3062812903025257,0.5515084485407066,0.7619047619047621,0.1810079270789108,125,8
landgoederen_oldenzaal,broadleaf,3,ahn4_pulse_penetration,283,True,0,0,source_ridge,0,0,0.0732268168997409,0.0607748397491808,0.0756322946628939,-0.0493967896082742,0.6938125960061443,0.880952380952381,0.0540566729429779,125,8
landgoederen_oldenzaal,broadleaf,3,ahn4_sigma_z,283,True,0,0,source_ridge,0,0,2.170395828481133,1.926699530161042,-2.27021816924912,-1.9258066813175785,0.4936282642089092,0.7619047619047621,1.0009428947152177,125,8
landgoederen_oldenzaal,broadleaf,4,ahn4_p95_height_m,245,True,0,0,source_ridge,0,0,6.133821076859347,5.468741138306085,-3.519512015665067,-5.407804487305859,0.1658599527930763,0.1333333333333333,2.894721338919957,124,9
landgoederen_oldenzaal,broadleaf,4,ahn4_height_sd_m,245,True,0,0,source_ridge,0,0,2.34442723830321,2.08186970908105,-2.975986472413285,-2.0671245556726063,0.1861778127458693,0.2666666666666666,1.106044821439596,124,9
landgoederen_oldenzaal,broadleaf,4,ahn4_height_cv,245,True,0,0,source_ridge,0,0,0.1264910994177895,0.0984370879942602,-0.6528689339953415,-0.0889204461815586,0.2503099921321793,0.3833333333333333,0.0899619501944775,124,9
landgoederen_oldenzaal,broadleaf,4,ahn4_entropy,245,True,0,0,source_ridge,0,0,0.352221728322742,0.307584744004404,-2.325052458815305,-0.3033639788908772,0.5270432730133753,0.2666666666666666,0.1789705065482994,124,9
landgoederen_oldenzaal,broadleaf,4,ahn4_pulse_penetration,245,True,0,0,source_ridge,0,0,0.0615630255954604,0.0515703591824801,0.0973713526505158,-0.0401523638681763,0.7295232100708103,0.9,0.0466668382929986,124,9
landgoederen_oldenzaal,broadleaf,4,ahn4_sigma_z,245,True,0,0,source_ridge,0,0,2.242213193259288,1.973269397051432,-2.431577327029883,-1.950893468806399,0.238155782848151,0.3999999999999999,1.1052305991939189,124,9
drentsche_aa,broadleaf,0,ahn4_p95_height_m,279,True,0,0,source_ridge,0,0,4.289689939538509,3.744642975518099,-2.231750169821969,3.630341012082309,0.2905921890787681,0.3428571428571428,2.285183562292337,103,20
drentsche_aa,broadleaf,0,ahn4_height_sd_m,279,True,0,0,source_ridge,0,0,1.3503849176771368,1.1476780774720614,-0.7156903208379808,0.9160929661869044,0.2937552167991917,0.2436090225563909,0.9921255481000204,103,20
drentsche_aa,broadleaf,0,ahn4_height_cv,279,True,0,0,source_ridge,0,0,0.0695778363777663,0.0565768880607928,-0.1209261311479854,0.0111672577968376,0.3219698633747749,0.1353383458646616,0.0686758157455024,103,20
drentsche_aa,broadleaf,0,ahn4_entropy,279,True,0,0,source_ridge,0,0,0.2637148350782912,0.2175971433112115,-0.7431150253675862,0.1933625398069038,0.5524096120897949,0.4842105263157894,0.1793221749806584,103,20
drentsche_aa,broadleaf,0,ahn4_pulse_penetration,279,True,0,0,source_ridge,0,0,0.0547011713218061,0.0481908197009885,-0.24668653216607,0.0418850300463246,0.4559921802925801,0.613533834586466,0.0351832687792943,103,20
drentsche_aa,broadleaf,0,ahn4_sigma_z,279,True,0,0,source_ridge,0,0,1.288121016939746,1.0907574317374773,-0.5936084277983684,0.8432777249343141,0.2890655888942582,0.3338345864661654,0.97372400243164,103,20
drentsche_aa,broadleaf,1,ahn4_p95_height_m,250,True,0,0,source_ridge,0,0,4.296652966244842,4.033350393756967,-5.5866216895312855,4.020407584070471,0.6291567477707222,0.6932330827067669,1.5157669907638356,102,20
drentsche_aa,broadleaf,1,ahn4_height_sd_m,250,True,0,0,source_ridge,0,0,1.0995108817446884,0.9476420656852554,-2.580045449346056,0.9370529359031826,0.6487890936438018,0.7218045112781954,0.5752008122301356,102,20
drentsche_aa,broadleaf,1,ahn4_height_cv,250,True,0,0,source_ridge,0,0,0.0667706443015099,0.0469689659776257,-0.1039836247791563,-0.0066079941179598,0.5161237425855664,0.2210526315789473,0.0664428578116246,102,20
drentsche_aa,broadleaf,1,ahn4_entropy,250,True,0,0,source_ridge,0,0,0.201499195543941,0.1695198107797225,-0.6815839279445495,0.1550118686356824,0.6254021747120457,0.6616541353383457,0.1287371212468623,102,20
drentsche_aa,broadleaf,1,ahn4_pulse_penetration,250,True,0,0,source_ridge,0,0,0.0632962235064032,0.0512765446147858,-0.5540707653690347,0.048836734013598,0.6558911173812983,0.6842105263157895,0.0402664292066932,102,20
drentsche_aa,broadleaf,1,ahn4_sigma_z,250,True,0,0,source_ridge,0,0,0.9486792195016304,0.8054832820684837,-1.6788780591429333,0.774319510985999,0.69055306444408,0.7022556390977444,0.5481072490130249,102,20
drentsche_aa,broadleaf,2,ahn4_p95_height_m,222,True,0,0,source_ridge,0,0,4.695859870041319,4.4611236843137485,-3.711214119141416,4.249564293558246,0.4204892253931275,0.5699248120300752,1.9980748819749676,101,20
drentsche_aa,broadleaf,2,ahn4_height_sd_m,222,True,0,0,source_ridge,0,0,1.4277420294406873,1.268862816762982,-2.820855897485617,1.191599506472808,0.1061968549796156,0.2406015037593984,0.786471816917283,101,20
drentsche_aa,broadleaf,2,ahn4_height_cv,222,True,0,0,source_ridge,0,0,0.0732347929677064,0.0586483193477437,-0.5013387159715492,0.0206345518462695,0.3118112987769365,0.0601503759398496,0.0702677036135837,101,20
drentsche_aa,broadleaf,2,ahn4_entropy,222,True,0,0,source_ridge,0,0,0.2506026906464135,0.2071544164579569,-0.7854660483149392,0.1877187362784325,0.4024577751892835,0.475187969924812,0.1660222413089593,101,20
drentsche_aa,broadleaf,2,ahn4_pulse_penetration,222,True,0,0,source_ridge,0,0,0.0620372010562873,0.0539339227573769,-1.0041679856964834,0.0499260687650391,0.3115899825276645,0.5578947368421052,0.0368239320628148,101,20
drentsche_aa,broadleaf,2,ahn4_sigma_z,222,True,0,0,source_ridge,0,0,1.247136809981754,1.1065900175899297,-1.9653947549837156,1.022358737610996,0.1080955154338963,0.2451127819548871,0.714235839510953,101,20
drentsche_aa,broadleaf,3,ahn4_p95_height_m,256,True,0,0,source_ridge,0,0,4.123653713063871,3.683124458659517,-1.2864678693918368,3.218027501035268,0.3377520537714713,0.4992481203007519,2.5785303852865806,103,20
drentsche_aa,broadleaf,3,ahn4_height_sd_m,256,True,0,0,source_ridge,0,0,1.1503941749720494,0.970542615623166,-0.7156410418944377,0.8754372415529397,0.4630650617229715,0.475187969924812,0.7463353093025964,103,20
drentsche_aa,broadleaf,3,ahn4_height_cv,256,True,0,0,source_ridge,0,0,0.0660006124499055,0.0516022642929947,-0.0917864255341875,0.0147276134948189,0.4150814918947414,0.2210526315789473,0.0643364456937889,103,20
drentsche_aa,broadleaf,3,ahn4_entropy,256,True,0,0,source_ridge,0,0,0.1965585147539314,0.1620491144756891,0.0478547704878415,0.1168170443649203,0.3828032333172253,0.3744360902255639,0.1580791822730486,103,20
drentsche_aa,broadleaf,3,ahn4_pulse_penetration,256,True,0,0,source_ridge,0,0,0.0534222071153049,0.046160296879026,-0.2365902481236033,0.0448808798227466,0.654735755392523,0.825563909774436,0.0289765222103465,103,20
drentsche_aa,broadleaf,3,ahn4_sigma_z,256,True,0,0,source_ridge,0,0,1.018005339139506,0.8557904078323446,-0.3476914506613826,0.7443639732302177,0.5036133198611783,0.5488721804511278,0.6944473672449661,103,20
drentsche_aa,broadleaf,4,ahn4_p95_height_m,243,True,0,0,source_ridge,0,0,4.478771384633959,4.096257084610645,-2.463416430500763,4.075726742708662,0.7043144314431441,0.4654282765737873,1.8568372665867687,100,18
drentsche_aa,broadleaf,4,ahn4_height_sd_m,243,True,0,0,source_ridge,0,0,1.33858076791329,1.124426221517632,-1.0510517849157384,0.975706997389267,0.6104770477047704,0.26109391124871,0.916402928559787,100,18
drentsche_aa,broadleaf,4,ahn4_height_cv,243,True,0,0,source_ridge,0,0,0.0748983327263985,0.0625209416706154,-0.6732166667228379,-0.0043951216019919,0.1725652565256525,-0.1909184726522187,0.0747692660877316,100,18
drentsche_aa,broadleaf,4,ahn4_entropy,243,True,0,0,source_ridge,0,0,0.2029130638758204,0.1729769697449544,-0.4030266337924315,0.1537877383668211,0.7136993699369936,0.6284829721362228,0.1323746313290087,100,18
drentsche_aa,broadleaf,4,ahn4_pulse_penetration,243,True,0,0,source_ridge,0,0,0.0573539753086948,0.0511869767417247,-1.7960536778137266,0.0492235065364295,0.5371257125712571,0.5273477812177503,0.0294367947978114,100,18
drentsche_aa,broadleaf,4,ahn4_sigma_z,243,True,0,0,source_ridge,0,0,1.2409397212145694,1.039135487592313,-0.6544656407217906,0.8393968430293581,0.6328352835283527,0.2549019607843137,0.9139717345741284,100,18
kennemerland_zuid,broadleaf,0,ahn4_p95_height_m,301,True,0,0,source_ridge,0,0,2.5738319727878527,1.9340061528010315,0.0791095584414526,-0.8913818161278492,0.3724675881938272,0.4969896004378763,2.414549540187905,237,28
kennemerland_zuid,broadleaf,0,ahn4_height_sd_m,301,True,0,0,source_ridge,0,0,0.8970381223320134,0.7118146118382084,0.0840432625637803,-0.014303873435428,0.4020722642199982,0.5134099616858239,0.8969240726626126,237,28
kennemerland_zuid,broadleaf,0,ahn4_height_cv,301,True,0,0,source_ridge,0,0,0.0786119318720552,0.0646239386404686,-0.5357827192496374,0.0353899787643684,0.3445910009573449,0.0552818828680897,0.0701953362817944,237,28
kennemerland_zuid,broadleaf,0,ahn4_entropy,301,True,0,0,source_ridge,0,0,0.1676253147799226,0.1319324788502985,0.3514461968331188,0.0746720727645524,0.6414589865124337,0.7602627257799672,0.1500744072255943,237,28
kennemerland_zuid,broadleaf,0,ahn4_pulse_penetration,301,True,0,0,source_ridge,0,0,0.085070250138237,0.075119058006349,-1.8154255652309272,-0.0745318253843641,0.6150634894592893,0.6037219485495348,0.0410116381464686,237,28
kennemerland_zuid,broadleaf,0,ahn4_sigma_z,301,True,0,0,source_ridge,0,0,0.8434407774216189,0.6648692740014931,0.1565220511924873,-0.0027691115601025,0.3975694976553161,0.5561029009304871,0.8434362317559952,237,28
kennemerland_zuid,broadleaf,1,ahn4_p95_height_m,514,True,0,0,source_ridge,0,0,2.9330579495051534,2.343663950775161,-0.3633615868350426,-1.578478738890845,0.4618679843104024,0.4652435686918446,2.47209097850887,238,28
kennemerland_zuid,broadleaf,1,ahn4_height_sd_m,514,True,0,0,source_ridge,0,0,0.9524685097010542,0.7459357722952576,-0.0387988964901462,-0.2330554040351903,0.4622071274354771,0.4920634920634921,0.923515804208104,238,28
kennemerland_zuid,broadleaf,1,ahn4_height_cv,514,True,0,0,source_ridge,0,0,0.0794933858926671,0.0659520996273313,-0.2539779428253355,0.0323260779463461,0.3968993773029577,0.2939244663382594,0.0726238465332651,238,28
kennemerland_zuid,broadleaf,1,ahn4_entropy,514,True,0,0,source_ridge,0,0,0.1887220999137452,0.1578342657560343,0.2432003109116591,0.0391998034920634,0.5844784606284653,0.565407772304324,0.1846060844122892,238,28
kennemerland_zuid,broadleaf,1,ahn4_pulse_penetration,514,True,0,0,source_ridge,0,0,0.0733017197435318,0.0659269352523715,-1.3074886019467793,-0.0649354580383654,0.6650262880428907,0.7766830870279146,0.0340077697990762,238,28
kennemerland_zuid,broadleaf,1,ahn4_sigma_z,514,True,0,0,source_ridge,0,0,0.8761535111390999,0.688937532241238,0.0922083354843537,-0.2110728618670353,0.4563633620388466,0.498631636562671,0.850348882556232,238,28
kennemerland_zuid,broadleaf,2,ahn4_p95_height_m,297,True,0,0,source_ridge,0,0,3.218430462904128,2.6264262857533844,-0.0114579175193805,-1.6793322191550268,0.3685056944897676,0.5692391899288451,2.745566961896419,237,28
kennemerland_zuid,broadleaf,2,ahn4_height_sd_m,297,True,0,0,source_ridge,0,0,0.9342389404719827,0.7828961207044365,0.3069150539789012,-0.2861671136877231,0.4873616041567882,0.7575259989053093,0.8893316484517183,237,28
kennemerland_zuid,broadleaf,2,ahn4_height_cv,297,True,0,0,source_ridge,0,0,0.0830593989477989,0.0651006987094381,0.0784599284725151,0.0221588976636344,0.5347997598524499,0.4893267651888341,0.0800490287755085,237,28
kennemerland_zuid,broadleaf,2,ahn4_entropy,297,True,0,0,source_ridge,0,0,0.1803870821211761,0.1419293137909156,0.479744442290936,0.0217136962003037,0.6284555014883018,0.7887246852764094,0.1790754444180242,237,28
kennemerland_zuid,broadleaf,2,ahn4_pulse_penetration,297,True,0,0,source_ridge,0,0,0.0803049960507366,0.0732556071978175,-1.5182709505491734,-0.0707632051427397,0.5446688866492746,0.7575259989053093,0.0379665798912064,237,28
kennemerland_zuid,broadleaf,2,ahn4_sigma_z,297,True,0,0,source_ridge,0,0,0.8707808312045734,0.7188543592674728,0.3232579192693784,-0.238148498892415,0.4607010794019389,0.7131910235358511,0.8375825621803603,237,28
kennemerland_zuid,broadleaf,3,ahn4_p95_height_m,507,True,0,0,source_ridge,0,0,2.4381731413391887,1.928627260818028,0.2461000739436376,-0.2110605513010281,0.3645149542331414,0.5389162561576353,2.429020730836259,237,29
kennemerland_zuid,broadleaf,3,ahn4_height_sd_m,507,True,0,0,source_ridge,0,0,0.7858947082975513,0.6725460770057433,0.3675402616829368,0.1116924768084735,0.4373822474709686,0.6596059113300491,0.7779172726932355,237,29
kennemerland_zuid,broadleaf,3,ahn4_height_cv,507,True,0,0,source_ridge,0,0,0.0728675331183382,0.0597188881812024,-0.0282354264123736,0.0227360531476281,0.2825483765701088,0.2876847290640393,0.069229684890373,237,29
kennemerland_zuid,broadleaf,3,ahn4_entropy,507,True,0,0,source_ridge,0,0,0.1751379672671024,0.1447207902310083,0.32137641938224,0.08884001065696,0.5352162319551292,0.7290640394088669,0.1509329655341201,237,29
kennemerland_zuid,broadleaf,3,ahn4_pulse_penetration,507,True,0,0,source_ridge,0,0,0.0826718505159081,0.0761448242399092,-2.1489412732059,-0.0755934960519035,0.6873241036384518,0.7847290640394087,0.033470258773656,237,29
kennemerland_zuid,broadleaf,3,ahn4_sigma_z,507,True,0,0,source_ridge,0,0,0.7457906048458337,0.638200774294586,0.3779088243656913,0.1098675474772624,0.4393005432166431,0.6935960591133004,0.7376535421779291,237,29
kennemerland_zuid,broadleaf,4,ahn4_p95_height_m,485,True,0,0,source_ridge,0,0,2.9093910760233004,2.378808641314646,-0.2397210628218906,-0.8760296109999482,0.3014473757750257,0.3284072249589491,2.7743699381833165,237,28
kennemerland_zuid,broadleaf,4,ahn4_height_sd_m,485,True,0,0,source_ridge,0,0,1.0454871242869614,0.829274430394771,-0.0883179488322545,-0.3345042843916095,0.4367052549404228,0.5342090859332238,0.9905302674696408,237,28
kennemerland_zuid,broadleaf,4,ahn4_height_cv,485,True,0,0,source_ridge,0,0,0.0905270853021034,0.0686664505715889,-0.1514371838274928,-0.0105703648024293,0.3879383549171653,-0.0147783251231527,0.0899078448258986,237,28
kennemerland_zuid,broadleaf,4,ahn4_entropy,485,True,0,0,source_ridge,0,0,0.2176858014218869,0.180708328615223,0.0883989061220578,0.0482632914210117,0.4989372972712409,0.451559934318555,0.2122681390173751,237,28
kennemerland_zuid,broadleaf,4,ahn4_pulse_penetration,485,True,0,0,source_ridge,0,0,0.0745924011404371,0.0666747748597864,-1.0243285313806787,-0.0650490176429645,0.6674993103871028,0.8544061302681991,0.0365055011139577,237,28
kennemerland_zuid,broadleaf,4,ahn4_sigma_z,485,True,0,0,source_ridge,0,0,0.9714700839344428,0.7736095302631414,-0.0315287588416801,-0.3134248635673952,0.4200553853809277,0.4915161466885605,0.9195210595072592,237,28
noordhollands_duinreservaat,broadleaf,0,ahn4_p95_height_m,445,True,0,0,source_ridge,0,0,3.3594819166641914,2.846056576522798,-2.1299696979474314,2.559219117717478,0.2906747155394877,0.4940711462450593,2.176353890318181,214,22
noordhollands_duinreservaat,broadleaf,0,ahn4_height_sd_m,445,True,0,0,source_ridge,0,0,1.1187747860984096,0.9276252070751356,-1.9231479743988664,0.7886138920243574,0.4701702936593698,0.5448898927159798,0.7935648374995817,214,22
noordhollands_duinreservaat,broadleaf,0,ahn4_height_cv,445,True,0,0,source_ridge,0,0,0.0670122768271149,0.0551530527527386,-0.6190382640981269,0.0112069397747303,0.4388458112290347,0.4579333709768493,0.0660685231138055,214,22
noordhollands_duinreservaat,broadleaf,0,ahn4_entropy,445,True,0,0,source_ridge,0,0,0.170364495123917,0.139049718473937,0.0626284740614258,0.0298149133082283,0.540480789540547,0.4003387916431394,0.1677353038070697,214,22
noordhollands_duinreservaat,broadleaf,0,ahn4_pulse_penetration,445,True,0,0,source_ridge,0,0,0.0769959514887314,0.0659386418502548,-2.004599693778784,0.0634925633100685,0.5607654184179189,0.4895539243365331,0.0435553779684211,214,22
noordhollands_duinreservaat,broadleaf,0,ahn4_sigma_z,445,True,0,0,source_ridge,0,0,1.1171766827585106,0.9315471963203596,-2.206886100039486,0.8381043511668199,0.4306944907873671,0.6284584980237156,0.7386913002429052,214,22
noordhollands_duinreservaat,broadleaf,1,ahn4_p95_height_m,445,True,0,0,source_ridge,0,0,3.032532652395997,2.600434621928147,-1.404264699095917,2.392297060041815,0.45303868418072,0.7007340485601357,1.863644028338885,214,22
noordhollands_duinreservaat,broadleaf,1,ahn4_height_sd_m,445,True,0,0,source_ridge,0,0,1.1398285213193249,0.9404780401721484,-1.8175752414253936,0.8545812885927906,0.3532244980423729,0.5640880858272164,0.7542545188463132,214,22
noordhollands_duinreservaat,broadleaf,1,ahn4_height_cv,445,True,0,0,source_ridge,0,0,0.0809862929865017,0.0666830016926769,-0.926880858306384,0.0283736064826136,0.1697261158780546,0.2806324110671937,0.0758532669491913,214,22
noordhollands_duinreservaat,broadleaf,1,ahn4_entropy,445,True,0,0,source_ridge,0,0,0.200007038499745,0.1541481257044856,0.0739315505238871,0.0870202475715602,0.5553667145231747,0.4872953133822699,0.1800841246807249,214,22
noordhollands_duinreservaat,broadleaf,1,ahn4_pulse_penetration,445,True,0,0,source_ridge,0,0,0.0656048584762865,0.0538539631038051,-0.6699855522345186,0.05157592377546,0.4982474722274092,0.4952004517221909,0.0405453023468999,214,22
noordhollands_duinreservaat,broadleaf,1,ahn4_sigma_z,445,True,0,0,source_ridge,0,0,1.1277189296637284,0.9531011158003732,-1.7320673334611971,0.8975986895412443,0.352487364963526,0.5211744776962168,0.6826906890061897,214,22
noordhollands_duinreservaat,broadleaf,2,ahn4_p95_height_m,327,True,0,0,source_ridge,0,0,3.243551126896644,2.75471207660712,-2.006272344813268,2.511359331145659,0.4637217204685683,0.5866741953698477,2.0527294567624144,211,22
noordhollands_duinreservaat,broadleaf,2,ahn4_height_sd_m,327,True,0,0,source_ridge,0,0,1.142351304134893,0.9713985057764845,-2.274675024747738,0.8858725101889935,0.4945171880788442,0.8080180688876343,0.721246419575267,211,22
noordhollands_duinreservaat,broadleaf,2,ahn4_height_cv,327,True,0,0,source_ridge,0,0,0.069187736187603,0.0519012826783405,-0.6611888340626497,0.0245713280949718,0.2817082050561439,0.3958215697346132,0.0646776056638973,211,22
noordhollands_duinreservaat,broadleaf,2,ahn4_entropy,327,True,0,0,source_ridge,0,0,0.1743060630426108,0.1352394182926709,0.1270113648754921,0.0801956972538429,0.5634189650106667,0.7289666854884248,0.1547619260521934,211,22
noordhollands_duinreservaat,broadleaf,2,ahn4_pulse_penetration,327,True,0,0,source_ridge,0,0,0.0641276037788146,0.054657598215558,-0.5258553061936471,0.0517091056350494,0.5249051493976827,0.777526821005082,0.0379277993144334,211,22
noordhollands_duinreservaat,broadleaf,2,ahn4_sigma_z,327,True,0,0,source_ridge,0,0,1.1516683281295508,0.9787218132208712,-2.436463212336064,0.9337356913060164,0.4832449764310625,0.8283455674760022,0.6741495359324888,211,22
noordhollands_duinreservaat,broadleaf,3,ahn4_p95_height_m,335,True,0,0,source_ridge,0,0,3.0403691284544805,2.523320986507095,-1.131571364690501,2.4022943751239536,0.5551545918075903,0.7007340485601357,1.863552031070469,213,22
noordhollands_duinreservaat,broadleaf,3,ahn4_height_sd_m,335,True,0,0,source_ridge,0,0,1.1739968708355544,0.9659684633042293,-1.7438038660367936,0.8975171981629986,0.5709428498339713,0.6691134952004518,0.7567902825309758,213,22
noordhollands_duinreservaat,broadleaf,3,ahn4_height_cv,335,True,0,0,source_ridge,0,0,0.082651495870493,0.0678465269511001,-0.8099373061763313,0.0307645749009081,0.2517639783330559,0.2557876905702992,0.0767125198438725,213,22
noordhollands_duinreservaat,broadleaf,3,ahn4_entropy,335,True,0,0,source_ridge,0,0,0.1761508388923893,0.1465481347421884,0.2831108884768447,0.0739630249455035,0.55508008374706,0.6216826651609261,0.1598705381970153,213,22
noordhollands_duinreservaat,broadleaf,3,ahn4_pulse_penetration,335,True,0,0,source_ridge,0,0,0.057562297519749,0.0499580119361759,-0.7186046104752986,0.0468220940068399,0.6379330470568073,0.6194240542066629,0.0334829749061631,213,22
noordhollands_duinreservaat,broadleaf,3,ahn4_sigma_z,335,True,0,0,source_ridge,0,0,1.1682964484216591,0.9770950244483484,-2.114102103679277,0.9318763091818768,0.5465861648466003,0.6589497459062676,0.7046439780344578,213,22
noordhollands_duinreservaat,broadleaf,4,ahn4_p95_height_m,370,True,0,0,source_ridge,0,0,3.37593359605025,2.966477643753288,-1.1650130539619452,2.757038027575501,0.527849741748353,0.7707509881422926,1.948247663784912,212,22
noordhollands_duinreservaat,broadleaf,4,ahn4_height_sd_m,370,True,0,0,source_ridge,0,0,1.1639306044291493,1.0120124832309334,-1.105910962867683,0.9663737065513146,0.5724685230222433,0.7221908526256353,0.6487343918839813,212,22
noordhollands_duinreservaat,broadleaf,4,ahn4_height_cv,370,True,0,0,source_ridge,0,0,0.0796445897467059,0.0600566777464073,-1.4290927718705904,0.0300239294534779,0.3070215984271902,0.3619424054206663,0.0737687219361544,212,22
noordhollands_duinreservaat,broadleaf,4,ahn4_entropy,370,True,0,0,source_ridge,0,0,0.181019618249092,0.1421708483966319,0.3910516347964274,0.0829873062658932,0.6219110244044972,0.785431959345003,0.1608763785948013,212,22
noordhollands_duinreservaat,broadleaf,4,ahn4_pulse_penetration,370,True,0,0,source_ridge,0,0,0.0687004643679735,0.0582587417826962,-0.5987503649445607,0.0552874861915313,0.5766952605375614,0.6216826651609261,0.0407804815444402,212,22
noordhollands_duinreservaat,broadleaf,4,ahn4_sigma_z,370,True,0,0,source_ridge,0,0,1.1549533549641502,1.020289872225378,-1.0333031547848863,0.9942454679062992,0.5808892521722484,0.7425183512140034,0.5877016264149101,212,22
springendal_and_dal_van_de_mosbeek,broadleaf,0,ahn4_p95_height_m,183,False,0,0,source_ridge,0,0,3.440058815150837,2.758372602587872,0.3013637474466279,0.144831470528726,0.5787415792763386,0.4890109890109889,3.4370086553340933,120,13
springendal_and_dal_van_de_mosbeek,broadleaf,0,ahn4_height_sd_m,183,False,0,0,source_ridge,0,0,0.8708106522791133,0.7039389373952305,0.2195805700305971,0.2431238386052128,0.3813389818737412,0.4890109890109889,0.836182989078731,120,13
springendal_and_dal_van_de_mosbeek,broadleaf,0,ahn4_height_cv,183,False,0,0,source_ridge,0,0,0.0882961738958604,0.067590806248596,-0.0306086745526272,0.0218593118662672,0.0592888395027432,0.2142857142857142,0.0855475587575782,120,13
springendal_and_dal_van_de_mosbeek,broadleaf,0,ahn4_entropy,183,False,0,0,source_ridge,0,0,0.1597554806803011,0.1298416480752056,0.0478968586914937,-0.0643998444646912,0.471039655531634,0.6868131868131868,0.1462001150489207,120,13
springendal_and_dal_van_de_mosbeek,broadleaf,0,ahn4_pulse_penetration,183,False,0,0,source_ridge,0,0,0.0409533892913838,0.0301060473358715,0.2556971887067024,-0.0099123671274956,0.5782276546982429,0.6538461538461539,0.0397356901586139,120,13
springendal_and_dal_van_de_mosbeek,broadleaf,0,ahn4_sigma_z,183,False,0,0,source_ridge,0,0,0.8669339271914157,0.7162030922999332,0.1929885672468593,0.2091087056766556,0.3585457323425237,0.3131868131868132,0.8413370212499653,120,13
springendal_and_dal_van_de_mosbeek,broadleaf,1,ahn4_p95_height_m,210,True,0,0,source_ridge,0,0,2.122745885264556,1.7200337492894344,0.1127375582615961,1.125245178499101,0.5421331055463141,0.7967032967032966,1.7999648278986262,117,13
springendal_and_dal_van_de_mosbeek,broadleaf,1,ahn4_height_sd_m,210,True,0,0,source_ridge,0,0,0.7417474456691336,0.5834135621391857,-0.1194072571681148,0.2740792545521482,0.3631404636664718,0.510989010989011,0.6892530996526771,117,13
springendal_and_dal_van_de_mosbeek,broadleaf,1,ahn4_height_cv,210,True,0,0,source_ridge,0,0,0.0665824748321907,0.0495806936663263,-0.1972250445746257,-7.967276461419851e-05,0.270467113249112,0.3461538461538461,0.0665824271638538,117,13
springendal_and_dal_van_de_mosbeek,broadleaf,1,ahn4_entropy,210,True,0,0,source_ridge,0,0,0.1630062813813915,0.1178065454179845,-0.4603606686716255,-0.0494128703617258,0.268548906772168,0.0714285714285714,0.1553364606665307,117,13
springendal_and_dal_van_de_mosbeek,broadleaf,1,ahn4_pulse_penetration,210,True,0,0,source_ridge,0,0,0.0310476671566857,0.0238236297811067,0.2211139050876653,-0.0070855140010726,0.6519729053335132,0.6593406593406593,0.0302283497269193,117,13
springendal_and_dal_van_de_mosbeek,broadleaf,1,ahn4_sigma_z,210,True,0,0,source_ridge,0,0,0.711755029931917,0.555583976087489,-0.0754273740476674,0.2632894089611557,0.3595737984984039,0.456043956043956,0.6612668975249474,117,13
springendal_and_dal_van_de_mosbeek,broadleaf,2,ahn4_p95_height_m,218,True,0,0,source_ridge,0,0,3.1574401301577044,2.666731509033115,0.1950161562131566,1.303423459008339,0.482818942440079,0.6923076923076923,2.875850389369558,118,14
springendal_and_dal_van_de_mosbeek,broadleaf,2,ahn4_height_sd_m,218,True,0,0,source_ridge,0,0,0.913300337766103,0.729428443783441,0.1307109771610207,0.426148201867968,0.3830230918964717,0.7934065934065934,0.8077841401069814,118,14
springendal_and_dal_van_de_mosbeek,broadleaf,2,ahn4_height_cv,218,True,0,0,source_ridge,0,0,0.0791884611018714,0.0616227545031809,0.0488252280118155,0.0062026109409216,0.2761130527830428,0.4153846153846154,0.0789451707781937,118,14
springendal_and_dal_van_de_mosbeek,broadleaf,2,ahn4_entropy,218,True,0,0,source_ridge,0,0,0.1422805584525756,0.1121568613590185,0.4613172336167317,-0.0576978472338109,0.4750108648413733,0.7406593406593407,0.1300565866773405,118,14
springendal_and_dal_van_de_mosbeek,broadleaf,2,ahn4_pulse_penetration,218,True,0,0,source_ridge,0,0,0.0364395364411209,0.0302236450129422,0.3313407084880495,0.0032255581415061,0.5947980235118819,0.3054945054945055,0.0362964955707785,118,14
springendal_and_dal_van_de_mosbeek,broadleaf,2,ahn4_sigma_z,218,True,0,0,source_ridge,0,0,0.8762409155875871,0.7076905755972323,0.1453608414662194,0.4187841108627023,0.3853969227847593,0.8241758241758241,0.7696869562612509,118,14
springendal_and_dal_van_de_mosbeek,broadleaf,3,ahn4_p95_height_m,216,True,0,0,source_ridge,0,0,2.46824261026253,1.9915754671227104,0.1972256760121067,1.0498048188128957,0.597127751913517,0.8021978021978022,2.2338602072450304,115,13
springendal_and_dal_van_de_mosbeek,broadleaf,3,ahn4_height_sd_m,216,True,0,0,source_ridge,0,0,0.920126224308651,0.7602676103914763,0.0497785892381019,0.0208466367080266,0.376477550698335,0.6703296703296703,0.919890040384424,115,13
springendal_and_dal_van_de_mosbeek,broadleaf,3,ahn4_height_cv,216,True,0,0,source_ridge,0,0,0.0655124149974635,0.0496480150957289,-0.143960644347707,-0.0234261942786198,0.4163260475025645,0.5934065934065934,0.0611807971541744,115,13
springendal_and_dal_van_de_mosbeek,broadleaf,3,ahn4_entropy,216,True,0,0,source_ridge,0,0,0.1873801530400068,0.154371801667964,-0.070202903620969,-0.0827340334540646,0.4968989189615718,0.6098901098901099,0.1681261474658777,115,13
springendal_and_dal_van_de_mosbeek,broadleaf,3,ahn4_pulse_penetration,216,True,0,0,source_ridge,0,0,0.0394265609262837,0.0317365092036762,0.5101127089661049,-0.0003427250630832,0.6339146216365501,0.8901098901098902,0.0394250712872545,115,13
springendal_and_dal_van_de_mosbeek,broadleaf,3,ahn4_sigma_z,216,True,0,0,source_ridge,0,0,0.9207419263984634,0.7708243294536995,0.0559151353963142,0.0425106033319546,0.3534048765091139,0.5439560439560439,0.9197600467688878,115,13
springendal_and_dal_van_de_mosbeek,broadleaf,4,ahn4_p95_height_m,290,True,0,0,source_ridge,0,0,3.0526076250355585,2.6401193376147973,-0.0887431888502443,1.741960538149044,0.6044438114228743,0.4769230769230769,2.506788143413145,119,14
springendal_and_dal_van_de_mosbeek,broadleaf,4,ahn4_height_sd_m,290,True,0,0,source_ridge,0,0,0.9060599809227268,0.773265456318143,0.101862789881751,0.511895878419554,0.6195769833357072,0.5032967032967033,0.7476010290835381,119,14
springendal_and_dal_van_de_mosbeek,broadleaf,4,ahn4_height_cv,290,True,0,0,source_ridge,0,0,0.0684823011623924,0.0562256967746701,0.0462173354032415,0.0066554240050222,0.5652115083321465,0.3494505494505495,0.0681581316044533,119,14
springendal_and_dal_van_de_mosbeek,broadleaf,4,ahn4_entropy,290,True,0,0,source_ridge,0,0,0.1382907344183145,0.1067510524671474,0.3171503378106373,-0.0045385517783136,0.5598347813701753,0.7274725274725276,0.1382162391823492,119,14
springendal_and_dal_van_de_mosbeek,broadleaf,4,ahn4_pulse_penetration,290,True,0,0,source_ridge,0,0,0.0378801204380062,0.0300728936279897,0.1547262846635134,-0.0106364654509989,0.4919384703033756,0.5956043956043956,0.0363561429074588,119,14
springendal_and_dal_van_de_mosbeek,broadleaf,4,ahn4_sigma_z,290,True,0,0,source_ridge,0,0,0.882980238877477,0.7483445562111494,0.1036758142723152,0.5011123501541083,0.6428998718131321,0.6087912087912088,0.7270079193317998,119,14
voornes_duin,broadleaf,0,ahn4_p95_height_m,197,False,0,0,source_ridge,0,0,3.441444502574217,2.9893182843982755,0.1087762690226377,1.9666498039075448,0.4672976194776577,0.8333333333333335,2.8241509897823662,94,8
voornes_duin,broadleaf,0,ahn4_height_sd_m,197,False,0,0,source_ridge,0,0,1.5478194330318706,1.3631510336690855,-1.2627552422045092,1.2435660351931506,0.2038435140700069,0.7619047619047621,0.9215685071578178,94,8
voornes_duin,broadleaf,0,ahn4_height_cv,197,False,0,0,source_ridge,0,0,0.1180529057653914,0.1074260390538027,-4.642093762940818,0.1074260390538027,0.5162807499187227,0.380952380952381,0.0489503288330449,94,8
voornes_duin,broadleaf,0,ahn4_entropy,197,False,0,0,source_ridge,0,0,0.3159308189976857,0.2637889789428851,-0.5647013990708531,0.2416506407319159,0.3665137448975905,0.8095238095238096,0.2035122851977316,94,8
voornes_duin,broadleaf,0,ahn4_pulse_penetration,197,False,0,0,source_ridge,0,0,0.0550737221626922,0.0480283752011248,-0.5543635565602894,-0.0282427364818739,0.2125275439800599,-0.0476190476190476,0.0472806800804393,94,8
voornes_duin,broadleaf,0,ahn4_sigma_z,197,False,0,0,source_ridge,0,0,1.4386618192588023,1.2611353718375908,-0.9738098257165068,1.1269893127332793,0.2574215222338619,0.9047619047619048,0.8942275544725836,94,8
voornes_duin,broadleaf,1,ahn4_p95_height_m,162,False,0,0,source_ridge,0,0,3.1675327060405665,2.7819907595491005,-0.2607187795485126,1.5276778499749528,0.2879353048252812,0.2666666666666666,2.774790772388538,93,9
voornes_duin,broadleaf,1,ahn4_height_sd_m,162,False,0,0,source_ridge,0,0,1.3167868820407085,1.1023712137099493,-0.8653198167185747,0.9353826652811122,0.2231058458416638,0.25,0.9268154952341336,93,9
voornes_duin,broadleaf,1,ahn4_height_cv,162,False,0,0,source_ridge,0,0,0.1090853841752613,0.0875101389169818,-0.3519550553288366,0.0759230293667678,0.577392497985736,0.5,0.0783282493895865,93,9
voornes_duin,broadleaf,1,ahn4_entropy,162,False,0,0,source_ridge,0,0,0.2577109281162333,0.208950032930109,-0.318910304755581,0.1206223516896217,0.2979618632687773,0.3,0.2277392604348129,93,9
voornes_duin,broadleaf,1,ahn4_pulse_penetration,162,False,0,0,source_ridge,0,0,0.0443037456105555,0.0386050630101268,0.4402905568841568,-0.0113142302835243,0.5689027483512875,0.9166666666666666,0.042834683005903,93,9
voornes_duin,broadleaf,1,ahn4_sigma_z,162,False,0,0,source_ridge,0,0,1.246521292117811,1.0404541298523011,-0.5933400883631674,0.8476041855784568,0.3154486586493986,0.35,0.9139926018808566,93,9
voornes_duin,broadleaf,2,ahn4_p95_height_m,182,False,0,0,source_ridge,0,0,4.726265216918244,3.97050545648838,-1.7379674317620406,3.3467223230733603,0.3255355272188708,-0.1666666666666666,3.337219290501256,94,9
voornes_duin,broadleaf,2,ahn4_height_sd_m,182,False,0,0,source_ridge,0,0,2.000407079761891,1.7371210444256515,-4.186668713371509,1.6863790121354447,0.2049705595491817,-0.0666666666666666,1.0759899219744484,94,9
voornes_duin,broadleaf,2,ahn4_height_cv,182,False,0,0,source_ridge,0,0,0.1266581469168259,0.1127260455069891,-2.9148359508798047,0.1108202455270053,0.4937109417331937,0.0999999999999999,0.0613282916910173,94,9
voornes_duin,broadleaf,2,ahn4_entropy,182,False,0,0,source_ridge,0,0,0.3871852853140907,0.3327316534870683,-2.327713312738627,0.2794978002989047,0.2223964165733482,0.0333333333333333,0.2679429506290983,94,9
voornes_duin,broadleaf,2,ahn4_pulse_penetration,182,False,0,0,source_ridge,0,0,0.041533649624053,0.0330748498492696,0.5009051738031851,-0.0109026988551154,0.5374200773037604,0.75,0.0400771157740707,94,9
voornes_duin,broadleaf,2,ahn4_sigma_z,182,False,0,0,source_ridge,0,0,1.8913749131595696,1.641182455397404,-3.500922533353351,1.5807460758755658,0.2288697034280966,0.0,1.03852824021948,94,9
voornes_duin,broadleaf,3,ahn4_p95_height_m,228,True,0,0,source_ridge,0,0,4.609578531079457,3.933763930857293,-0.0291172190777175,0.4946329648681324,0.1494996929523534,-0.0999999999999999,4.58296328419227,94,9
voornes_duin,broadleaf,3,ahn4_height_sd_m,228,True,0,0,source_ridge,0,0,1.7340461642591876,1.547557915206034,-0.2905366098080095,0.772093214319494,0.1348047538200339,0.1666666666666666,1.552671300753573,94,9
voornes_duin,broadleaf,3,ahn4_height_cv,228,True,0,0,source_ridge,0,0,0.1415161342896099,0.1254852152126004,-2.2863916168513123,0.1077703838264635,0.3552721887078712,0.1666666666666666,0.0917189218982193,94,9
voornes_duin,broadleaf,3,ahn4_entropy,228,True,0,0,source_ridge,0,0,0.3581858754550671,0.3133329504637804,-0.2608139139614216,0.0353922487911403,-0.0782357403460607,-0.3166666666666666,0.3564330373310236,94,9
voornes_duin,broadleaf,3,ahn4_pulse_penetration,228,True,0,0,source_ridge,0,0,0.0445788562881732,0.0364517539066518,0.494579486409042,-0.0231390411810157,0.7519632987754217,0.9333333333333332,0.0381032702164113,94,9
voornes_duin,broadleaf,3,ahn4_sigma_z,228,True,0,0,source_ridge,0,0,1.6108710955479524,1.4458972783030368,-0.2085124404957634,0.6654395895075598,0.1609435393562836,0.0833333333333333,1.4670023310096922,94,9
voornes_duin,broadleaf,4,ahn4_p95_height_m,199,False,0,0,source_ridge,0,0,3.288292498896219,2.878523841930744,-0.8645905645553158,2.458048735471658,0.3412708160242748,0.5333333333333333,2.184230750709119,94,9
voornes_duin,broadleaf,4,ahn4_height_sd_m,199,False,0,0,source_ridge,0,0,1.5374084006518725,1.375021932289937,-3.001522548729306,1.2873818742721224,0.0649134848101723,0.35,0.840400202397968,94,9
voornes_duin,broadleaf,4,ahn4_height_cv,199,False,0,0,source_ridge,0,0,0.124125962598603,0.1094402959066046,-0.9671853958770248,0.0991649434026741,0.4309865260268035,0.1999999999999999,0.0746563365761691,94,9
voornes_duin,broadleaf,4,ahn4_entropy,199,False,0,0,source_ridge,0,0,0.2688733722866138,0.2354346384340755,-2.4907066721617888,0.2240929513853354,0.1278112921287432,0.4666666666666666,0.1485773854399978,94,9
voornes_duin,broadleaf,4,ahn4_pulse_penetration,199,False,0,0,source_ridge,0,0,0.0434819736064516,0.0328612030922973,-0.0295789203182386,-0.0193454147741015,0.4517212729834194,0.4166666666666666,0.0389414554932161,94,9
voornes_duin,broadleaf,4,ahn4_sigma_z,199,False,0,0,source_ridge,0,0,1.4524264108975975,1.302330887636364,-2.502215870131705,1.21762706997194,0.1162807499187226,0.5333333333333333,0.7917870910443195,94,9
rijntakken,broadleaf,0,ahn4_p95_height_m,274,True,0,0,source_ridge,0,0,3.747608299629656,2.923024563868197,-0.0622789055585326,-2.369277942425834,0.6579945799457995,0.645320197044335,2.90363392992083,81,28
rijntakken,broadleaf,0,ahn4_height_sd_m,274,True,0,0,source_ridge,0,0,1.9236537143656824,1.5818215925823105,-0.732385583557567,-1.5099573034357137,0.6527551942186088,0.6174055829228243,1.1918357917909812,81,28
rijntakken,broadleaf,0,ahn4_height_cv,274,True,0,0,source_ridge,0,0,0.2044236473530388,0.172038083511671,-2.232467453122489,-0.1692786266093229,0.0949412827461607,0.1226053639846743,0.1146026795951168,81,28
rijntakken,broadleaf,0,ahn4_entropy,274,True,0,0,source_ridge,0,0,0.2261739502105316,0.171470595390253,-0.1273691287919598,-0.0707277984937231,0.5299683830171635,0.4696223316912972,0.2148307107330498,81,28
rijntakken,broadleaf,0,ahn4_pulse_penetration,274,True,0,0,source_ridge,0,0,0.0727145943252793,0.0597916848012531,-0.2983172305281603,-0.0042002282981158,-0.009327009936766,-0.0388615216201423,0.0725931836340964,81,28
rijntakken,broadleaf,0,ahn4_sigma_z,274,True,0,0,source_ridge,0,0,1.736490197068579,1.4376419735402826,-0.5131127775921949,-1.332373358037505,0.6601626016260163,0.6464148877941982,1.113633440278773,81,28
rijntakken,broadleaf,1,ahn4_p95_height_m,243,True,0,0,source_ridge,0,0,4.628642083492793,3.395449947430276,0.1305659091328331,-2.54612814302289,0.6022269104547586,0.6480569239189928,3.865431284654704,80,28
rijntakken,broadleaf,1,ahn4_height_sd_m,243,True,0,0,source_ridge,0,0,2.171693199128221,1.6153237780588872,-0.2285926503921669,-1.3731020915672725,0.4464369432723863,0.4920634920634921,1.6825106232274876,80,28
rijntakken,broadleaf,1,ahn4_height_cv,243,True,0,0,source_ridge,0,0,0.18450917550245,0.1449780930989166,-0.5807043493006538,-0.107738674604325,0.2553914674167838,0.1532567049808429,0.1497865609428872,80,28
rijntakken,broadleaf,1,ahn4_entropy,243,True,0,0,source_ridge,0,0,0.2104648605224323,0.1721024777568579,0.1718082248671203,-0.0600580619511222,0.53328645100797,0.5331143951833607,0.2017138733686953,80,28
rijntakken,broadleaf,1,ahn4_pulse_penetration,243,True,0,0,source_ridge,0,0,0.069283783390962,0.0581641126253918,-0.1431732494214399,-0.0201788390704265,0.3591186122831692,-0.0355774493705528,0.0662801410283319,80,28
rijntakken,broadleaf,1,ahn4_sigma_z,243,True,0,0,source_ridge,0,0,2.059595689850967,1.5259898017216162,-0.1701034977367435,-1.2391125495009387,0.4145804031879981,0.4406130268199233,1.645154854511259,80,28
rijntakken,broadleaf,2,ahn4_p95_height_m,268,True,0,0,source_ridge,0,0,3.0503418304319574,2.4951490826248817,-0.2403837535332518,-0.5298226281999334,0.1877637130801688,0.1724137931034483,3.003976242437729,80,28
rijntakken,broadleaf,2,ahn4_height_sd_m,268,True,0,0,source_ridge,0,0,1.5085833892666105,1.2336393477646963,-0.3795004621287341,-0.8218882367881797,0.4319737458977966,0.3749315818281335,1.2650389593211544,80,28
rijntakken,broadleaf,2,ahn4_height_cv,268,True,0,0,source_ridge,0,0,0.1848772238517312,0.1497223220188142,-1.0651097413609405,-0.1399100623376818,0.6344585091420535,0.5134099616858239,0.1208501648976497,80,28
rijntakken,broadleaf,2,ahn4_entropy,268,True,0,0,source_ridge,0,0,0.2308991777353606,0.1933434475246634,-0.5275497696344842,0.0310278230423979,0.2331926863572433,-0.0202517788724685,0.2288049485393952,80,28
rijntakken,broadleaf,2,ahn4_pulse_penetration,268,True,0,0,source_ridge,0,0,0.0692777231951577,0.0530490899600215,0.2949351192433771,-0.0051050813040134,0.646319737458978,0.6108374384236454,0.0690893702097819,80,28
rijntakken,broadleaf,2,ahn4_sigma_z,268,True,0,0,source_ridge,0,0,1.4158367235357752,1.134967695891628,-0.3566089937093399,-0.6588669118671369,0.3843178621659635,0.3683634373289545,1.2531911347273337,80,28
rijntakken,broadleaf,3,ahn4_p95_height_m,256,True,0,0,source_ridge,0,0,3.972662162734034,2.851790200835011,0.0448561614336613,-1.987974846288864,0.5478319783197833,0.5684093437152391,3.439476801744913,81,30
rijntakken,broadleaf,3,ahn4_height_sd_m,256,True,0,0,source_ridge,0,0,1.8646600621084224,1.4383907864248784,-0.2690163403514765,-1.1733699392541144,0.4034101174345076,0.4211345939933259,1.4491929246573696,81,30
rijntakken,broadleaf,3,ahn4_height_cv,256,True,0,0,source_ridge,0,0,0.1790736954985405,0.1414280672144565,-0.8024332564038523,-0.1184616462756742,0.1797199638663053,0.2387096774193548,0.1342915737533857,81,30
rijntakken,broadleaf,3,ahn4_entropy,256,True,0,0,source_ridge,0,0,0.2483433484898213,0.1834176114594747,-0.0934099527513321,-0.0541823299638551,0.4143179765130984,0.2404894327030033,0.2423606689601775,81,30
rijntakken,broadleaf,3,ahn4_pulse_penetration,256,True,0,0,source_ridge,0,0,0.061434503581293,0.049157067083524,0.0804324019981126,-0.0216855869760867,0.5174345076784101,0.5439377085650723,0.0574798534078027,81,30
rijntakken,broadleaf,3,ahn4_sigma_z,256,True,0,0,source_ridge,0,0,1.719335526146519,1.321835026967756,-0.1905057744745739,-0.9828545139781204,0.3742095754290875,0.3917686318131257,1.4107131727684263,81,30
rijntakken,broadleaf,4,ahn4_p95_height_m,244,True,0,0,source_ridge,0,0,5.168559793294203,3.933552517304805,0.1768538802964717,-2.2261776521486536,0.696386630532972,0.5973303670745272,4.6645625087387685,81,30
rijntakken,broadleaf,4,ahn4_height_sd_m,244,True,0,0,source_ridge,0,0,2.2479162618634185,1.6773380121873096,0.0022435902117371,-1.2717605103192662,0.6434281842818428,0.6124582869855395,1.85357835678519,81,30
rijntakken,broadleaf,4,ahn4_height_cv,244,True,0,0,source_ridge,0,0,0.1802077618071211,0.1428348552268955,-0.7076169397401892,-0.1230245464654935,0.2942186088527552,0.3566184649610678,0.1316806682185799,81,30
rijntakken,broadleaf,4,ahn4_entropy,244,True,0,0,source_ridge,0,0,0.272332620440846,0.1931592909823344,0.1679680306939991,0.0250773763866481,0.5398373983739837,0.4963292547274749,0.2711755544840653,81,30
rijntakken,broadleaf,4,ahn4_pulse_penetration,244,True,0,0,source_ridge,0,0,0.0656217623378666,0.0565533249286341,-0.0658595463362303,-0.0269489118549426,0.1135953026196928,0.2836484983314794,0.0598328659029632,81,30
rijntakken,broadleaf,4,ahn4_sigma_z,244,True,0,0,source_ridge,0,0,2.071022066415156,1.5412599223595531,0.0488951884351729,-1.0853443289798792,0.6365176151761517,0.5635150166852058,1.7638480907180525,81,30
geleenbeekdal,broadleaf,0,ahn4_p95_height_m,166,False,0,0,source_ridge,0,0,4.6415424959105644,3.595250654270938,-0.0541701972526007,-2.6332491415607797,0.6313173933427099,0.6666666666666667,3.822291943299608,80,9
geleenbeekdal,broadleaf,0,ahn4_height_sd_m,166,False,0,0,source_ridge,0,0,1.9212559389633888,1.4504987528297095,-0.3296989497760174,-1.0781634563385611,0.3329113924050633,0.1333333333333333,1.590216320007495,80,9
geleenbeekdal,broadleaf,0,ahn4_height_cv,166,False,0,0,source_ridge,0,0,0.1124592411789619,0.0873677380121916,-0.1382243525874473,-0.0444881105184711,0.5084857008907643,0.4666666666666666,0.1032854730784742,80,9
geleenbeekdal,broadleaf,0,ahn4_entropy,166,False,0,0,source_ridge,0,0,0.2494698388529045,0.2084449738975776,0.1590953943630512,-0.1099168984146985,0.4013361462728552,0.7166666666666667,0.2239497174371671,80,9
geleenbeekdal,broadleaf,0,ahn4_pulse_penetration,166,False,0,0,source_ridge,0,0,0.0563947029238205,0.0445297898363615,0.0486085919840227,0.023992860165641,0.538466947960619,0.5666666666666667,0.0510363123563798,80,9
geleenbeekdal,broadleaf,0,ahn4_sigma_z,166,False,0,0,source_ridge,0,0,1.8785309512772657,1.4481524058623534,-0.4121461134046178,-1.0964774567596798,0.2816690107829348,0.0999999999999999,1.5253247922080382,80,9
geleenbeekdal,broadleaf,1,ahn4_p95_height_m,165,False,0,0,source_ridge,0,0,3.911634850676613,3.2224841885775053,0.0072250645580479,-2.764541972263111,0.6924050632911393,0.6666666666666667,2.767344374779444,79,9
geleenbeekdal,broadleaf,1,ahn4_height_sd_m,165,False,0,0,source_ridge,0,0,1.6526496040796474,1.3384840345736575,-0.9438569479727428,-1.2962724702383672,0.4715189873417721,0.3333333333333333,1.02514798773969,79,9
geleenbeekdal,broadleaf,1,ahn4_height_cv,165,False,0,0,source_ridge,0,0,0.1169595756557188,0.0864580318140774,-0.0411622009881702,-0.0629471437808559,0.6653115871470302,0.7666666666666667,0.0985758562093074,79,9
geleenbeekdal,broadleaf,1,ahn4_entropy,165,False,0,0,source_ridge,0,0,0.294089833965652,0.2487122554592706,-0.9502701972856072,-0.2251198291592969,0.3282132424537488,0.1666666666666666,0.1892350204408098,79,9
geleenbeekdal,broadleaf,1,ahn4_pulse_penetration,165,False,0,0,source_ridge,0,0,0.0617757514818235,0.0533919116617557,-1.0628163974499958,0.0467949769492592,0.4368792599805258,0.8166666666666667,0.0403295624010765,79,9
geleenbeekdal,broadleaf,1,ahn4_sigma_z,165,False,0,0,source_ridge,0,0,1.660655353792525,1.3790483010557837,-1.1623386275437806,-1.3548948641908232,0.4485637779941577,0.4166666666666666,0.960227114316768,79,9
geleenbeekdal,broadleaf,2,ahn4_p95_height_m,180,False,0,0,source_ridge,0,0,3.3424971852942096,2.781732217657782,-0.0147925750965973,-1.7167148265304213,0.5404576436222006,0.45,2.867957049551185,79,9
geleenbeekdal,broadleaf,2,ahn4_height_sd_m,180,False,0,0,source_ridge,0,0,1.175052774568253,0.9286248376750292,0.0075057802963063,-0.6656106414344775,0.5801850048685492,0.3833333333333333,0.9683550469893432,79,9
geleenbeekdal,broadleaf,2,ahn4_height_cv,180,False,0,0,source_ridge,0,0,0.1027404408658496,0.0790825036155932,0.1563834586692735,-0.0456010884301645,0.6808909444985395,0.6166666666666666,0.0920659487720268,79,9
geleenbeekdal,broadleaf,2,ahn4_entropy,180,False,0,0,source_ridge,0,0,0.2511260357261519,0.2190382165405792,0.1045412371091129,-0.0886264220194728,0.4920155793573516,0.4333333333333333,0.2349673235570402,79,9
geleenbeekdal,broadleaf,2,ahn4_pulse_penetration,180,False,0,0,source_ridge,0,0,0.0625451532007136,0.0522168565599297,-0.1961530184471849,0.0400556803870811,0.4428432327166504,0.2166666666666666,0.0480358059954107,79,9
geleenbeekdal,broadleaf,2,ahn4_sigma_z,180,False,0,0,source_ridge,0,0,1.150808513659494,0.908194087551923,0.0480434840568593,-0.6868120255808823,0.617526777020448,0.3333333333333333,0.9233902082157136,79,9
geleenbeekdal,broadleaf,3,ahn4_p95_height_m,161,False,0,0,source_ridge,0,0,4.795476757729186,3.749367195562906,-0.0585913405443547,-2.5913607719890326,0.5694498539435249,0.6166666666666666,4.0350274699581945,79,9
geleenbeekdal,broadleaf,3,ahn4_height_sd_m,161,False,0,0,source_ridge,0,0,2.0364198590670157,1.4682481443438304,-0.5864479928620794,-1.2637166317724282,0.3136562804284323,0.1666666666666666,1.596880119791174,79,9
geleenbeekdal,broadleaf,3,ahn4_height_cv,161,False,0,0,source_ridge,0,0,0.1304191280745271,0.1056201992247484,-0.5167032563230773,-0.0735249084794882,0.2621957156767284,-0.0333333333333333,0.1077183215651022,79,9
geleenbeekdal,broadleaf,3,ahn4_entropy,161,False,0,0,source_ridge,0,0,0.2204405107938556,0.1657144705171138,0.0704136086636505,-0.0676347207514404,0.3725170399221031,0.3,0.2098083967526815,79,9
geleenbeekdal,broadleaf,3,ahn4_pulse_penetration,161,False,0,0,source_ridge,0,0,0.0566531008132615,0.048328910907835,0.0455332411877644,0.0334794069118322,0.5941333982473224,0.7,0.0457023319382013,79,9
geleenbeekdal,broadleaf,3,ahn4_sigma_z,161,False,0,0,source_ridge,0,0,1.9786219646930532,1.444649791702738,-0.5928936916039249,-1.2729992560199856,0.3823515092502434,0.0833333333333333,1.5147335651322855,79,9
geleenbeekdal,broadleaf,4,ahn4_p95_height_m,173,False,0,0,source_ridge,0,0,3.842855780372141,3.094390812271126,-0.0773120166871403,-2.567794640204372,0.5465433300876338,0.5333333333333333,2.859015780732468,79,9
geleenbeekdal,broadleaf,4,ahn4_height_sd_m,173,False,0,0,source_ridge,0,0,1.655431287976583,1.3285308526811446,-0.2275811202091222,-1.1792752227077026,0.4863680623174293,0.3166666666666666,1.161792880990199,79,9
geleenbeekdal,broadleaf,4,ahn4_height_cv,173,False,0,0,source_ridge,0,0,0.0941283008329057,0.074692242046663,0.0819360209199253,-0.0426039265974959,0.6617818889970789,0.4833333333333333,0.0839347511830778,79,9
geleenbeekdal,broadleaf,4,ahn4_entropy,173,False,0,0,source_ridge,0,0,0.2793957261336976,0.2297011921574331,-0.8456414580234395,-0.2093198475704939,0.4930623174294061,0.5166666666666667,0.1850599178505204,79,9
geleenbeekdal,broadleaf,4,ahn4_pulse_penetration,173,False,0,0,source_ridge,0,0,0.0564774093623377,0.0392456888799771,0.163752430799612,0.0257394348908114,0.4277507302823758,0.6,0.0502710578741162,79,9
geleenbeekdal,broadleaf,4,ahn4_sigma_z,173,False,0,0,source_ridge,0,0,1.6649211327730944,1.361790080848994,-0.3527683614955983,-1.2415466328407,0.4880720545277507,0.3666666666666667,1.1092900147555482,79,9
geuldal,broadleaf,0,ahn4_p95_height_m,1145,True,0,0,source_ridge,0,0,2.7993077798061123,2.232733187462754,0.3417304889050518,-0.3199892572832631,0.5628048988396505,0.5951219512195123,2.780958633512252,546,41
geuldal,broadleaf,0,ahn4_height_sd_m,1145,True,0,0,source_ridge,0,0,1.2236117388190542,0.9767265695219572,0.2258788723056684,-0.1603545415414111,0.5366085131725756,0.5263066202090594,1.2130589880062854,546,41
geuldal,broadleaf,0,ahn4_height_cv,1145,True,0,0,source_ridge,0,0,0.1008484084773959,0.071855452738511,0.0037834861476815,-0.0047122453920971,0.4894982078786986,0.3837979094076656,0.100738256068826,546,41
geuldal,broadleaf,0,ahn4_entropy,1145,True,0,0,source_ridge,0,0,0.2037032426294558,0.1543157539844532,0.2094274474203322,-0.0549180161622809,0.5324085605285812,0.5175958188153311,0.1961607059493679,546,41
geuldal,broadleaf,0,ahn4_pulse_penetration,1145,True,0,0,source_ridge,0,0,0.0445555102079335,0.0367011603378924,0.247730256065204,0.0036053456685156,0.4639586869363968,0.6700348432055752,0.0444094018480297,546,41
geuldal,broadleaf,0,ahn4_sigma_z,1145,True,0,0,source_ridge,0,0,1.2271226548073169,0.9770169994665756,0.2041584474259568,-0.2394197844077151,0.5179247333013497,0.497212543554007,1.2035398525913132,546,41
geuldal,broadleaf,1,ahn4_p95_height_m,861,True,0,0,source_ridge,0,0,3.284991505512025,2.519840018173419,-0.0402261917782831,-0.2312265698771552,0.4220593424384574,0.2575966291224374,3.2768435215415765,545,42
geuldal,broadleaf,1,ahn4_height_sd_m,861,True,0,0,source_ridge,0,0,1.1563728350645928,0.8998125889756231,-0.1156474694778757,-0.0169469366939528,0.4426010241781964,0.3217729519487886,1.1562486475719724,545,42
geuldal,broadleaf,1,ahn4_height_cv,861,True,0,0,source_ridge,0,0,0.0814253649766135,0.0637585947860256,0.3086651534017759,0.0032699872638094,0.5952513150637814,0.7543148853415446,0.0813596782495435,545,42
geuldal,broadleaf,1,ahn4_entropy,861,True,0,0,source_ridge,0,0,0.2115891967829885,0.1617620592033365,-0.3426838608024916,-0.073672608072677,0.3968882507131293,0.3407341382383924,0.198349023226836,545,42
geuldal,broadleaf,1,ahn4_pulse_penetration,861,True,0,0,source_ridge,0,0,0.047887227268259,0.03802604229594,0.1564829421420395,-0.0026538405390779,0.4358263700681402,0.4997163925127623,0.0478136347272934,545,42
geuldal,broadleaf,1,ahn4_sigma_z,861,True,0,0,source_ridge,0,0,1.0856492786691423,0.8466697228167148,-0.0356382676043038,-0.0750365548133707,0.427263110607687,0.2964913702293169,1.0830530327350405,545,42
geuldal,broadleaf,2,ahn4_p95_height_m,867,True,0,0,source_ridge,0,0,3.0017045992241864,2.3550789205888685,0.2677656872898105,-0.6507211168533921,0.4645126431236809,0.5677700348432058,2.9303229393847885,540,41
geuldal,broadleaf,2,ahn4_height_sd_m,867,True,0,0,source_ridge,0,0,1.0680761295799894,0.8381385776623057,0.2495002313558716,-0.2329222183439917,0.388676763485319,0.6088850174216028,1.042369348542197,540,41
geuldal,broadleaf,2,ahn4_height_cv,867,True,0,0,source_ridge,0,0,0.0883591733271306,0.0662899677198247,0.1291824443273678,-0.0047274480750381,0.4157724973146151,0.4461672473867597,0.0882326172441446,540,41
geuldal,broadleaf,2,ahn4_entropy,867,True,0,0,source_ridge,0,0,0.1961322902256312,0.1506266240994939,0.1619156012441132,-0.0828438016051604,0.4952273593231223,0.668466898954704,0.1777773320892065,540,41
geuldal,broadleaf,2,ahn4_pulse_penetration,867,True,0,0,source_ridge,0,0,0.0453093069306172,0.0350921664368815,0.2926128943235211,0.0043768486573896,0.3915688630238406,0.546864111498258,0.0450974111270612,540,41
geuldal,broadleaf,2,ahn4_sigma_z,867,True,0,0,source_ridge,0,0,1.0533452171425624,0.8293666570699623,0.2494099149105628,-0.3042110529588502,0.380447578123839,0.571254355400697,1.0084601041859709,540,41
geuldal,broadleaf,3,ahn4_p95_height_m,847,True,0,0,source_ridge,0,0,3.040750349804348,2.4388702822818025,0.0858454764279851,-0.2774295175555596,0.4159881350245779,0.2559233449477352,3.0280679570683606,542,41
geuldal,broadleaf,3,ahn4_height_sd_m,847,True,0,0,source_ridge,0,0,1.1705855720662584,0.9190164022391696,0.029101483411975,-0.0650131930104929,0.4164776477882935,0.3547038327526133,1.1687787926995723,542,41
geuldal,broadleaf,3,ahn4_height_cv,847,True,0,0,source_ridge,0,0,0.0960824982033347,0.0766525554971602,0.1178269056384222,0.0007111704194537,0.5486339598029,0.5695121951219513,0.0960798662448502,542,41
geuldal,broadleaf,3,ahn4_entropy,847,True,0,0,source_ridge,0,0,0.2261989031649598,0.1842761155960903,-0.0800327417873678,-0.0458541192030148,0.4093918092192022,0.2235191637630662,0.2215024684854473,542,41
geuldal,broadleaf,3,ahn4_pulse_penetration,847,True,0,0,source_ridge,0,0,0.0440435699739153,0.0362520443276736,0.2065840677000412,0.002416063763159,0.5518879572737884,0.4057491289198607,0.0439772519825821,542,41
geuldal,broadleaf,3,ahn4_sigma_z,847,True,0,0,source_ridge,0,0,1.1482005496124206,0.9022545274962084,0.0298655582636149,-0.148259410932623,0.4187059671681264,0.3088850174216028,1.138588445927753,542,41
geuldal,broadleaf,4,ahn4_p95_height_m,969,True,0,0,source_ridge,0,0,3.168920622554675,2.492826500135231,0.0478890892300168,-0.833132919893266,0.4515467613086481,0.278397212543554,3.057441324022822,541,41
geuldal,broadleaf,4,ahn4_height_sd_m,969,True,0,0,source_ridge,0,0,1.204892034681596,0.9639637281278466,-0.0567274764917284,-0.1529558714018092,0.3263489400143539,0.1980836236933798,1.195144056857946,541,41
geuldal,broadleaf,4,ahn4_height_cv,969,True,0,0,source_ridge,0,0,0.0892684003523988,0.071110219730841,0.0085440389246618,0.0132531417906918,0.4144312348853617,0.5348432055749129,0.0882791115392082,541,41
geuldal,broadleaf,4,ahn4_entropy,969,True,0,0,source_ridge,0,0,0.2062653308922164,0.1677333456713206,-0.1996849950927357,-0.0914887661203949,0.3643628377134048,0.3674216027874565,0.1848653358578703,541,41
geuldal,broadleaf,4,ahn4_pulse_penetration,969,True,0,0,source_ridge,0,0,0.0459209079843401,0.0372685452181498,0.2867480369645588,0.003680974433115,0.506753927058679,0.5722996515679444,0.0457731386003733,541,41
geuldal,broadleaf,4,ahn4_sigma_z,969,True,0,0,source_ridge,0,0,1.1794219720956116,0.9332561981859686,-0.0268096084727611,-0.2320224376673411,0.3277507599475255,0.2581881533101046,1.1563744102499012,541,41
