target_site,target,scenario,source_site,model,rows,rmse,mae,r2,bias,block_spearman,same_group,distance_km,local_rmse,relative_rmse
brabantse_wal,ahn4_entropy,single_source,drents_friese_wold_and_leggelderveld,ridge,4993,0.5475880638788915,0.5128279531893455,-3.045773727281862,-0.5102100234081351,0.5460269391020751,True,211.42050153539813,0.17941304238492972,3.052108456552697
brabantse_wal,ahn4_entropy,single_source,drentsche_aa,ridge,4993,0.23022886920443497,0.17756015419989024,0.2848235507744318,-0.005816178741631455,0.4247658881004791,False,238.5512066051113,0.17941304238492972,1.2832337389969686
brabantse_wal,ahn4_entropy,single_source,geleenbeekdal,ridge,4993,0.7461159240642867,0.679034670301916,-6.511147006941114,0.6787484450563095,0.156248725256142,False,122.52830648126101,0.17941304238492972,4.1586493052355635
brabantse_wal,ahn4_entropy,single_source,geuldal,ridge,4993,0.4362401074341316,0.35703857599707034,-1.5677032283741519,0.3481647478547716,0.3074240617440136,False,126.01048261009413,0.17941304238492972,2.431484922362449
brabantse_wal,ahn4_entropy,single_source,kennemerland_zuid,ridge,4993,0.4188668786636056,0.36201687101754243,-1.3672585009367788,-0.34512846673255054,0.42169781470572654,False,108.48930364978685,0.17941304238492972,2.3346512220941493
brabantse_wal,ahn4_entropy,single_source,landgoederen_oldenzaal,ridge,4993,0.4483105827481502,0.39833706307587724,-1.71176234314435,-0.3853216482249819,0.42306345647303634,False,205.11089423929135,0.17941304238492972,2.4987625023731677
brabantse_wal,ahn4_entropy,single_source,leenderbos_groote_heide_and_de_plateaux,ridge,4993,0.292543317910232,0.23103455667934789,-0.15471287771388886,0.19217935842739148,0.540480589305772,True,80.36442062385939,0.17941304238492972,1.6305577009422867
brabantse_wal,ahn4_entropy,single_source,loonse_en_drunense_duinen_and_leemkuilen,ridge,4993,0.3071555734417756,0.25706176283566784,-0.2729473583929205,-0.22563780845835194,0.5578136978081016,True,59.34298563978799,0.17941304238492972,1.7120024796345348
brabantse_wal,ahn4_entropy,single_source,maasduinen,ridge,4993,0.4930579079508901,0.4547289415474881,-2.2801182549216614,-0.45048981447985464,0.5527345356041659,True,122.7687336179703,0.17941304238492972,2.7481720470078033
brabantse_wal,ahn4_entropy,single_source,meinweg,ridge,4993,0.6477811817019742,0.6147918952934722,-4.661744915294557,-0.6142272789913809,0.5732569491501416,True,125.98399695871667,0.17941304238492972,3.6105579231646
brabantse_wal,ahn4_entropy,single_source,noordhollands_duinreservaat,ridge,4993,0.5887621037636449,0.5448646991662776,-3.6770643017423428,-0.5415605179591519,0.44023082043986544,False,129.21155263808558,0.17941304238492972,3.2816014707585137
brabantse_wal,ahn4_entropy,single_source,rijntakken,ridge,4993,0.3117449465642463,0.2419641450868605,-0.31127109611822945,0.19070461121416185,0.2978652116148922,False,127.4399869807963,0.17941304238492972,1.7375824099532249
brabantse_wal,ahn4_entropy,single_source,sallandse_heuvelrug,ridge,4993,0.3493241642409096,0.2994989217477924,-0.6464589272389507,-0.2711211115451835,0.49229837380121555,True,173.06290492636307,0.17941304238492972,1.947038852902547
brabantse_wal,ahn4_entropy,single_source,savelsbos,ridge,4993,0.9943083105912465,0.9256202774520983,-12.339384239467666,0.9256202774520983,-0.052215888822970485,False,118.53412518408467,0.17941304238492972,5.542006853983131
brabantse_wal,ahn4_entropy,single_source,schoorlse_duinen,ridge,4993,0.2876066970054246,0.22110666176861887,-0.11607050993616674,-0.08279702202435996,0.3008451141997124,True,143.21656620903207,0.17941304238492972,1.6030423049644629
brabantse_wal,ahn4_entropy,single_source,springendal_and_dal_van_de_mosbeek,ridge,4993,0.22334503410782347,0.1766606240240327,0.3269516787667832,-0.03131072240239796,0.4186024810591816,False,206.12557525585845,0.17941304238492972,1.2448650953069393
brabantse_wal,ahn4_entropy,single_source,vecht_en_beneden_reggegebied,ridge,4993,0.541708288258844,0.4762585672049017,-2.959356476416691,-0.4708558257256587,0.4847019055763923,True,188.30403132317696,0.17941304238492972,3.019336170090755
brabantse_wal,ahn4_entropy,single_source,veluwe,ridge,4993,0.22606657347916437,0.18911269421255453,0.31044907201909566,-0.12699346123194044,0.5771396998031046,True,133.72468666254647,0.17941304238492972,1.2600342231204114
brabantse_wal,ahn4_entropy,single_source,voornes_duin,ridge,4993,0.2889176908883344,0.22412555844943582,-0.12626843913604557,-0.008365776073739532,0.16609124977120926,False,56.840604853141876,0.17941304238492972,1.61034943194633
brabantse_wal,ahn4_height_cv,single_source,drents_friese_wold_and_leggelderveld,ridge,4993,0.11531089883309271,0.08762408608595773,-0.062434627804655474,-0.05151768981993244,0.3455443054097594,True,211.42050153539813,0.09927066808177437,1.161580767625188
brabantse_wal,ahn4_height_cv,single_source,drentsche_aa,ridge,4993,0.11259703240313111,0.08994418155400351,-0.013013868892787883,-0.0002173661815357681,0.06427802450856818,False,238.5512066051113,0.09927066808177437,1.1342427182053325
brabantse_wal,ahn4_height_cv,single_source,geleenbeekdal,ridge,4993,0.2930277805478691,0.270283202143848,-5.860868472051902,0.26675057046064465,0.07543772459934854,False,122.52830648126101,0.09927066808177437,2.951806270775643
brabantse_wal,ahn4_height_cv,single_source,geuldal,ridge,4993,0.12881550885052892,0.10791601321307558,-0.3258604293118792,0.06457107079187932,0.24281380024934904,False,126.01048261009413,0.09927066808177437,1.2976190383287936
brabantse_wal,ahn4_height_cv,single_source,kennemerland_zuid,ridge,4993,0.1739251734454382,0.14241464061020934,-1.4170542191718338,-0.13372712010595028,0.18411610828338137,False,108.48930364978685,0.09927066808177437,1.7520298473479303
brabantse_wal,ahn4_height_cv,single_source,landgoederen_oldenzaal,ridge,4993,0.15616081729972198,0.1332586673829268,-0.9485235044343163,0.1138984916809978,0.22757900619495483,False,205.11089423929135,0.09927066808177437,1.573081155967282
brabantse_wal,ahn4_height_cv,single_source,leenderbos_groote_heide_and_de_plateaux,ridge,4993,0.10683503471336704,0.08639063930385232,0.08801248433831821,0.037237548513740275,0.32999848640094553,True,80.36442062385939,0.09927066808177437,1.0761994129561163
brabantse_wal,ahn4_height_cv,single_source,loonse_en_drunense_duinen_and_leemkuilen,ridge,4993,0.11466009152084929,0.0867670251890956,-0.050475844907145184,-0.04502951269607349,0.31268129386749716,True,59.34298563978799,0.09927066808177437,1.1550248803241443
brabantse_wal,ahn4_height_cv,single_source,maasduinen,ridge,4993,0.16606861290909902,0.13563583877171095,-1.2036195606682667,-0.12850123501478153,0.3107215277055918,True,122.7687336179703,0.09927066808177437,1.6728870281430939
brabantse_wal,ahn4_height_cv,single_source,meinweg,ridge,4993,0.15283037161997629,0.1271729577091896,-0.8662973551539142,0.09045898783580936,0.27134405329689193,True,125.98399695871667,0.09927066808177437,1.5395320145733482
brabantse_wal,ahn4_height_cv,single_source,noordhollands_duinreservaat,ridge,4993,0.15840339762941263,0.12643475308691254,-1.0048897133857198,-0.11806056168976359,0.233072429443485,False,129.21155263808558,0.09927066808177437,1.5956717194542056
brabantse_wal,ahn4_height_cv,single_source,rijntakken,ridge,4993,0.21339082258976133,0.1878129222600097,-2.6384212328926044,0.17654547992807282,0.05456099885210825,False,127.4399869807963,0.09927066808177437,2.149585841549694
brabantse_wal,ahn4_height_cv,single_source,sallandse_heuvelrug,ridge,4993,0.1235370714714415,0.10044339150825077,-0.21942784051844932,0.053440025218314945,0.27251207047818554,True,173.06290492636307,0.09927066808177437,1.2444468628908354
brabantse_wal,ahn4_height_cv,single_source,savelsbos,ridge,4993,0.11250455922847742,0.08650075028056896,-0.011350625390211588,-0.01785467313476792,0.1746443277013855,False,118.53412518408467,0.09927066808177437,1.1333111925448272
brabantse_wal,ahn4_height_cv,single_source,schoorlse_duinen,ridge,4993,0.11045637739205194,0.0837497092181896,0.025138108388196523,-0.009804489459507086,0.2705864184303686,True,143.21656620903207,0.09927066808177437,1.1126788962582919
brabantse_wal,ahn4_height_cv,single_source,springendal_and_dal_van_de_mosbeek,ridge,4993,0.15756219032400792,0.13230037204569478,-0.9836521678128991,0.10384695991081802,0.07166496118628216,False,206.12557525585845,0.09927066808177437,1.587197843719716
brabantse_wal,ahn4_height_cv,single_source,vecht_en_beneden_reggegebied,ridge,4993,0.1225473625186596,0.09701700533397534,-0.19996737860076408,0.03706010949587002,0.29264784106426733,True,188.30403132317696,0.09927066808177437,1.2344770604113493
brabantse_wal,ahn4_height_cv,single_source,veluwe,ridge,4993,0.17232693572711352,0.14631445632845125,-1.3728366050204168,-0.14375336009725995,0.3891043163680408,True,133.72468666254647,0.09927066808177437,1.735930049198006
brabantse_wal,ahn4_height_cv,single_source,voornes_duin,ridge,4993,0.16237982637923115,0.12500399741822707,-1.1068113421597325,-0.10443446958809165,0.15463508326898273,False,56.840604853141876,0.09927066808177437,1.6357281512951087
brabantse_wal,ahn4_height_sd_m,single_source,drents_friese_wold_and_leggelderveld,ridge,4993,2.473086161535084,2.2563936677346663,-3.337599245852126,-2.2533522295424655,0.3000898567401678,True,211.42050153539813,0.9748672052123615,2.5368441448354555
brabantse_wal,ahn4_height_sd_m,single_source,drentsche_aa,ridge,4993,1.2233874256695956,0.9594290051589339,-0.06144856654052866,0.2919453073291211,0.1328493569843586,False,238.5512066051113,0.9748672052123615,1.2549272548388757
brabantse_wal,ahn4_height_sd_m,single_source,geleenbeekdal,ridge,4993,5.6974057691205715,5.456933812562544,-22.02105551368798,5.456823610022265,0.03564877480785219,False,122.52830648126101,0.9748672052123615,5.844289087434703
brabantse_wal,ahn4_height_sd_m,single_source,geuldal,ridge,4993,1.3510216221248768,1.0634100765638506,-0.2944805500258858,0.5054177270093083,0.10581920095665547,False,126.01048261009413,0.9748672052123615,1.3858519549137722
brabantse_wal,ahn4_height_sd_m,single_source,kennemerland_zuid,ridge,4993,2.165335687789611,1.8642821291068572,-2.325227760987932,-1.8119980717140185,0.17917941716327956,False,108.48930364978685,0.9748672052123615,2.221159637140447
brabantse_wal,ahn4_height_sd_m,single_source,landgoederen_oldenzaal,ridge,4993,1.1970590362673033,0.9605531726802292,-0.016253533977283574,0.20612446216666905,0.10013048847940323,False,205.11089423929135,0.9748672052123615,1.2279201001602473
brabantse_wal,ahn4_height_sd_m,single_source,leenderbos_groote_heide_and_de_plateaux,ridge,4993,1.0294259250432531,0.8174568743548375,0.2484443695797548,0.005370228222630247,0.31012065776990083,True,80.36442062385939,0.9748672052123615,1.0559652838244844
brabantse_wal,ahn4_height_sd_m,single_source,loonse_en_drunense_duinen_and_leemkuilen,ridge,4993,1.1205443423159496,0.8721026466839712,0.10951004583352164,-0.1201253677876999,0.2616592472995438,True,59.34298563978799,0.9748672052123615,1.1494328010263248
brabantse_wal,ahn4_height_sd_m,single_source,maasduinen,ridge,4993,2.1254737651507467,1.8416095771368133,-2.2039256382777728,-1.8135798790139974,0.26183916493388937,True,122.7687336179703,0.9748672052123615,2.1802700447675245
brabantse_wal,ahn4_height_sd_m,single_source,meinweg,ridge,4993,1.6180944867934992,1.2804302799570533,-0.856857971464968,-0.9316873131218009,0.21469689859804397,True,125.98399695871667,0.9748672052123615,1.6598101548005397
brabantse_wal,ahn4_height_sd_m,single_source,noordhollands_duinreservaat,ridge,4993,2.2124500368860747,1.9472107633517652,-2.4715056305177976,-1.9263091577058393,0.1582760217239808,False,129.21155263808558,0.9748672052123615,2.269488628868301
brabantse_wal,ahn4_height_sd_m,single_source,rijntakken,ridge,4993,3.650708479024263,3.376564238253284,-8.452033215524752,3.352381303456631,-0.06444299145843473,False,127.4399869807963,0.9748672052123615,3.7448264332874
brabantse_wal,ahn4_height_sd_m,single_source,sallandse_heuvelrug,ridge,4993,1.17465001825902,0.9290155671590266,0.021438985449039882,0.2417639308641946,0.2611850200398574,True,173.06290492636307,0.9748672052123615,1.204933361157778
brabantse_wal,ahn4_height_sd_m,single_source,savelsbos,ridge,4993,1.4743424127126075,1.1773473645863732,-0.5415856124885086,0.6981109833867276,0.0897930160583738,False,118.53412518408467,0.9748672052123615,1.5123520463399343
brabantse_wal,ahn4_height_sd_m,single_source,schoorlse_duinen,ridge,4993,1.3187470620769497,1.0182883508349636,-0.23337158961137439,-0.521792765261966,0.16002032708703298,True,143.21656620903207,0.9748672052123615,1.3527453329294001
brabantse_wal,ahn4_height_sd_m,single_source,springendal_and_dal_van_de_mosbeek,ridge,4993,1.2110762074996988,0.9589987155087656,-0.040192874511085774,0.16697915292775542,0.0963386976034977,False,206.12557525585845,0.9748672052123615,1.2422986443942203
brabantse_wal,ahn4_height_sd_m,single_source,vecht_en_beneden_reggegebied,ridge,4993,2.1029624225358474,1.764476308764822,-2.1364181252520793,-1.6976801940074024,0.2829717317190276,True,188.30403132317696,0.9748672052123615,2.1571783431546923
brabantse_wal,ahn4_height_sd_m,single_source,veluwe,ridge,4993,1.1335297310980106,0.8875545350722231,0.0887516365357438,-0.5557727162698137,0.3615533230443903,True,133.72468666254647,0.9748672052123615,1.1627529626982238
brabantse_wal,ahn4_height_sd_m,single_source,voornes_duin,ridge,4993,1.4150719829256098,1.1288303034093237,-0.4201296503331817,-0.4385476730309502,0.07153595981431395,False,56.840604853141876,0.9748672052123615,1.4515535812053044
brabantse_wal,ahn4_p95_height_m,single_source,drents_friese_wold_and_leggelderveld,ridge,4993,7.017651140761061,6.630549760983133,-6.980417552196273,-6.630079605765933,0.26313363477473356,True,211.42050153539813,1.9413567155598626,3.614817969575087
brabantse_wal,ahn4_p95_height_m,single_source,drentsche_aa,ridge,4993,2.8263957235695933,2.258072914854456,-0.29451772098685125,1.3986920021993325,0.29175598986461765,False,238.5512066051113,1.9413567155598626,1.4558868552678619
brabantse_wal,ahn4_p95_height_m,single_source,geleenbeekdal,ridge,4993,11.70575556568166,11.127006981034086,-21.204498435343652,11.1262164721421,0.20024829505490407,False,122.52830648126101,1.9413567155598626,6.029677839142441
brabantse_wal,ahn4_p95_height_m,single_source,geuldal,ridge,4993,3.0955867872044753,2.448829333410058,-0.5528447351606811,0.30905066802346254,0.16257266500990597,False,126.01048261009413,1.9413567155598626,1.5945481643808812
brabantse_wal,ahn4_p95_height_m,single_source,kennemerland_zuid,ridge,4993,4.326681801293316,3.7304863204186995,-2.03355573888422,-3.5496855706799737,0.2397726608020917,False,108.48930364978685,1.9413567155598626,2.228689743937943
brabantse_wal,ahn4_p95_height_m,single_source,landgoederen_oldenzaal,ridge,4993,2.6145703694017928,2.048987726022246,-0.10775249141269105,-0.670132652218467,0.15733725027955214,False,205.11089423929135,1.9413567155598626,1.3467748345505808
brabantse_wal,ahn4_p95_height_m,single_source,leenderbos_groote_heide_and_de_plateaux,ridge,4993,2.122438777417338,1.6602965498360696,0.2700175673919428,-0.5422536275842578,0.39195327492297716,True,80.36442062385939,1.9413567155598626,1.0932760375288648
brabantse_wal,ahn4_p95_height_m,single_source,loonse_en_drunense_duinen_and_leemkuilen,ridge,4993,2.3839930250337384,1.8513311254674572,0.07901612551695458,-0.10121971543504558,0.30721459057467476,True,59.34298563978799,1.9413567155598626,1.2280035945615617
brabantse_wal,ahn4_p95_height_m,single_source,maasduinen,ridge,4993,3.0288585268228263,2.4225019296283996,-0.4866202441135796,-1.9716354083041328,0.2997753477620928,True,122.7687336179703,1.9413567155598626,1.5601761914988106
brabantse_wal,ahn4_p95_height_m,single_source,meinweg,ridge,4993,5.195043894284141,4.585366349019792,-3.3734131664116136,-4.505687575996758,0.31119425827636915,True,125.98399695871667,1.9413567155598626,2.675986258808679
brabantse_wal,ahn4_p95_height_m,single_source,noordhollands_duinreservaat,ridge,4993,5.149368452130174,4.603776985051451,-3.296848102487157,-4.572626029207363,0.24815733010589955,False,129.21155263808558,1.9413567155598626,2.652458670196096
brabantse_wal,ahn4_p95_height_m,single_source,rijntakken,ridge,4993,7.7471287531546285,7.241102865360088,-8.725761443875427,7.156058100106547,0.10529712198106148,False,127.4399869807963,1.9413567155598626,3.9905745765638208
brabantse_wal,ahn4_p95_height_m,single_source,sallandse_heuvelrug,ridge,4993,2.368895006810742,1.8778651333250822,0.09064451564859388,-0.3385342683988391,0.3098870946549463,True,173.06290492636307,1.9413567155598626,1.2202265497238012
brabantse_wal,ahn4_p95_height_m,single_source,savelsbos,ridge,4993,4.200184260117919,3.2938906257546896,-1.8587669430376392,2.5260320721153025,0.0068673247484729765,False,118.53412518408467,1.9413567155598626,2.1635303942102366
brabantse_wal,ahn4_p95_height_m,single_source,schoorlse_duinen,ridge,4993,3.0738779354808807,2.270069688603922,-0.5311414037124462,-1.5091149079989135,0.11939064700499685,True,143.21656620903207,1.9413567155598626,1.583365854839518
brabantse_wal,ahn4_p95_height_m,single_source,springendal_and_dal_van_de_mosbeek,ridge,4993,3.1898516113312363,2.5112070275652596,-0.6488571297444792,1.5306947175068746,0.20389764613310302,False,206.12557525585845,1.9413567155598626,1.6431043227474678
brabantse_wal,ahn4_p95_height_m,single_source,vecht_en_beneden_reggegebied,ridge,4993,7.163979599541174,6.73784872887133,-7.3166944534309515,-6.736122127649325,0.28842202628049607,True,188.30403132317696,1.9413567155598626,3.690192298057482
brabantse_wal,ahn4_p95_height_m,single_source,veluwe,ridge,4993,3.405723172721049,2.8840574994100243,-0.8795797350318098,2.6215234916180727,0.3599704665365376,True,133.72468666254647,1.9413567155598626,1.7543005597190735
brabantse_wal,ahn4_p95_height_m,single_source,voornes_duin,ridge,4993,3.589239378620821,2.7814913040693003,-1.0875981969730448,1.0669818140119167,0.16063948757894247,False,56.840604853141876,1.9413567155598626,1.848830433816348
brabantse_wal,ahn4_pulse_penetration,single_source,drents_friese_wold_and_leggelderveld,ridge,4993,0.07019761925651667,0.053922639933795306,0.2217421310941563,0.04644836376840283,0.6522238921206339,True,211.42050153539813,0.04532856732030136,1.5486397079458802
brabantse_wal,ahn4_pulse_penetration,single_source,drentsche_aa,ridge,4993,0.07611928007903222,0.05764366519578541,0.08490096336582909,0.04729646974327981,0.5495674045973572,False,238.5512066051113,0.04532856732030136,1.6792783134123144
brabantse_wal,ahn4_pulse_penetration,single_source,geleenbeekdal,ridge,4993,0.10700826558612996,0.09224814344171334,-0.808478723727369,-0.06759877059957967,0.08651508329808533,False,122.52830648126101,0.04532856732030136,2.3607246359671294
brabantse_wal,ahn4_pulse_penetration,single_source,geuldal,ridge,4993,0.06912833496250034,0.052947811039109414,0.24527115807750788,-0.0034242814345802263,0.35610733177384774,False,126.01048261009413,0.04532856732030136,1.5250500743609372
brabantse_wal,ahn4_pulse_penetration,single_source,kennemerland_zuid,ridge,4993,0.073528613386845,0.052438637053142216,0.14613049017210078,0.018263125700604513,0.539530419437848,False,108.48930364978685,0.04532856732030136,1.6221252453728807
brabantse_wal,ahn4_pulse_penetration,single_source,landgoederen_oldenzaal,ridge,4993,0.072890649404563,0.05550667874119183,0.1608832451692751,0.045170297890305695,0.6336033121917012,False,205.11089423929135,0.04532856732030136,1.6080510308102627
brabantse_wal,ahn4_pulse_penetration,single_source,leenderbos_groote_heide_and_de_plateaux,ridge,4993,0.053092966297486534,0.042099701538459454,0.5548024826519131,-0.016988721625488475,0.6858618728624338,True,80.36442062385939,0.04532856732030136,1.1712915151789436
brabantse_wal,ahn4_pulse_penetration,single_source,loonse_en_drunense_duinen_and_leemkuilen,ridge,4993,0.05854180012798073,0.04482841579744708,0.4587338110336868,-0.009109017624781064,0.6945068925425846,True,59.34298563978799,0.04532856732030136,1.2914990168189484
brabantse_wal,ahn4_pulse_penetration,single_source,maasduinen,ridge,4993,0.09014767724650995,0.07085781024918467,-0.28347624814978656,0.06688613841899692,0.608017163406213,True,122.7687336179703,0.04532856732030136,1.9887607876398818
brabantse_wal,ahn4_pulse_penetration,single_source,meinweg,ridge,4993,0.05954367310926443,0.04358815912600056,0.44004903515787086,0.0036638581706141867,0.6320422816021297,True,125.98399695871667,0.04532856732030136,1.3136014798022644
brabantse_wal,ahn4_pulse_penetration,single_source,noordhollands_duinreservaat,ridge,4993,0.09149435590740763,0.07178103463918095,-0.3221093062026974,0.06774514079546769,0.5815224853312766,False,129.21155263808558,0.04532856732030136,2.0184700579854846
brabantse_wal,ahn4_pulse_penetration,single_source,rijntakken,ridge,4993,0.07924814859844305,0.06062445700530999,0.00812486366342191,0.0024857851187947313,0.2608505049240393,False,127.4399869807963,0.04532856732030136,1.7483047288580436
brabantse_wal,ahn4_pulse_penetration,single_source,sallandse_heuvelrug,ridge,4993,0.08549609518389732,0.06838110557380359,-0.1544398603251751,0.06217134082162027,0.6256952330051021,True,173.06290492636307,0.04532856732030136,1.8861415711589473
brabantse_wal,ahn4_pulse_penetration,single_source,savelsbos,ridge,4993,0.10837430717560248,0.08364591152184596,-0.8549466440390143,0.06945389860322698,-0.09574607467057049,False,118.53412518408467,0.04532856732030136,2.390861074646512
brabantse_wal,ahn4_pulse_penetration,single_source,schoorlse_duinen,ridge,4993,0.0615900749944946,0.04528751428227854,0.400898758411417,0.015462046833104188,0.5894104469925467,True,143.21656620903207,0.04532856732030136,1.3587474441732506
brabantse_wal,ahn4_pulse_penetration,single_source,springendal_and_dal_van_de_mosbeek,ridge,4993,0.11462061137547078,0.09467243739041674,-1.07493356009051,0.09284495410680135,0.4382258968960573,False,206.12557525585845,0.04532856732030136,2.5286616840443465
brabantse_wal,ahn4_pulse_penetration,single_source,vecht_en_beneden_reggegebied,ridge,4993,0.11139870761886345,0.0964509026936787,-0.9599232222789131,0.09539476856473103,0.6379635328962003,True,188.30403132317696,0.04532856732030136,2.4575828049383586
brabantse_wal,ahn4_pulse_penetration,single_source,veluwe,ridge,4993,0.08657648084558196,0.07284868577633365,-0.18380075100681115,0.07157967442392817,0.6991249191993386,True,133.72468666254647,0.04532856732030136,1.9099761136021356
brabantse_wal,ahn4_pulse_penetration,single_source,voornes_duin,ridge,4993,0.08325297948687774,0.06255899774020113,-0.09465766923665919,0.022308027953649803,0.24745832129643033,False,56.840604853141876,0.04532856732030136,1.8366558752804685
brabantse_wal,ahn4_sigma_z,single_source,drents_friese_wold_and_leggelderveld,ridge,4993,2.051356468517283,1.8052747004811258,-2.4314006403638713,-1.7959831458222137,0.2534725540319177,True,211.42050153539813,0.9399892194224743,2.1823191438063816
brabantse_wal,ahn4_sigma_z,single_source,drentsche_aa,ridge,4993,1.2565595633009814,1.0001850722491143,-0.28752395247107776,0.49558690683765866,0.07756199968749204,False,238.5512066051113,0.9399892194224743,1.3367808240109464
brabantse_wal,ahn4_sigma_z,single_source,geleenbeekdal,ridge,4993,6.1661499401194,5.917613542259805,-30.003970844233617,5.917613542259805,-0.007478628086195736,False,122.52830648126101,0.9399892194224743,6.559809211331018
brabantse_wal,ahn4_sigma_z,single_source,geuldal,ridge,4993,1.8075932601614026,1.477587962949707,-1.6643457627599534,1.265021874308843,0.04595613940393086,False,126.01048261009413,0.9399892194224743,1.9229936075990115
brabantse_wal,ahn4_sigma_z,single_source,kennemerland_zuid,ridge,4993,1.8044697753513421,1.508021531857446,-1.6551458464512931,-1.4129897089283907,0.17988739175828902,False,108.48930364978685,0.9399892194224743,1.91967071330882
brabantse_wal,ahn4_sigma_z,single_source,landgoederen_oldenzaal,ridge,4993,1.117197329804564,0.890801800068445,-0.017768336787662875,0.02949874763539481,0.1310506977481867,False,205.11089423929135,0.9399892194224743,1.188521428459537
brabantse_wal,ahn4_sigma_z,single_source,leenderbos_groote_heide_and_de_plateaux,ridge,4993,1.0233155903768605,0.7954123448638706,0.14609739384939568,-0.15120830754639794,0.24212252130516507,True,80.36442062385939,0.9399892194224743,1.0886460921387817
brabantse_wal,ahn4_sigma_z,single_source,loonse_en_drunense_duinen_and_leemkuilen,ridge,4993,1.2287175167587392,0.9162652341019586,-0.23109978922000973,-0.5175650058081015,0.21844919467124216,True,59.34298563978799,0.9399892194224743,1.3071612858641704
brabantse_wal,ahn4_sigma_z,single_source,maasduinen,ridge,4993,1.9402634255235507,1.6069027989308977,-2.06980332376944,-1.5642732267198707,0.185243874802,True,122.7687336179703,0.9399892194224743,2.0641337000818383
brabantse_wal,ahn4_sigma_z,single_source,meinweg,ridge,4993,1.6540080119599991,1.3121044839030318,-1.2308192091361008,-1.123585489104897,0.20843385038856987,True,125.98399695871667,0.9399892194224743,1.7596031718068164
brabantse_wal,ahn4_sigma_z,single_source,noordhollands_duinreservaat,ridge,4993,1.8223519138830178,1.5499264852861991,-1.7080311275221622,-1.502269429298068,0.15414171722151546,False,129.21155263808558,0.9399892194224743,1.9386944831161614
brabantse_wal,ahn4_sigma_z,single_source,rijntakken,ridge,4993,3.9493405538248294,3.7207621022404864,-11.718571248382915,3.707915693533736,-0.06271737951402553,False,127.4399869807963,0.9399892194224743,4.201474306536504
brabantse_wal,ahn4_sigma_z,single_source,sallandse_heuvelrug,ridge,4993,1.1095974946651919,0.8883645375220147,-0.003968513274195562,0.2855880307293126,0.19675242072129182,True,173.06290492636307,0.9399892194224743,1.1804364047354972
brabantse_wal,ahn4_sigma_z,single_source,savelsbos,ridge,4993,2.0854059643347385,1.7601234764423754,-2.5462584219775146,1.6495129749236446,0.015026315980312675,False,118.53412518408467,0.9399892194224743,2.218542427131243
brabantse_wal,ahn4_sigma_z,single_source,schoorlse_duinen,ridge,4993,1.2356823659197662,0.9378407255593157,-0.24509605085730524,-0.5264500736952892,0.15802284026120667,True,143.21656620903207,0.9399892194224743,1.31457078484258
brabantse_wal,ahn4_sigma_z,single_source,springendal_and_dal_van_de_mosbeek,ridge,4993,1.37894338762382,1.1010231985928136,-0.5505366312563449,0.5881802858074724,0.006408437682636494,False,206.12557525585845,0.9399892194224743,1.466977874992053
brabantse_wal,ahn4_sigma_z,single_source,vecht_en_beneden_reggegebied,ridge,4993,2.2030473518881117,1.8834518641824691,-2.9576448715492543,-1.8587290870720758,0.26270454473829835,True,188.30403132317696,0.9399892194224743,2.3436942747509972
brabantse_wal,ahn4_sigma_z,single_source,veluwe,ridge,4993,1.0737934366211412,0.8223968143248525,0.05977748288693685,-0.5273058212154895,0.3427956175784695,True,133.72468666254647,0.9399892194224743,1.142346544443218
brabantse_wal,ahn4_sigma_z,single_source,voornes_duin,ridge,4993,1.3092592553653768,1.0405503124455464,-0.3977852810711018,-0.3572907884478874,0.0759758492995062,False,56.840604853141876,0.9399892194224743,1.3928449691899452
drents_friese_wold_and_leggelderveld,ahn4_entropy,single_source,brabantse_wal,ridge,4998,0.30852391307312604,0.24978060837268254,-0.08021041826038378,0.2144731534775699,0.49023791880835244,True,211.42050153539813,0.18803846943201852,1.6407489063543277
drents_friese_wold_and_leggelderveld,ahn4_entropy,single_source,drentsche_aa,ridge,4998,0.23733364924646405,0.18558132310092565,0.360781502960813,-0.06951629452042415,0.45420028141036733,False,28.059997489608616,0.18803846943201852,1.2621547599453695
drents_friese_wold_and_leggelderveld,ahn4_entropy,single_source,geleenbeekdal,ridge,4998,0.44056119247621517,0.3622958348712681,-1.2026382546065104,0.2838402522170519,0.24116847062401162,False,222.92051689350404,0.18803846943201852,2.3429311768328933
drents_friese_wold_and_leggelderveld,ahn4_entropy,single_source,geuldal,ridge,4998,0.297085953921559,0.23257486299630653,-0.0016014342520676017,0.16103913812689755,0.45513362465118407,False,233.47487039081648,0.18803846943201852,1.5799211449599913
drents_friese_wold_and_leggelderveld,ahn4_entropy,single_source,kennemerland_zuid,ridge,4998,0.502744420456704,0.4277012024892308,-1.868304263680257,-0.4062842627175148,0.36798224289282083,False,129.2747236501634,0.18803846943201852,2.6736253596153685
drents_friese_wold_and_leggelderveld,ahn4_entropy,single_source,landgoederen_oldenzaal,ridge,4998,0.3052024798795688,0.22977467385586883,-0.057077468135795284,-0.1455482189395988,0.3630208685878846,False,78.81999690371447,0.18803846943201852,1.62308532292063
drents_friese_wold_and_leggelderveld,ahn4_entropy,single_source,leenderbos_groote_heide_and_de_plateaux,ridge,4998,0.30052562335954536,0.2351607674461321,-0.024928838184459456,0.15512436681925695,0.40202009481024864,True,182.27480801114578,0.18803846943201852,1.59821351592204
drents_friese_wold_and_leggelderveld,ahn4_entropy,single_source,loonse_en_drunense_duinen_and_leemkuilen,ridge,4998,0.27798372573484087,0.20798290240202763,0.12306088388187864,0.08448124236008743,0.4460842408289055,True,159.7574443746692,0.18803846943201852,1.4783343353863037
drents_friese_wold_and_leggelderveld,ahn4_entropy,single_source,maasduinen,ridge,4998,0.2758331384028696,0.21793836795809937,0.13657706364242506,-0.03938734435334342,0.4234305935112161,True,149.51913350383418,0.18803846943201852,1.4668973813498916
drents_friese_wold_and_leggelderveld,ahn4_entropy,single_source,meinweg,ridge,4998,0.2540661853030945,0.18769275279460687,0.2674716564388824,0.058281499019025206,0.4917190750422295,True,193.42813929498493,0.18803846943201852,1.3511394028600459
drents_friese_wold_and_leggelderveld,ahn4_entropy,single_source,noordhollands_duinreservaat,ridge,4998,0.5467097605749074,0.48257853629502334,-2.391910269112276,-0.4709715336917598,0.4416126585504328,False,118.09775561338225,0.18803846943201852,2.907435708375403
drents_friese_wold_and_leggelderveld,ahn4_entropy,single_source,rijntakken,ridge,4998,0.27890667326200846,0.22533015472482407,0.11722807910711708,0.08849902359210567,0.30305887169205437,False,96.77598459240478,0.18803846943201852,1.483242626386307
drents_friese_wold_and_leggelderveld,ahn4_entropy,single_source,sallandse_heuvelrug,ridge,4998,0.35154206888231704,0.29639121403389385,-0.4024432878152173,-0.18988185081017084,0.4190940399084455,True,62.70154772338452,0.18803846943201852,1.8695220714366105
drents_friese_wold_and_leggelderveld,ahn4_entropy,single_source,savelsbos,ridge,4998,0.7281214015406395,0.6507786725212921,-5.016422024134504,0.6456312643989464,0.15794113642368424,False,235.33243952185128,0.18803846943201852,3.8721938321449536
drents_friese_wold_and_leggelderveld,ahn4_entropy,single_source,schoorlse_duinen,ridge,4998,0.41596830401987295,0.3177895118401649,-0.9635916589734608,-0.2236431607137299,0.2022851373705522,True,112.46936574047614,0.18803846943201852,2.212144702498006
drents_friese_wold_and_leggelderveld,ahn4_entropy,single_source,springendal_and_dal_van_de_mosbeek,ridge,4998,0.23230423102295722,0.18016757829081362,0.3875862411629074,-0.01448844518457291,0.44057138641424953,False,63.26639340139041,0.18803846943201852,1.2354080083966121
drents_friese_wold_and_leggelderveld,ahn4_entropy,single_source,vecht_en_beneden_reggegebied,ridge,4998,0.3402174547160299,0.268447848681227,-0.3135417525707631,-0.18990586044367502,0.4596025613406889,True,45.34167366129035,0.18803846943201852,1.809297085557424
drents_friese_wold_and_leggelderveld,ahn4_entropy,single_source,veluwe,ridge,4998,0.21504655084061003,0.16517304048504697,0.47519778167475846,0.007790861993875238,0.513841353396503,True,83.88072800864316,0.18803846943201852,1.1436306171294153
drents_friese_wold_and_leggelderveld,ahn4_entropy,single_source,voornes_duin,ridge,4998,0.528327128101812,0.46263446626200283,-2.1676451295336845,-0.44515273902825114,0.32147216433554987,False,188.74615566114113,0.18803846943201852,2.8096757525077494
drents_friese_wold_and_leggelderveld,ahn4_height_cv,single_source,brabantse_wal,ridge,4998,0.1820513578193825,0.16204725320391788,-2.63234176285865,0.1561854859149596,0.3930082714448805,True,211.42050153539813,0.07681949890035435,2.3698587002699485
drents_friese_wold_and_leggelderveld,ahn4_height_cv,single_source,drentsche_aa,ridge,4998,0.09674835407526329,0.0756231773546079,-0.02585511885094549,0.020960312983099253,0.17347531998612847,False,28.059997489608616,0.07681949890035435,1.259424435985445
drents_friese_wold_and_leggelderveld,ahn4_height_cv,single_source,geleenbeekdal,ridge,4998,0.24416838028557242,0.21187996831719277,-5.533978539250481,0.1958792728600671,0.1092940338356677,False,222.92051689350404,0.07681949890035435,3.1784687973855834
drents_friese_wold_and_leggelderveld,ahn4_height_cv,single_source,geuldal,ridge,4998,0.22294523927721788,0.20376702834748267,-4.4474752414290695,0.19471568947212167,0.16692246491087928,False,233.47487039081648,0.07681949890035435,2.9021959589505926
drents_friese_wold_and_leggelderveld,ahn4_height_cv,single_source,kennemerland_zuid,ridge,4998,0.15942225078125602,0.12822112193282598,-1.7854587534040571,-0.11438263588185922,0.24038142558947018,False,129.2747236501634,0.07681949890035435,2.0752836592705326
drents_friese_wold_and_leggelderveld,ahn4_height_cv,single_source,landgoederen_oldenzaal,ridge,4998,0.1387794406519004,0.11408205497196491,-1.1108099108181642,0.06234345242658696,0.2816311100142719,False,78.81999690371447,0.07681949890035435,1.8065652944692698
drents_friese_wold_and_leggelderveld,ahn4_height_cv,single_source,leenderbos_groote_heide_and_de_plateaux,ridge,4998,0.09960999866878961,0.07801377093124309,-0.08743855737592887,0.02008485942100209,0.2637261739793772,True,182.27480801114578,0.07681949890035435,1.296675975431677
drents_friese_wold_and_leggelderveld,ahn4_height_cv,single_source,loonse_en_drunense_duinen_and_leemkuilen,ridge,4998,0.10898180525101284,0.08642864144379786,-0.3016878595304442,0.05851581082257266,0.31427125895127966,True,159.7574443746692,0.07681949890035435,1.41867373272478
drents_friese_wold_and_leggelderveld,ahn4_height_cv,single_source,maasduinen,ridge,4998,0.12327541038435547,0.09460041052510723,-0.6655273667588788,0.06257590050714033,0.262251611448964,True,149.51913350383418,0.07681949890035435,1.6047411418845747
drents_friese_wold_and_leggelderveld,ahn4_height_cv,single_source,meinweg,ridge,4998,0.2193804716287844,0.1914274556102039,-4.27466388815932,0.18107267304432423,0.22966552597309148,True,193.42813929498493,0.07681949890035435,2.8557914952472108
drents_friese_wold_and_leggelderveld,ahn4_height_cv,single_source,noordhollands_duinreservaat,ridge,4998,0.10126706804366088,0.07316806786646177,-0.12391982396485868,-0.023124281200088987,0.22709948263488877,False,118.09775561338225,0.07681949890035435,1.318246922894127
drents_friese_wold_and_leggelderveld,ahn4_height_cv,single_source,rijntakken,ridge,4998,0.18649227211982689,0.16103932583085354,-2.8117160386229902,0.14018142489614033,0.14579243552061505,False,96.77598459240478,0.07681949890035435,2.427668427800258
drents_friese_wold_and_leggelderveld,ahn4_height_cv,single_source,sallandse_heuvelrug,ridge,4998,0.13367192741839806,0.10123738751678381,-0.9583002508803202,0.07583810118965348,0.22524692834992374,True,62.70154772338452,0.07681949890035435,1.7400780964711744
drents_friese_wold_and_leggelderveld,ahn4_height_cv,single_source,savelsbos,ridge,4998,0.12423070228466304,0.10203048257681548,-0.6914405570246986,0.039820142556636025,0.1861336627782945,False,235.33243952185128,0.07681949890035435,1.6171766812200594
drents_friese_wold_and_leggelderveld,ahn4_height_cv,single_source,schoorlse_duinen,ridge,4998,0.1173932362192433,0.08408585825702253,-0.5103757683120766,0.00715206270996091,0.30107596318858076,True,112.46936574047614,0.07681949890035435,1.5281697732956938
drents_friese_wold_and_leggelderveld,ahn4_height_cv,single_source,springendal_and_dal_van_de_mosbeek,ridge,4998,0.11202714598040911,0.0870320343446326,-0.3754518857910105,0.03652327371796383,0.06973809511348901,False,63.26639340139041,0.07681949890035435,1.4583165418160826
drents_friese_wold_and_leggelderveld,ahn4_height_cv,single_source,vecht_en_beneden_reggegebied,ridge,4998,0.11463493015822271,0.08826271444293896,-0.44023314232627175,0.008311286338422147,0.21048621469294232,True,45.34167366129035,0.07681949890035435,1.4922634461195885
drents_friese_wold_and_leggelderveld,ahn4_height_cv,single_source,veluwe,ridge,4998,0.08710107264223803,0.06617503661646301,0.16853137532850093,-0.01803066891470795,0.37062990378107974,True,83.88072800864316,0.07681949890035435,1.1338406770294132
drents_friese_wold_and_leggelderveld,ahn4_height_cv,single_source,voornes_duin,ridge,4998,0.16823262385698204,0.13093673133935865,-2.101839314313737,-0.07825659623079312,0.15114519030510432,False,188.74615566114113,0.07681949890035435,2.189972940011016
drents_friese_wold_and_leggelderveld,ahn4_height_sd_m,single_source,brabantse_wal,ridge,4998,1.094348142082606,0.8754962224003087,0.10011430551829925,0.4643636944073532,0.3665228504529977,True,211.42050153539813,0.8838014674866917,1.2382284736352112
drents_friese_wold_and_leggelderveld,ahn4_height_sd_m,single_source,drentsche_aa,ridge,4998,1.1967385733529992,0.9481260685705536,-0.07615522077696646,0.2561556307475307,0.20387033741638302,False,28.059997489608616,0.8838014674866917,1.3540807719591386
drents_friese_wold_and_leggelderveld,ahn4_height_sd_m,single_source,geleenbeekdal,ridge,4998,4.744401658518028,4.334967303652601,-15.913723869993312,4.326385861709377,-0.04484438913734088,False,222.92051689350404,0.8838014674866917,5.368175809902091
drents_friese_wold_and_leggelderveld,ahn4_height_sd_m,single_source,geuldal,ridge,4998,2.3206291477202696,2.0458353147201676,-3.0465771383686393,1.9295698483620218,0.15584301136156933,False,233.47487039081648,0.8838014674866917,2.6257357937179635
drents_friese_wold_and_leggelderveld,ahn4_height_sd_m,single_source,kennemerland_zuid,ridge,4998,1.780956474344974,1.4472292545032015,-1.383323248071774,-1.2128101123451196,0.2603302414073324,False,129.2747236501634,0.8838014674866917,2.0151092070593237
drents_friese_wold_and_leggelderveld,ahn4_height_sd_m,single_source,landgoederen_oldenzaal,ridge,4998,1.6514847160093522,1.3919345509367538,-1.0493939772512362,0.9492571686823416,0.10709743553120352,False,78.81999690371447,0.8838014674866917,1.8686150416855019
drents_friese_wold_and_leggelderveld,ahn4_height_sd_m,single_source,leenderbos_groote_heide_and_de_plateaux,ridge,4998,1.3614341659035143,1.066840717300067,-0.39273865195513635,0.7627042748629749,0.2839875189673335,True,182.27480801114578,0.8838014674866917,1.5404298544277024
drents_friese_wold_and_leggelderveld,ahn4_height_sd_m,single_source,loonse_en_drunense_duinen_and_leemkuilen,ridge,4998,1.4548863702931303,1.1099512510727032,-0.5905029855420438,0.9140664394692548,0.33134571696562354,True,159.7574443746692,0.8838014674866917,1.6461687650626557
drents_friese_wold_and_leggelderveld,ahn4_height_sd_m,single_source,maasduinen,ridge,4998,1.5138715600422816,1.1906572654160903,-0.7220842652700588,0.9945746950683045,0.3102399485603494,True,149.51913350383418,0.8838014674866917,1.712909081659878
drents_friese_wold_and_leggelderveld,ahn4_height_sd_m,single_source,meinweg,ridge,4998,1.5190049186873908,1.207051580020836,-0.7337828323196869,0.7339739907938316,0.18768883524274466,True,193.42813929498493,0.8838014674866917,1.7187173528994666
drents_friese_wold_and_leggelderveld,ahn4_height_sd_m,single_source,noordhollands_duinreservaat,ridge,4998,1.9837124805100472,1.7076281599954122,-1.9568806101633163,-1.6546210394049328,0.32035112926935105,False,118.09775561338225,0.8838014674866917,2.2445227276565003
drents_friese_wold_and_leggelderveld,ahn4_height_sd_m,single_source,rijntakken,ridge,4998,3.115684501473147,2.7516216082914724,-6.294294372217977,2.6494246276247257,-0.18119721495980087,False,96.77598459240478,0.8838014674866917,3.5253217109192714
drents_friese_wold_and_leggelderveld,ahn4_height_sd_m,single_source,sallandse_heuvelrug,ridge,4998,1.6608262036303962,1.254021225704991,-1.0726440050756838,0.9999242424713285,0.28808639652619084,True,62.70154772338452,0.8838014674866917,1.8791847091557414
drents_friese_wold_and_leggelderveld,ahn4_height_sd_m,single_source,savelsbos,ridge,4998,1.9629790856944067,1.6671645193620364,-1.8953940859430238,1.4605812416941062,0.1293654167606739,False,235.33243952185128,0.8838014674866917,2.2210633925248207
drents_friese_wold_and_leggelderveld,ahn4_height_sd_m,single_source,schoorlse_duinen,ridge,4998,1.365662359440907,1.0449401070633333,-0.40140291654068716,-0.12982429678094914,0.17978648766875457,True,112.46936574047614,0.8838014674866917,1.5452139532247056
drents_friese_wold_and_leggelderveld,ahn4_height_sd_m,single_source,springendal_and_dal_van_de_mosbeek,ridge,4998,1.14707948730821,0.8748645985000756,0.011302661440361406,0.39999418439748985,0.2785813683896215,False,63.26639340139041,0.8838014674866917,1.297892716302242
drents_friese_wold_and_leggelderveld,ahn4_height_sd_m,single_source,vecht_en_beneden_reggegebied,ridge,4998,1.3426038949016303,1.056899735123898,-0.3544785865072124,-0.17832416499418935,0.2510568426566893,True,45.34167366129035,0.8838014674866917,1.5191238578949828
drents_friese_wold_and_leggelderveld,ahn4_height_sd_m,single_source,veluwe,ridge,4998,1.1533277167423976,0.850544673072704,0.0005023065717879582,0.2549261188499615,0.350059293539612,True,83.88072800864316,0.8838014674866917,1.304962436894533
drents_friese_wold_and_leggelderveld,ahn4_height_sd_m,single_source,voornes_duin,ridge,4998,1.9626527086050864,1.6279362806453874,-1.8944313535928776,-1.3275660646809089,0.16027676818702513,False,188.74615566114113,0.8838014674866917,2.2206941047364124
drents_friese_wold_and_leggelderveld,ahn4_p95_height_m,single_source,brabantse_wal,ridge,4998,2.7736790809113594,2.1511490875246366,0.3201280847121152,-0.18299503536189413,0.37466151832014877,True,211.42050153539813,2.403562380047895,1.1539867256767804
drents_friese_wold_and_leggelderveld,ahn4_p95_height_m,single_source,drentsche_aa,ridge,4998,3.2649357929195553,2.531840437390671,0.05797165805070914,-0.3654769974590483,0.2339492683681836,False,28.059997489608616,2.403562380047895,1.3583736457276787
drents_friese_wold_and_leggelderveld,ahn4_p95_height_m,single_source,geleenbeekdal,ridge,4998,9.468130534618101,8.540929716625,-6.922151670968621,8.465195926291168,0.17761504042889423,False,222.92051689350404,2.403562380047895,3.939207325432275
drents_friese_wold_and_leggelderveld,ahn4_p95_height_m,single_source,geuldal,ridge,4998,3.620005986699906,2.770189548450313,-0.15806585464754397,0.8015604211283596,0.31850187216475323,False,233.47487039081648,2.403562380047895,1.506100285455363
drents_friese_wold_and_leggelderveld,ahn4_p95_height_m,single_source,kennemerland_zuid,ridge,4998,5.147942189742057,4.221823423035371,-1.3419736349640288,-3.8618053965280317,0.26493760067333433,False,129.2747236501634,2.403562380047895,2.141796789829718
drents_friese_wold_and_leggelderveld,ahn4_p95_height_m,single_source,landgoederen_oldenzaal,ridge,4998,3.5603156798756097,2.8148474308105804,-0.12019000439575311,0.5790950800821788,0.15259171335876082,False,78.81999690371447,2.403562380047895,1.4812661861535146
drents_friese_wold_and_leggelderveld,ahn4_p95_height_m,single_source,leenderbos_groote_heide_and_de_plateaux,ridge,4998,3.4088702316396735,2.689654398456409,-0.02691764684207576,2.0141245962422984,0.38856189178296724,True,182.27480801114578,2.403562380047895,1.4182574415113562
drents_friese_wold_and_leggelderveld,ahn4_p95_height_m,single_source,loonse_en_drunense_duinen_and_leemkuilen,ridge,4998,3.099311031399843,2.3142681155544493,0.15112253753872662,1.413923685806401,0.4239407819926089,True,159.7574443746692,2.403562380047895,1.2894656103487874
drents_friese_wold_and_leggelderveld,ahn4_p95_height_m,single_source,maasduinen,ridge,4998,3.6566329447715367,2.9806859449725147,-0.18161886137623262,2.4195572724442114,0.37790117255628564,True,149.51913350383418,2.403562380047895,1.5213388989299592
drents_friese_wold_and_leggelderveld,ahn4_p95_height_m,single_source,meinweg,ridge,4998,3.5071628092360077,2.674858093763452,-0.08699246468699195,-1.15293358068536,0.22996745951905034,True,193.42813929498493,2.403562380047895,1.4591519813877774
drents_friese_wold_and_leggelderveld,ahn4_p95_height_m,single_source,noordhollands_duinreservaat,ridge,4998,6.70510517338936,6.018246946800004,-2.973066808977407,-5.972731294421217,0.31695837471245863,False,118.09775561338225,2.403562380047895,2.78965307039618
drents_friese_wold_and_leggelderveld,ahn4_p95_height_m,single_source,rijntakken,ridge,4998,6.449116749767117,5.616430424576264,-2.6754892549817817,5.101461206470031,-0.015817827006454403,False,96.77598459240478,2.403562380047895,2.683149313411457
drents_friese_wold_and_leggelderveld,ahn4_p95_height_m,single_source,sallandse_heuvelrug,ridge,4998,3.190200154042205,2.392453100862308,0.10060484746454446,1.1431520922922427,0.37303203824681763,True,62.70154772338452,2.403562380047895,1.3272799493469503
drents_friese_wold_and_leggelderveld,ahn4_p95_height_m,single_source,savelsbos,ridge,4998,5.606472676751771,4.634400699100975,-1.777756030315592,3.9061790540351353,0.1302354988101244,False,235.33243952185128,2.403562380047895,2.332567992947224
drents_friese_wold_and_leggelderveld,ahn4_p95_height_m,single_source,schoorlse_duinen,ridge,4998,3.966263308379307,2.934493785609057,-0.3902015355292008,-1.042385507440355,0.040588166003750856,True,112.46936574047614,2.403562380047895,1.6501603375487484
drents_friese_wold_and_leggelderveld,ahn4_p95_height_m,single_source,springendal_and_dal_van_de_mosbeek,ridge,4998,3.4558888912214165,2.660290994786436,-0.055441633596002404,1.1384266589372503,0.24512887632934277,False,63.26639340139041,2.403562380047895,1.4378195131979692
drents_friese_wold_and_leggelderveld,ahn4_p95_height_m,single_source,vecht_en_beneden_reggegebied,ridge,4998,3.5103801137120705,2.7201237649551766,-0.08898768988090389,-1.2868545534735094,0.28309270155649413,True,45.34167366129035,2.403562380047895,1.4604905380663016
drents_friese_wold_and_leggelderveld,ahn4_p95_height_m,single_source,veluwe,ridge,4998,3.1645155025409872,2.3816324055282005,0.11502880646747182,1.1840109643597174,0.3853429683709796,True,83.88072800864316,2.403562380047895,1.3165938728321789
drents_friese_wold_and_leggelderveld,ahn4_p95_height_m,single_source,voornes_duin,ridge,4998,5.150019458694316,4.411500712497561,-1.343864056600514,-3.621106093134437,0.2748387266668127,False,188.74615566114113,2.403562380047895,2.1426610357380005
drents_friese_wold_and_leggelderveld,ahn4_pulse_penetration,single_source,brabantse_wal,ridge,4998,0.09011242754260082,0.07741346107271732,-0.5496684880938907,-0.07049119453959772,0.5829483635915861,True,211.42050153539813,0.04025269737489282,2.238668050077247
drents_friese_wold_and_leggelderveld,ahn4_pulse_penetration,single_source,drentsche_aa,ridge,4998,0.060483064533957874,0.04478117661872102,0.3018688782248202,0.021183035481519258,0.5732450390496031,False,28.059997489608616,0.04025269737489282,1.5025841366766024
drents_friese_wold_and_leggelderveld,ahn4_pulse_penetration,single_source,geleenbeekdal,ridge,4998,0.09450771035669642,0.08153038796619248,-0.7045270847191225,-0.05446326713541749,0.19856637042594194,False,222.92051689350404,0.04025269737489282,2.347860305521899
drents_friese_wold_and_leggelderveld,ahn4_pulse_penetration,single_source,geuldal,ridge,4998,0.05840220226403301,0.047274756670430705,0.3490796169090926,-0.009430956705956917,0.46409589298636583,False,233.47487039081648,0.04025269737489282,1.4508891595538327
drents_friese_wold_and_leggelderveld,ahn4_pulse_penetration,single_source,kennemerland_zuid,ridge,4998,0.0826779028700246,0.06630541600175573,-0.30451274849191323,0.06027109201102276,0.6015207688182145,False,129.2747236501634,0.04025269737489282,2.0539717400800583
drents_friese_wold_and_leggelderveld,ahn4_pulse_penetration,single_source,landgoederen_oldenzaal,ridge,4998,0.07813366112569273,0.06226382377182532,-0.16505324139486244,0.04752106480180575,0.5597218274799828,False,78.81999690371447,0.04025269737489282,1.941078889645486
drents_friese_wold_and_leggelderveld,ahn4_pulse_penetration,single_source,leenderbos_groote_heide_and_de_plateaux,ridge,4998,0.0550166546224701,0.042880536372943555,0.4223593061106645,0.009606664828646696,0.6147539175724348,True,182.27480801114578,0.04025269737489282,1.3667818111684147
drents_friese_wold_and_leggelderveld,ahn4_pulse_penetration,single_source,loonse_en_drunense_duinen_and_leemkuilen,ridge,4998,0.05138748802079741,0.04094739187534538,0.4960537702882182,-0.01739305065976923,0.7007914852458417,True,159.7574443746692,0.04025269737489282,1.2766222234053262
drents_friese_wold_and_leggelderveld,ahn4_pulse_penetration,single_source,maasduinen,ridge,4998,0.08674641765274488,0.07044389445903186,-0.43605978664089884,0.060110902664765715,0.5532600534855964,True,149.51913350383418,0.04025269737489282,2.155046079144301
drents_friese_wold_and_leggelderveld,ahn4_pulse_penetration,single_source,meinweg,ridge,4998,0.06423872130073026,0.05193966481387694,0.21247708719750524,-0.03290000979766086,0.5961299408080207,True,193.42813929498493,0.04025269737489282,1.5958861266474642
drents_friese_wold_and_leggelderveld,ahn4_pulse_penetration,single_source,noordhollands_duinreservaat,ridge,4998,0.06519022140848514,0.05000801627091077,0.1889748249191303,0.031350038032514585,0.5770869468084421,False,118.09775561338225,0.04025269737489282,1.6195242967530128
drents_friese_wold_and_leggelderveld,ahn4_pulse_penetration,single_source,rijntakken,ridge,4998,0.082649179914068,0.06622538452311584,-0.303606509888227,0.0010906858110296762,0.2909006414919908,False,96.77598459240478,0.04025269737489282,2.0532581740874716
drents_friese_wold_and_leggelderveld,ahn4_pulse_penetration,single_source,sallandse_heuvelrug,ridge,4998,0.05898995118483169,0.04746047960714184,0.3359122076841251,0.019066900845552116,0.6302364320588227,True,62.70154772338452,0.04025269737489282,1.465490638687633
drents_friese_wold_and_leggelderveld,ahn4_pulse_penetration,single_source,savelsbos,ridge,4998,0.08243524870742942,0.06320162019765378,-0.2968666685199495,0.04029360804724074,0.06144289047899242,False,235.33243952185128,0.04025269737489282,2.0479434692207112
drents_friese_wold_and_leggelderveld,ahn4_pulse_penetration,single_source,schoorlse_duinen,ridge,4998,0.053235990270117384,0.040833932777491484,0.45914593608274523,0.00911536029214585,0.6243208427804396,True,112.46936574047614,0.04025269737489282,1.3225446676108406
drents_friese_wold_and_leggelderveld,ahn4_pulse_penetration,single_source,springendal_and_dal_van_de_mosbeek,ridge,4998,0.10134690712769713,0.08681097059849321,-0.9601550347394043,0.08553347143590848,0.5579131981203933,False,63.26639340139041,0.04025269737489282,2.517766851344257
drents_friese_wold_and_leggelderveld,ahn4_pulse_penetration,single_source,vecht_en_beneden_reggegebied,ridge,4998,0.06351646535098197,0.04878598481235415,0.23008626555122202,0.008955925564623202,0.5733284905286704,True,45.34167366129035,0.04025269737489282,1.5779430819113174
drents_friese_wold_and_leggelderveld,ahn4_pulse_penetration,single_source,veluwe,ridge,4998,0.05452867616787503,0.0413371073906217,0.43256080394456153,0.02697281210243829,0.6919509924032744,True,83.88072800864316,0.04025269737489282,1.3546589352763896
drents_friese_wold_and_leggelderveld,ahn4_pulse_penetration,single_source,voornes_duin,ridge,4998,0.09681334458081586,0.08361659426018563,-0.7887097361442428,-0.03956710843488947,0.25041220415766924,False,188.74615566114113,0.04025269737489282,2.405139304805996
drents_friese_wold_and_leggelderveld,ahn4_sigma_z,single_source,brabantse_wal,ridge,4998,0.991042727931676,0.7868467790770808,0.0765345234311261,0.2987565542300184,0.3371941016339553,True,211.42050153539813,0.8242792970826387,1.2023142294599185
drents_friese_wold_and_leggelderveld,ahn4_sigma_z,single_source,drentsche_aa,ridge,4998,1.0892644118719343,0.860935615497832,-0.11558466396902545,0.3317044844277628,0.217894221776572,False,28.059997489608616,0.8242792970826387,1.3214749123593836
drents_friese_wold_and_leggelderveld,ahn4_sigma_z,single_source,geleenbeekdal,ridge,4998,4.954454155834538,4.555051502984056,-22.079560495383497,4.549549226268552,-0.04726542452095562,False,222.92051689350404,0.8242792970826387,6.0106497559380365
drents_friese_wold_and_leggelderveld,ahn4_sigma_z,single_source,geuldal,ridge,4998,2.573196602735204,2.306389868437109,-5.225609047561766,2.2553892429033224,0.1607738930054864,False,233.47487039081648,0.8242792970826387,3.1217532841628874
drents_friese_wold_and_leggelderveld,ahn4_sigma_z,single_source,kennemerland_zuid,ridge,4998,1.5036496862729065,1.213353955120562,-1.1258334770982792,-0.8990186780339214,0.2752160694568164,False,129.2747236501634,0.8242792970826387,1.8241992630346957
drents_friese_wold_and_leggelderveld,ahn4_sigma_z,single_source,landgoederen_oldenzaal,ridge,4998,1.432361029718702,1.1787800859670403,-0.9290385166760966,0.7003319716308736,0.19089281982639061,False,78.81999690371447,0.8242792970826387,1.7377132178234238
drents_friese_wold_and_leggelderveld,ahn4_sigma_z,single_source,leenderbos_groote_heide_and_de_plateaux,ridge,4998,1.0231166419114501,0.7913020433051416,0.015793557072724673,0.1522462208319615,0.2614656283189047,True,182.27480801114578,0.8242792970826387,1.241225693199567
drents_friese_wold_and_leggelderveld,ahn4_sigma_z,single_source,loonse_en_drunense_duinen_and_leemkuilen,ridge,4998,1.2539923426561228,0.9603559353820559,-0.47851479590418355,0.7097472831404493,0.30225497133601437,True,159.7574443746692,0.8242792970826387,1.5213197117704667
drents_friese_wold_and_leggelderveld,ahn4_sigma_z,single_source,maasduinen,ridge,4998,1.0832121068934697,0.8353337121325792,-0.10322200750404531,0.15927100131524083,0.2707677846015026,True,149.51913350383418,0.8242792970826387,1.314132370820508
drents_friese_wold_and_leggelderveld,ahn4_sigma_z,single_source,meinweg,ridge,4998,1.3425032739563756,1.062502439774655,-0.6945977010004247,0.6479909253803205,0.15160343022779785,True,193.42813929498493,0.8242792970826387,1.6286994938583081
drents_friese_wold_and_leggelderveld,ahn4_sigma_z,single_source,noordhollands_duinreservaat,ridge,4998,1.720699243034531,1.466898003618926,-1.7838500666178487,-1.3934816475995078,0.3171566534117053,False,118.09775561338225,0.8242792970826387,2.0875196661187294
drents_friese_wold_and_leggelderveld,ahn4_sigma_z,single_source,rijntakken,ridge,4998,3.0881493901487205,2.7671818884597728,-7.966697290070819,2.7077893681422958,-0.09682309178511596,False,96.77598459240478,0.8242792970826387,3.7464842330488812
drents_friese_wold_and_leggelderveld,ahn4_sigma_z,single_source,sallandse_heuvelrug,ridge,4998,1.3488373193580112,1.038261734513434,-0.7106259374225776,0.7222213221866295,0.2311178081914145,True,62.70154772338452,0.8242792970826387,1.6363838375316888
drents_friese_wold_and_leggelderveld,ahn4_sigma_z,single_source,savelsbos,ridge,4998,2.397265703457343,2.1341109687080517,-4.40341408204259,2.0710624186449844,0.11234200265580059,False,235.33243952185128,0.8242792970826387,2.908317255985872
drents_friese_wold_and_leggelderveld,ahn4_sigma_z,single_source,schoorlse_duinen,ridge,4998,1.1392693592754277,0.8479157370628807,-0.22036218050700573,-0.3696973199831736,0.2360065922184265,True,112.46936574047614,0.8242792970826387,1.3821399655524886
drents_friese_wold_and_leggelderveld,ahn4_sigma_z,single_source,springendal_and_dal_van_de_mosbeek,ridge,4998,1.2190031138833792,0.9251407425373122,-0.39715804533599286,0.6231141809693519,0.2318117468427454,False,63.26639340139041,0.8242792970826387,1.478871443451002
drents_friese_wold_and_leggelderveld,ahn4_sigma_z,single_source,vecht_en_beneden_reggegebied,ridge,4998,1.1627542444140535,0.9130906151429926,-0.27119382015137106,0.014102977381000477,0.25758495184297814,True,45.34167366129035,0.8242792970826387,1.410631382505147
drents_friese_wold_and_leggelderveld,ahn4_sigma_z,single_source,veluwe,ridge,4998,0.9653171597849571,0.7291655847820897,0.12385505673255692,0.10361464745612058,0.3125033309943639,True,83.88072800864316,0.8242792970826387,1.1711044584056545
drents_friese_wold_and_leggelderveld,ahn4_sigma_z,single_source,voornes_duin,ridge,4998,1.8186131545339232,1.5279836852274762,-2.109686170051148,-1.2205179486848756,0.21636456937292828,False,188.74615566114113,0.8242792970826387,2.206306965333859
drentsche_aa,ahn4_entropy,single_source,brabantse_wal,ridge,509,0.3330135859338409,0.2911979891686732,-2.194461978670338,0.27620553257996905,0.3646162907661245,False,238.5512066051113,0.17863744536834664,1.8641869023998519
drentsche_aa,ahn4_entropy,single_source,drents_friese_wold_and_leggelderveld,ridge,509,0.17118538372462638,0.13336913579424098,0.155874186513825,0.005082388911759393,0.39579642271331283,False,28.059997489608616,0.17863744536834664,0.958283876998161
drentsche_aa,ahn4_entropy,single_source,geleenbeekdal,ridge,509,0.20851245074376787,0.16760890789841892,-0.2523848503187385,-0.07013236183438669,0.23180757041295783,True,242.47261225800827,0.17863744536834664,1.1672382031315975
drentsche_aa,ahn4_entropy,single_source,geuldal,ridge,509,0.2823111348971396,0.24340376107848996,-1.295777714005597,0.22519226910029788,0.3853842745641518,True,253.05938694822353,0.17863744536834664,1.5803581064150354
drentsche_aa,ahn4_entropy,single_source,kennemerland_zuid,ridge,509,0.21927667294627826,0.17672189620069761,-0.3850284235876382,-0.08904424592206485,0.2668295455058349,True,157.049087917051,0.17863744536834664,1.2274955706746387
drentsche_aa,ahn4_entropy,single_source,landgoederen_oldenzaal,ridge,509,0.2314066945706057,0.192205499279725,-0.5425017225300348,0.1544538935682273,0.2954757048902135,True,83.50617970715656,0.17863744536834664,1.2953985884283667
drentsche_aa,ahn4_entropy,single_source,leenderbos_groote_heide_and_de_plateaux,ridge,509,0.3856351471898164,0.3172362704986857,-3.2837788084494974,0.2802316666341726,0.20581915510550175,False,205.18951307790854,0.17863744536834664,2.1587587439724345
drentsche_aa,ahn4_entropy,single_source,loonse_en_drunense_duinen_and_leemkuilen,ridge,509,0.28710757599426734,0.21922187872670243,-1.3744505252374348,-0.15931815224830573,0.1154585003442392,False,185.596102445424,0.17863744536834664,1.607208250220202
drentsche_aa,ahn4_entropy,single_source,maasduinen,ridge,509,0.27921723372303847,0.2131875212317993,-1.2457337205004198,-0.07098048717621078,0.19017783333909327,False,168.78849013123448,0.17863744536834664,1.5630386627355672
drentsche_aa,ahn4_entropy,single_source,meinweg,ridge,509,0.26977595941255295,0.20612613196207671,-1.0964297368030902,-0.14441436635539823,0.24675599564294595,False,211.98643853437497,0.17863744536834664,1.5101870655185459
drentsche_aa,ahn4_entropy,single_source,noordhollands_duinreservaat,ridge,509,0.1891291043874101,0.15218815920389775,-0.030363704503831412,-0.0709083498113976,0.3474806733384863,True,145.14909001165265,0.17863744536834664,1.0587315777911506
drentsche_aa,ahn4_entropy,single_source,rijntakken,ridge,509,0.24765025403872432,0.20143019583770078,-0.7666534894013273,0.12634599622269038,0.06760671970721982,True,120.09610612674089,0.17863744536834664,1.386328905051652
drentsche_aa,ahn4_entropy,single_source,sallandse_heuvelrug,ridge,509,0.30485783545821205,0.2481383824280494,-1.6771243447578996,-0.2021001711330518,0.23343369045228698,False,80.17643854368437,0.17863744536834664,1.706572968671835
drentsche_aa,ahn4_entropy,single_source,savelsbos,ridge,509,0.42684875288451346,0.38913718390178165,-4.248338692129342,0.3771337204926052,0.2719710536658154,True,255.65613519985618,0.17863744536834664,2.389469643413005
drentsche_aa,ahn4_entropy,single_source,schoorlse_duinen,ridge,509,0.24006009050009985,0.20365133736173996,-0.660021645172103,0.1554222738310766,0.13598675483132963,False,138.65363600922967,0.17863744536834664,1.3438396972432125
drentsche_aa,ahn4_entropy,single_source,springendal_and_dal_van_de_mosbeek,ridge,509,0.17579305099989978,0.1413696922990183,0.10982124084063394,0.07466837020984148,0.41820945299079326,True,68.17381104651687,0.17863744536834664,0.9840772780724569
drentsche_aa,ahn4_entropy,single_source,vecht_en_beneden_reggegebied,ridge,509,0.24115576858114407,0.1785814445801257,-0.6752095100694577,-0.019790395083242807,0.3046536279590992,False,61.0655797006918,0.17863744536834664,1.3499732269675373
drentsche_aa,ahn4_entropy,single_source,veluwe,ridge,509,0.17681883545121815,0.13589169941555576,0.09940222064414894,-0.02283133704028095,0.4446179358985204,False,108.47706819137746,0.17863744536834664,0.9898195481166978
drentsche_aa,ahn4_entropy,single_source,voornes_duin,ridge,509,0.24873364976619955,0.20078752224630092,-0.7821444599651146,-0.16611945870359698,0.25810393157722233,True,216.80414007021187,0.17863744536834664,1.3923936790145874
drentsche_aa,ahn4_height_cv,single_source,brabantse_wal,ridge,509,0.2254647620119757,0.20979590654025446,-11.858453525492951,0.20935807765686862,0.2100242026836351,False,238.5512066051113,0.062254792802239514,3.621645047124227
drentsche_aa,ahn4_height_cv,single_source,drents_friese_wold_and_leggelderveld,ridge,509,0.07546042029192263,0.058841884890328135,-0.4403559406282922,-0.023819981656005445,0.28236599745002366,False,28.059997489608616,0.062254792802239514,1.2121222623233605
drentsche_aa,ahn4_height_cv,single_source,geleenbeekdal,ridge,509,0.10325477473656264,0.08224439047873999,-1.696818233076911,0.04869802578745727,0.17612464055198868,True,242.47261225800827,0.062254792802239514,1.658583541745371
drentsche_aa,ahn4_height_cv,single_source,geuldal,ridge,509,0.1213737135542347,0.1019623612032631,-2.726324468962493,0.09127984700501607,0.2676503348220993,True,253.05938694822353,0.062254792802239514,1.949628423626662
drentsche_aa,ahn4_height_cv,single_source,kennemerland_zuid,ridge,509,0.08083524319102996,0.06531622912900477,-0.6528478876319996,-0.037869051099325715,0.12213940657918002,True,157.049087917051,0.062254792802239514,1.298458151612739
drentsche_aa,ahn4_height_cv,single_source,landgoederen_oldenzaal,ridge,509,0.12035965849778395,0.10145242708530285,-2.6643190660563976,0.09182036063992231,0.20323384945367923,True,83.50617970715656,0.062254792802239514,1.9333396366786109
drentsche_aa,ahn4_height_cv,single_source,leenderbos_groote_heide_and_de_plateaux,ridge,509,0.113993563572732,0.08978455025778971,-2.2869420660645026,0.009203503057554623,0.11892485374605861,False,205.18951307790854,0.062254792802239514,1.8310809247224942
drentsche_aa,ahn4_height_cv,single_source,loonse_en_drunense_duinen_and_leemkuilen,ridge,509,0.1431945523260258,0.1276144549866591,-4.186619407133843,0.11835546052275144,0.22525271026228808,False,185.596102445424,0.062254792802239514,2.300136999586554
drentsche_aa,ahn4_height_cv,single_source,maasduinen,ridge,509,0.09226663359957493,0.07585094903071551,-1.1533803191136762,-0.012988100352968605,0.13093159679161004,False,168.78849013123448,0.062254792802239514,1.4820808077005725
drentsche_aa,ahn4_height_cv,single_source,meinweg,ridge,509,0.341537423130316,0.3250943569084631,-28.505840024453104,0.3244727990769454,0.20819336901126564,False,211.98643853437497,0.062254792802239514,5.486122557908983
drentsche_aa,ahn4_height_cv,single_source,noordhollands_duinreservaat,ridge,509,0.062396306473659444,0.04920914718900625,0.015197474343088935,0.004178784774484079,0.14421539758825036,True,145.14909001165265,0.062254792802239514,1.002273136975485
drentsche_aa,ahn4_height_cv,single_source,rijntakken,ridge,509,0.1072672349199472,0.0888591252932004,-1.9104863052729564,0.08009375069860099,0.06981269895840653,True,120.09610612674089,0.062254792802239514,1.7230357710882693
drentsche_aa,ahn4_height_cv,single_source,sallandse_heuvelrug,ridge,509,0.12792805230168802,0.10339701260829409,-3.1396437131970742,-0.06719839688214078,0.07771019377576836,False,80.17643854368437,0.062254792802239514,2.0549108999216847
drentsche_aa,ahn4_height_cv,single_source,savelsbos,ridge,509,0.08117596054766303,0.06394135468987903,-0.6668106290493918,0.03206916443002401,0.16844259915164478,True,255.65613519985618,0.062254792802239514,1.3039311014258625
drentsche_aa,ahn4_height_cv,single_source,schoorlse_duinen,ridge,509,0.08744839957715633,0.07049632529838948,-0.9343502773486325,-0.0292923618406613,0.1392697999492319,False,138.65363600922967,0.062254792802239514,1.4046854168312406
drentsche_aa,ahn4_height_cv,single_source,springendal_and_dal_van_de_mosbeek,ridge,509,0.13383473382384414,0.11530144534966667,-3.530739239613765,-0.110161936095369,0.16670952805094474,True,68.17381104651687,0.062254792802239514,2.149790045065087
drentsche_aa,ahn4_height_cv,single_source,vecht_en_beneden_reggegebied,ridge,509,0.1534559920209291,0.12634841317681325,-4.956608964764001,-0.11614635550635508,0.24111301190913834,False,61.0655797006918,0.062254792802239514,2.4649667136215863
drentsche_aa,ahn4_height_cv,single_source,veluwe,ridge,509,0.0971561239836544,0.07933445045989646,-1.387655962750796,-0.059656244040669076,0.23236844237007315,False,108.47706819137746,0.062254792802239514,1.5606207909531324
drentsche_aa,ahn4_height_cv,single_source,voornes_duin,ridge,509,0.08254691002405866,0.06554592418972624,-0.7235862887600317,-0.03344370918312501,0.0909160480669225,True,216.80414007021187,0.062254792802239514,1.3259526906832653
drentsche_aa,ahn4_height_sd_m,single_source,brabantse_wal,ridge,509,1.831233321023706,1.6040325898543348,-3.6133903811554307,1.5797329997266383,0.3293324025774558,False,238.5512066051113,0.8182941551302784,2.237866798317972
drentsche_aa,ahn4_height_sd_m,single_source,drents_friese_wold_and_leggelderveld,ridge,509,0.7884832305562812,0.6024015258823497,0.14470139456553188,-0.05861857732681761,0.43813114072697107,False,28.059997489608616,0.8182941551302784,0.9635694274643193
drentsche_aa,ahn4_height_sd_m,single_source,geleenbeekdal,ridge,509,1.6319682419771624,1.4026785223836884,-2.6640066044145425,1.332961580045884,0.23706471371179325,True,242.47261225800827,0.8182941551302784,1.9943540250722447
drentsche_aa,ahn4_height_sd_m,single_source,geuldal,ridge,509,2.048800570689936,1.8713386885237933,-4.77473706019237,1.867192209610435,0.33983039068507137,True,253.05938694822353,0.8182941551302784,2.5037458203080436
drentsche_aa,ahn4_height_sd_m,single_source,kennemerland_zuid,ridge,509,0.8789344677307497,0.7151678840697145,-0.06278602033432579,0.09504917385454094,0.23422329171358447,True,157.049087917051,0.8182941551302784,1.0741057628485895
drentsche_aa,ahn4_height_sd_m,single_source,landgoederen_oldenzaal,ridge,509,1.953974040464989,1.7951354828393202,-4.252552727134483,1.766824767428372,0.32256204454742926,True,83.50617970715656,0.8182941551302784,2.3878626386545583
drentsche_aa,ahn4_height_sd_m,single_source,leenderbos_groote_heide_and_de_plateaux,ridge,509,1.360840905054107,1.1272870354435895,-1.5476956862726752,0.539785813809948,-0.001977023790757915,False,205.18951307790854,0.8182941551302784,1.6630216610033728
drentsche_aa,ahn4_height_sd_m,single_source,loonse_en_drunense_duinen_and_leemkuilen,ridge,509,1.3088116145740063,1.1115595957304838,-1.3566067765417769,0.7842912327250373,0.0689928358086926,False,185.596102445424,0.8182941551302784,1.5994390359120114
drentsche_aa,ahn4_height_sd_m,single_source,maasduinen,ridge,509,1.257318011773334,0.9984688099213245,-1.174818986124441,-0.03745599025387316,0.026729592642465272,False,168.78849013123448,0.8182941551302784,1.5365110503241464
drentsche_aa,ahn4_height_sd_m,single_source,meinweg,ridge,509,1.696718467319515,1.4063804759697969,-2.9605218634986463,1.0498273910581,0.09050406556109257,False,211.98643853437497,0.8182941551302784,2.073482325007424
drentsche_aa,ahn4_height_sd_m,single_source,noordhollands_duinreservaat,ridge,509,1.0054371516212641,0.7870246321644115,-0.39072960221359687,-0.5452497380678955,0.2940243767780863,True,145.14909001165265,0.8182941551302784,1.2286989285181822
drentsche_aa,ahn4_height_sd_m,single_source,rijntakken,ridge,509,1.6490915690379166,1.424251848158794,-2.74129871039948,1.3078398623964507,0.04812821552228969,True,120.09610612674089,0.8182941551302784,2.0152796628192577
drentsche_aa,ahn4_height_sd_m,single_source,sallandse_heuvelrug,ridge,509,1.2534880956653758,1.006951534092028,-1.1615897344371975,0.4328895310624599,0.018753679620578577,False,80.17643854368437,0.8182941551302784,1.5318306843653446
drentsche_aa,ahn4_height_sd_m,single_source,savelsbos,ridge,509,2.8378114283134455,2.6314545967032568,-10.07898331216213,2.6290366825279308,0.1466065582394522,True,255.65613519985618,0.8182941551302784,3.467960036768985
drentsche_aa,ahn4_height_sd_m,single_source,schoorlse_duinen,ridge,509,1.1539340296947944,0.9462945707271083,-0.8318706454582097,0.3862960786417903,-0.04635077823109136,False,138.65363600922967,0.8182941551302784,1.410170196695441
drentsche_aa,ahn4_height_sd_m,single_source,springendal_and_dal_van_de_mosbeek,ridge,509,0.7912851923852325,0.5944640174189999,0.1386117985163452,-0.07696908658089006,0.28982195368475233,True,68.17381104651687,0.8182941551302784,0.9669935773392567
drentsche_aa,ahn4_height_sd_m,single_source,vecht_en_beneden_reggegebied,ridge,509,1.3193565540777128,1.031793498158822,-1.3947335527307558,-0.07377420993597812,0.03928479748918363,False,61.0655797006918,0.8182941551302784,1.6123255259811329
drentsche_aa,ahn4_height_sd_m,single_source,veluwe,ridge,509,0.9324227341140732,0.7447933530651265,-0.19607537516227036,-0.05616036533398624,0.30031570367292126,False,108.47706819137746,0.8182941551302784,1.1394713359105255
drentsche_aa,ahn4_height_sd_m,single_source,voornes_duin,ridge,509,1.0299578072540259,0.838390084644665,-0.4593911539600595,-0.6421891295457944,0.2119184799930733,True,216.80414007021187,0.8182941551302784,1.258664504441009
drentsche_aa,ahn4_p95_height_m,single_source,brabantse_wal,ridge,509,3.3655120329700723,2.803855718968072,-1.1066600920972713,2.53936924855566,0.46538719149356267,False,238.5512066051113,2.353793552107861,1.4298246462423185
drentsche_aa,ahn4_p95_height_m,single_source,drents_friese_wold_and_leggelderveld,ridge,509,2.328283024516656,1.7684130002707583,-0.008239519641069393,0.22622781707451534,0.3560709621047745,False,28.059997489608616,2.353793552107861,0.9891619519611822
drentsche_aa,ahn4_p95_height_m,single_source,geleenbeekdal,ridge,509,5.812097025625985,5.249790941580678,-5.2828672585427565,5.213776173509179,0.3191655998118976,True,242.47261225800827,2.353793552107861,2.4692467274460657
drentsche_aa,ahn4_p95_height_m,single_source,geuldal,ridge,509,5.523273382958516,5.061038520742565,-4.673946709696359,4.940822010899757,0.3913406742809706,True,253.05938694822353,2.353793552107861,2.346541130598448
drentsche_aa,ahn4_p95_height_m,single_source,kennemerland_zuid,ridge,509,2.334980181855071,1.7178731642446001,-0.01404813479827216,0.006361186611205421,0.21877730837972406,True,157.049087917051,2.353793552107861,0.9920072131067135
drentsche_aa,ahn4_p95_height_m,single_source,landgoederen_oldenzaal,ridge,509,4.353613459024302,3.8483837651554467,-2.525266118303083,3.5219072878153903,0.32191097082297887,True,83.50617970715656,2.353793552107861,1.849615678964525
drentsche_aa,ahn4_p95_height_m,single_source,leenderbos_groote_heide_and_de_plateaux,ridge,509,3.4792076898908264,2.945497316250792,-1.2514011416788895,1.862226497970654,0.0819006031934317,False,205.18951307790854,2.353793552107861,1.478127802149487
drentsche_aa,ahn4_p95_height_m,single_source,loonse_en_drunense_duinen_and_leemkuilen,ridge,509,2.7437375340825625,2.013015947709407,-0.4001588239045877,0.0003613886021848578,0.0661057206458803,False,185.596102445424,2.353793552107861,1.1656661781682172
drentsche_aa,ahn4_p95_height_m,single_source,maasduinen,ridge,509,3.373413016544856,2.8320605753770955,-1.1165630277702419,1.7106391506664316,0.13714681989405783,False,168.78849013123448,2.353793552107861,1.433181348263916
drentsche_aa,ahn4_p95_height_m,single_source,meinweg,ridge,509,4.6954509434661125,3.585863325788296,-3.100594151591843,-3.4114155516394367,0.06130914875874856,False,211.98643853437497,2.353793552107861,1.994843999492334
drentsche_aa,ahn4_p95_height_m,single_source,noordhollands_duinreservaat,ridge,509,2.8486044033143596,2.0898629656839094,-0.5092335656369702,-1.608641609120973,0.267003221900713,True,145.14909001165265,2.353793552107861,1.210218458098582
drentsche_aa,ahn4_p95_height_m,single_source,rijntakken,ridge,509,4.3931194314261495,3.8725287114887923,-2.5895350073916785,3.404998764066783,0.04067357628824127,True,120.09610612674089,2.353793552107861,1.866399637084586
drentsche_aa,ahn4_p95_height_m,single_source,sallandse_heuvelrug,ridge,509,3.619253356907788,3.1501936992548907,-1.4362965187800203,2.3827900466001166,0.14497775824515108,False,80.17643854368437,2.353793552107861,1.5376256569598838
drentsche_aa,ahn4_p95_height_m,single_source,savelsbos,ridge,509,9.653828453204222,9.126530734084497,-16.33370205509416,9.092104519109842,0.1718402429221517,True,255.65613519985618,2.353793552107861,4.101391324043291
drentsche_aa,ahn4_p95_height_m,single_source,schoorlse_duinen,ridge,509,4.796903465344551,4.32431790873785,-3.279707917332816,3.9304225792584617,-0.02398858250929656,False,138.65363600922967,2.353793552107861,2.0379457072812714
drentsche_aa,ahn4_p95_height_m,single_source,springendal_and_dal_van_de_mosbeek,ridge,509,3.834406484280764,3.2836129104643237,-1.7345664027388095,3.0129872491862937,0.38506107598735767,True,68.17381104651687,2.353793552107861,1.6290326230382397
drentsche_aa,ahn4_p95_height_m,single_source,vecht_en_beneden_reggegebied,ridge,509,4.25224248830459,3.6664275331731666,-2.363010460164293,3.018695337344113,0.2070055122283655,False,61.0655797006918,2.353793552107861,1.806548617866948
drentsche_aa,ahn4_p95_height_m,single_source,veluwe,ridge,509,2.9870747207484656,2.5324264288204787,-0.6595270886384854,1.8489495256748196,0.316212378710955,False,108.47706819137746,2.353793552107861,1.2690470317898064
drentsche_aa,ahn4_p95_height_m,single_source,voornes_duin,ridge,509,2.720472532404572,2.117209819279654,-0.3765147314922168,-1.0726068107404516,0.3359603117992279,True,216.80414007021187,2.353793552107861,1.1557821330457567
drentsche_aa,ahn4_pulse_penetration,single_source,brabantse_wal,ridge,509,0.13825964081812978,0.1276806580430791,-8.084951494247576,-0.12766362119584065,0.35703043910161036,False,238.5512066051113,0.030477615376703585,4.53643236549971
drentsche_aa,ahn4_pulse_penetration,single_source,drents_friese_wold_and_leggelderveld,ridge,509,0.04195526938163395,0.03138103423118543,0.16342517334952855,-0.014387046445256603,0.5250162141684969,False,28.059997489608616,0.030477615376703585,1.3765929146052427
drentsche_aa,ahn4_pulse_penetration,single_source,geleenbeekdal,ridge,509,0.05581280972562483,0.045421174809819866,-0.4804697461764278,-0.03486731048549072,0.4166548779576726,True,242.47261225800827,0.030477615376703585,1.8312721988179859
drentsche_aa,ahn4_pulse_penetration,single_source,geuldal,ridge,509,0.042108322754942556,0.03291745769582399,0.15731036831894685,-0.010933258235555122,0.5072579387781766,True,253.05938694822353,0.030477615376703585,1.381614743623585
drentsche_aa,ahn4_pulse_penetration,single_source,kennemerland_zuid,ridge,509,0.06578140577193213,0.05642232551227426,-1.0565442798970066,0.05183137088689569,0.5122432641720361,True,157.049087917051,0.030477615376703585,2.1583514641442054
drentsche_aa,ahn4_pulse_penetration,single_source,landgoederen_oldenzaal,ridge,509,0.08942274550286546,0.08080992174157291,-2.8003864731661037,0.0773678340062693,0.47239904012241113,True,83.50617970715656,0.030477615376703585,2.9340466567872703
drentsche_aa,ahn4_pulse_penetration,single_source,leenderbos_groote_heide_and_de_plateaux,ridge,509,0.04754043924148418,0.036424536337191483,-0.07413320999101769,0.004224271490567972,0.32358433979500584,False,205.18951307790854,0.030477615376703585,1.5598477326353766
drentsche_aa,ahn4_pulse_penetration,single_source,loonse_en_drunense_duinen_and_leemkuilen,ridge,509,0.06712978371190549,0.057848621571213496,-1.1417178688923206,0.052983838519214586,0.4744946699861949,False,185.596102445424,0.030477615376703585,2.2025930468043775
drentsche_aa,ahn4_pulse_penetration,single_source,maasduinen,ridge,509,0.10261123610296555,0.09378103259788417,-4.004049568233372,0.09265813637058133,0.38981260574093246,False,168.78849013123448,0.030477615376703585,3.366773772642308
drentsche_aa,ahn4_pulse_penetration,single_source,meinweg,ridge,509,0.055646262494695564,0.04278798340528281,-0.47164738965075603,0.030835565974079045,0.4060900100103533,False,211.98643853437497,0.030477615376703585,1.8258076232968783
drentsche_aa,ahn4_pulse_penetration,single_source,noordhollands_duinreservaat,ridge,509,0.03915034953785677,0.030512368577628228,0.27154445759288903,-0.012643969133008187,0.4479517217253686,True,145.14909001165265,0.030477615376703585,1.2845607851519258
drentsche_aa,ahn4_pulse_penetration,single_source,rijntakken,ridge,509,0.06585097103494914,0.05542993375491355,-1.0608962601784149,0.048278568588583155,0.425198611491673,True,120.09610612674089,0.030477615376703585,2.1606339676195323
drentsche_aa,ahn4_pulse_penetration,single_source,sallandse_heuvelrug,ridge,509,0.06260283780013193,0.05063920797251203,-0.8626008848118809,0.030068183964154914,0.39876392322450904,False,80.17643854368437,0.030477615376703585,2.054059578689485
drentsche_aa,ahn4_pulse_penetration,single_source,savelsbos,ridge,509,0.03632760267461407,0.02944376769488348,0.3728011662566062,-0.0018298047616448257,0.44518570861232676,True,255.65613519985618,0.030477615376703585,1.1919437339701482
drentsche_aa,ahn4_pulse_penetration,single_source,schoorlse_duinen,ridge,509,0.09932550172735519,0.0899590741013149,-3.6887092134488046,-0.08878702457837528,0.32954721791077757,False,138.65363600922967,0.030477615376703585,3.258965653962462
drentsche_aa,ahn4_pulse_penetration,single_source,springendal_and_dal_van_de_mosbeek,ridge,509,0.09683176920197757,0.09044760994396459,-3.456228973749943,0.09015220728932796,0.5485835350421898,True,68.17381104651687,0.030477615376703585,3.177143881013527
drentsche_aa,ahn4_pulse_penetration,single_source,vecht_en_beneden_reggegebied,ridge,509,0.05540726658051257,0.04036908963945194,-0.4590333380024423,-0.01688646401100949,0.49960668699576516,False,61.0655797006918,0.030477615376703585,1.8179659364972713
drentsche_aa,ahn4_pulse_penetration,single_source,veluwe,ridge,509,0.06501286345671338,0.05762188712211815,-1.008770647403133,0.054372967035119166,0.5608376115533618,False,108.47706819137746,0.030477615376703585,2.1331348484175625
drentsche_aa,ahn4_pulse_penetration,single_source,voornes_duin,ridge,509,0.07361201489586956,0.060994656154036445,-1.5753079881384568,-0.05709269577305789,0.5070297392378478,True,216.80414007021187,0.030477615376703585,2.415281313384411
drentsche_aa,ahn4_sigma_z,single_source,brabantse_wal,ridge,509,1.6380408363449825,1.4009882513084868,-2.672341357233163,1.3639895669363402,0.29074529749737105,False,238.5512066051113,0.8076671032523125,2.028113847585128
drentsche_aa,ahn4_sigma_z,single_source,drents_friese_wold_and_leggelderveld,ridge,509,0.7846809543471092,0.5960355525277404,0.15728675889697297,-0.16011449031661096,0.45872005904984764,False,28.059997489608616,0.8076671032523125,0.9715400703920678
drentsche_aa,ahn4_sigma_z,single_source,geleenbeekdal,ridge,509,1.4737522768920126,1.2523081076149454,-1.9726417478243756,1.1556080496759955,0.26181045150872345,True,242.47261225800827,0.8076671032523125,1.824702616904303
drentsche_aa,ahn4_sigma_z,single_source,geuldal,ridge,509,1.9215283856568428,1.7445001111353942,-4.05344104512468,1.7374488887921276,0.3451951417483325,True,253.05938694822353,0.8076671032523125,2.379109385437683
drentsche_aa,ahn4_sigma_z,single_source,kennemerland_zuid,ridge,509,0.8845227818219024,0.7333873810320933,-0.07080808300130337,0.20636540415920804,0.23155200246702365,True,157.049087917051,0.8076671032523125,1.0951576190983978
drentsche_aa,ahn4_sigma_z,single_source,landgoederen_oldenzaal,ridge,509,1.866003849658213,1.708935057500746,-3.765611832050153,1.6795224413280077,0.3474658698622479,True,83.50617970715656,0.8076671032523125,2.3103625765419835
drentsche_aa,ahn4_sigma_z,single_source,leenderbos_groote_heide_and_de_plateaux,ridge,509,1.2742705207330314,1.066422075095549,-1.2223725639960707,0.5600817269112155,0.019490805969315336,False,205.18951307790854,0.8076671032523125,1.577717497223548
drentsche_aa,ahn4_sigma_z,single_source,loonse_en_drunense_duinen_and_leemkuilen,ridge,509,1.035455050994902,0.8532883409535267,-0.4674256175995657,0.3665280806958834,0.019718398354771405,False,185.596102445424,0.8076671032523125,1.282031974343555
drentsche_aa,ahn4_sigma_z,single_source,maasduinen,ridge,509,1.2015967723200829,0.9332600965856974,-0.9761099310970123,-0.11170695839360831,0.05399204747711638,False,168.78849013123448,0.8076671032523125,1.4877376675136267
drentsche_aa,ahn4_sigma_z,single_source,meinweg,ridge,509,1.3926925989347023,1.1476067571757484,-1.6546308060830826,0.6915165063058706,0.13098729015513033,False,211.98643853437497,0.8076671032523125,1.7243398837548418
drentsche_aa,ahn4_sigma_z,single_source,noordhollands_duinreservaat,ridge,509,0.962887126928814,0.7453662513517932,-0.2689495489511571,-0.482789150217719,0.29220560115752553,True,145.14909001165265,0.8076671032523125,1.1921831693422473
drentsche_aa,ahn4_sigma_z,single_source,rijntakken,ridge,509,1.5697656210765192,1.356318684902512,-2.3725874656899912,1.238164283460215,0.07278741070409896,True,120.09610612674089,0.8076671032523125,1.9435799907602893
drentsche_aa,ahn4_sigma_z,single_source,sallandse_heuvelrug,ridge,509,1.1928360335333428,0.9256633113916176,-0.9473996807056171,-0.173448597952086,0.03567004494585595,False,80.17643854368437,0.8076671032523125,1.4768907000545555
drentsche_aa,ahn4_sigma_z,single_source,savelsbos,ridge,509,2.9425058855249047,2.750544674098435,-10.850270802326634,2.7500125427915725,0.15444906460841928,True,255.65613519985618,0.8076671032523125,3.6432162133087096
drentsche_aa,ahn4_sigma_z,single_source,schoorlse_duinen,ridge,509,1.0071146308061618,0.7904131003641552,-0.388197970048783,-0.2055177460964395,0.006460722587103607,False,138.65363600922967,0.8076671032523125,1.2469427400852584
drentsche_aa,ahn4_sigma_z,single_source,springendal_and_dal_van_de_mosbeek,ridge,509,0.7973149611740725,0.594329535194682,0.1299315484814565,-0.09504711492233027,0.32033543534858555,True,68.17381104651687,0.8076671032523125,0.9871826622174482
drentsche_aa,ahn4_sigma_z,single_source,vecht_en_beneden_reggegebied,ridge,509,1.3390245499606053,1.0319656034656306,-1.453978049240253,-0.2138693154169987,0.14898358255637942,False,61.0655797006918,0.8076671032523125,1.6578916543321172
drentsche_aa,ahn4_sigma_z,single_source,veluwe,ridge,509,0.8838163163330238,0.6844011634938623,-0.06909826417300313,-0.14882740549294748,0.3443478631532723,False,108.47706819137746,0.8076671032523125,1.0942829202453261
drentsche_aa,ahn4_sigma_z,single_source,voornes_duin,ridge,509,1.0187650550756284,0.8249420443590655,-0.4205014258584858,-0.6187122086066348,0.2551638406324822,True,216.80414007021187,0.8076671032523125,1.2613675250276593
geleenbeekdal,ahn4_entropy,single_source,brabantse_wal,ridge,396,0.35684471003094137,0.28321150518982335,-1.2066740027063165,-0.23810899068237895,0.0733851643289474,False,122.52830648126101,0.22701020949853967,1.5719324290268843
geleenbeekdal,ahn4_entropy,single_source,drents_friese_wold_and_leggelderveld,ridge,396,0.368400623553453,0.3023378128434178,-1.3519081966679778,-0.20934103541156907,-0.013326662628366723,False,222.92051689350404,0.22701020949853967,1.6228372475724395
geleenbeekdal,ahn4_entropy,single_source,drentsche_aa,ridge,396,0.2778695197656218,0.2274697084332669,-0.33801651353722706,-0.13648847074570752,0.2983092019283241,True,242.47261225800827,0.22701020949853967,1.2240397486061494
geleenbeekdal,ahn4_entropy,single_source,geuldal,ridge,396,0.20247228779421647,0.16625593290637733,0.2895871102731392,-0.04297366809697144,0.4290888459812388,True,10.58697196917497,0.22701020949853967,0.8919082901226033
geleenbeekdal,ahn4_entropy,single_source,kennemerland_zuid,ridge,396,0.2970710121927081,0.25162980100994825,-0.5293264662134851,-0.20324253859918717,0.2884850378972296,True,187.99346892758936,0.22701020949853967,1.3086240167300454
geleenbeekdal,ahn4_entropy,single_source,landgoederen_oldenzaal,ridge,396,0.39400610136400616,0.33907435521046897,-1.690206060335953,-0.3136985429869845,0.2829575505568077,True,172.58102109589578,0.22701020949853967,1.7356316362790756
geleenbeekdal,ahn4_entropy,single_source,leenderbos_groote_heide_and_de_plateaux,ridge,396,0.4023412856900977,0.32647280893417696,-1.8052324318372408,-0.25878230124393536,-0.10765022412412116,False,55.222286823395244,0.22701020949853967,1.7723488585771554
geleenbeekdal,ahn4_entropy,single_source,loonse_en_drunense_duinen_and_leemkuilen,ridge,396,0.4889100890925261,0.424111454888358,-3.142262825199424,-0.4067914147269362,0.06127515407830534,False,99.53917654283707,0.22701020949853967,2.1536920747860515
geleenbeekdal,ahn4_entropy,single_source,maasduinen,ridge,396,0.6948998811320395,0.6198930162475281,-7.368047316914637,-0.6185622316792716,-0.004599347889166043,False,73.69396600909198,0.22701020949853967,3.061095281428343
geleenbeekdal,ahn4_entropy,single_source,meinweg,ridge,396,0.6124738841360859,0.5460148335361987,-5.500620344855098,-0.540045688131995,0.1316750470556995,False,31.79672444571944,0.22701020949853967,2.698001492924158
geleenbeekdal,ahn4_entropy,single_source,noordhollands_duinreservaat,ridge,396,0.29274250484764097,0.2437553795815353,-0.4850846922529233,-0.13837424281097502,0.3703627544872752,True,204.4386034917299,0.22701020949853967,1.2895565600080385
geleenbeekdal,ahn4_entropy,single_source,rijntakken,ridge,396,0.31194010000636924,0.2645000407869507,-0.6862504033266903,-0.20590703198088442,0.3306306138951344,True,128.81797124784237,0.22701020949853967,1.374123660320995
geleenbeekdal,ahn4_entropy,single_source,sallandse_heuvelrug,ridge,396,0.6330256992261183,0.5611666829817472,-5.944201842495448,-0.5560596717672871,-0.039594751350697795,False,162.29758365753034,0.22701020949853967,2.78853405150569
geleenbeekdal,ahn4_entropy,single_source,savelsbos,ridge,396,0.32794668482910705,0.2726792673360836,-0.8637435030351766,-0.19584816898337726,0.3148695564237896,True,15.848844587198823,0.22701020949853967,1.4446340785885081
geleenbeekdal,ahn4_entropy,single_source,schoorlse_duinen,ridge,396,0.35408712545373616,0.28695222794516706,-1.1727008026716854,-0.20477976838564063,-0.02444098396550874,False,216.18636116191934,0.22701020949853967,1.5597850256863182
geleenbeekdal,ahn4_entropy,single_source,springendal_and_dal_van_de_mosbeek,ridge,396,0.34114110243538964,0.2888020748269655,-1.0167299578631552,-0.2521187298879611,0.3819124730230833,True,182.712202717817,0.22701020949853967,1.5027566521742017
geleenbeekdal,ahn4_entropy,single_source,vecht_en_beneden_reggegebied,ridge,396,0.6853917892205367,0.6155090032142466,-7.140619338556666,-0.6144908181129228,-0.018222296221020447,False,181.4133275747965,0.22701020949853967,3.0192112977409753
geleenbeekdal,ahn4_entropy,single_source,veluwe,ridge,396,0.5325495369358004,0.45554533138820996,-3.9147301268327492,-0.4449338283072676,0.06462155378255045,False,143.71102822335675,0.22701020949853967,2.3459276924689427
geleenbeekdal,ahn4_entropy,single_source,voornes_duin,ridge,396,0.4452146399555756,0.3879721459849444,-2.4349350218530863,-0.3638426433419659,0.37124213906426007,True,169.1293475065488,0.22701020949853967,1.9612097664640038
geleenbeekdal,ahn4_height_cv,single_source,brabantse_wal,ridge,396,0.13193145543468981,0.10857757612126799,-0.504761697048943,0.06868807451233833,0.27220526306579496,False,122.52830648126101,0.09595803695285368,1.37488697793506
geleenbeekdal,ahn4_height_cv,single_source,drents_friese_wold_and_leggelderveld,ridge,396,0.14213609865417232,0.10998771810579189,-0.7465450913510867,-0.08314372366753818,0.31445876578786486,False,222.92051689350404,0.09595803695285368,1.4812318297424836
geleenbeekdal,ahn4_height_cv,single_source,drentsche_aa,ridge,396,0.11882161549282172,0.09517307151017722,-0.220567850105708,-0.06523702455279173,0.2731653284041634,True,242.47261225800827,0.09595803695285368,1.2382664263046712
geleenbeekdal,ahn4_height_cv,single_source,geuldal,ridge,396,0.10111153388179699,0.07849107620387762,0.11616251147051304,-0.03811610827075046,0.42960545597394795,True,10.58697196917497,0.09595803695285368,1.0537057352629602
geleenbeekdal,ahn4_height_cv,single_source,kennemerland_zuid,ridge,396,0.160173417198279,0.13117981489519603,-1.2179507743440978,-0.11800216498636518,0.1170005457878565,True,187.99346892758936,0.09595803695285368,1.6692027294907643
geleenbeekdal,ahn4_height_cv,single_source,landgoederen_oldenzaal,ridge,396,0.16070073891628053,0.13886680713635732,-1.23257865534935,0.13175390272212817,0.4215477097419539,True,172.58102109589578,0.09595803695285368,1.6746980661477724
geleenbeekdal,ahn4_height_cv,single_source,leenderbos_groote_heide_and_de_plateaux,ridge,396,0.15262851294186525,0.12451969764814579,-1.0139207045269298,-0.09184203254879732,0.2168056550640089,False,55.222286823395244,0.09595803695285368,1.5905756077196018
geleenbeekdal,ahn4_height_cv,single_source,loonse_en_drunense_duinen_and_leemkuilen,ridge,396,0.126667623307802,0.09745825718898239,-0.38708241104819185,-0.036813828604259906,0.22769928695264166,False,99.53917654283707,0.09595803695285368,1.3200314150865406
geleenbeekdal,ahn4_height_cv,single_source,maasduinen,ridge,396,0.23240769991235943,0.19784416721361217,-3.669517916988182,-0.19695588562060418,0.2266027489835241,False,73.69396600909198,0.09595803695285368,2.421972221321561
geleenbeekdal,ahn4_height_cv,single_source,meinweg,ridge,396,0.12832195087040288,0.10559929516300554,-0.42355066330210067,0.03314634302103666,0.18613218568052273,False,31.79672444571944,0.09595803695285368,1.3372715297776496
geleenbeekdal,ahn4_height_cv,single_source,noordhollands_duinreservaat,ridge,396,0.14943847141397457,0.12193110366063742,-0.9306157910670152,-0.10597294429914668,0.10823035491473852,True,204.4386034917299,0.09595803695285368,1.5573314769600488
geleenbeekdal,ahn4_height_cv,single_source,rijntakken,ridge,396,0.13093021317375686,0.11031788472891699,-0.48200876061014486,0.08573209377597983,0.2474044479627036,True,128.81797124784237,0.09595803695285368,1.3644528101182998
geleenbeekdal,ahn4_height_cv,single_source,sallandse_heuvelrug,ridge,396,0.16540334379501584,0.1341282173852558,-1.365154910392019,-0.11276817505528687,0.25871559221253165,False,162.29758365753034,0.09595803695285368,1.7237049552845916
geleenbeekdal,ahn4_height_cv,single_source,savelsbos,ridge,396,0.1281551449961175,0.0981672626007464,-0.41985211794351174,-0.08484761455895108,0.3701415798533266,True,15.848844587198823,0.09595803695285368,1.3355332087408476
geleenbeekdal,ahn4_height_cv,single_source,schoorlse_duinen,ridge,396,0.15254142228575449,0.12342816043008673,-1.0116230521179261,-0.10596127951244326,0.24869072402098746,False,216.18636116191934,0.09595803695285368,1.5896680166633825
geleenbeekdal,ahn4_height_cv,single_source,springendal_and_dal_van_de_mosbeek,ridge,396,0.1843942949043694,0.16147156988482247,-1.9394493483130555,-0.1576453026103864,0.33299248183930763,True,182.712202717817,0.09595803695285368,1.9216138716443982
geleenbeekdal,ahn4_height_cv,single_source,vecht_en_beneden_reggegebied,ridge,396,0.275211346043797,0.25399712912588396,-5.547924901712298,-0.25393049754511293,0.414021214889747,False,181.4133275747965,0.09595803695285368,2.8680385174929586
geleenbeekdal,ahn4_height_cv,single_source,veluwe,ridge,396,0.1894200916560735,0.15919488188458347,-2.101866523866815,-0.15507431429824736,0.3477939880750434,False,143.71102822335675,0.09595803695285368,1.973988815018588
geleenbeekdal,ahn4_height_cv,single_source,voornes_duin,ridge,396,0.13502205982710086,0.10670145442600992,-0.5760880605418235,-0.08797244704980661,0.1599105834416967,True,169.1293475065488,0.09595803695285368,1.4070948522367146
geleenbeekdal,ahn4_height_sd_m,single_source,brabantse_wal,ridge,396,1.7475154085748226,1.3214489566550989,-0.44553539305892387,-0.7464564091067506,0.11867613560786433,False,122.52830648126101,1.4704909500234002,1.1883890945041273
geleenbeekdal,ahn4_height_sd_m,single_source,drents_friese_wold_and_leggelderveld,ridge,396,2.3635481427717555,1.8908645804794033,-1.644329729055146,-1.7985069202870654,-0.09171715153663146,False,222.92051689350404,1.4704909500234002,1.6073190676448188
geleenbeekdal,ahn4_height_sd_m,single_source,drentsche_aa,ridge,396,1.7755458993096924,1.3994058727846281,-0.49228065566178003,-1.2262532701266515,0.23159318899546882,True,242.47261225800827,1.4704909500234002,1.2074510892307346
geleenbeekdal,ahn4_height_sd_m,single_source,geuldal,ridge,396,1.5671846399347398,1.221308390342837,-0.16259120961031415,-0.8503755332262798,0.43546623431773557,True,10.58697196917497,1.4704909500234002,1.0657560591650026
geleenbeekdal,ahn4_height_sd_m,single_source,kennemerland_zuid,ridge,396,2.1139924999764177,1.6968628046547403,-1.1154052914638442,-1.5880011779064336,0.4777942257115408,True,187.99346892758936,1.4704909500234002,1.4376100036132675
geleenbeekdal,ahn4_height_sd_m,single_source,landgoederen_oldenzaal,ridge,396,1.3083745800979665,1.0109940208125427,0.18969056154212038,-0.3674441475702539,0.39714885076324363,True,172.58102109589578,1.4704909500234002,0.8897535752104738
geleenbeekdal,ahn4_height_sd_m,single_source,leenderbos_groote_heide_and_de_plateaux,ridge,396,3.2497056572070617,2.771808535442371,-3.998903520353916,-2.7682923701611233,-0.16609651056758287,False,55.222286823395244,1.4704909500234002,2.2099460436362075
geleenbeekdal,ahn4_height_sd_m,single_source,loonse_en_drunense_duinen_and_leemkuilen,ridge,396,2.294779415628526,1.8057327148631386,-1.4926918464971446,-1.6396671213282104,0.22098524827097119,False,99.53917654283707,1.4704909500234002,1.560553239441568
geleenbeekdal,ahn4_height_sd_m,single_source,maasduinen,ridge,396,3.5223613342836804,3.0339191874696625,-4.8729257779162465,-3.032388724095198,-0.0038301222113667995,False,73.69396600909198,1.4704909500234002,2.3953641701961024
geleenbeekdal,ahn4_height_sd_m,single_source,meinweg,ridge,396,2.5016365382854744,1.9595735342764484,-1.9623415151795385,-1.7434430819889546,0.08834283536493488,False,31.79672444571944,1.4704909500234002,1.7012253888714277
geleenbeekdal,ahn4_height_sd_m,single_source,noordhollands_duinreservaat,ridge,396,2.3505296204894512,1.9748204097253312,-1.6152797960537968,-1.9307913989273766,0.42995074759113566,True,204.4386034917299,1.4704909500234002,1.5984658868196684
geleenbeekdal,ahn4_height_sd_m,single_source,rijntakken,ridge,396,1.3796596032051216,1.084277782766009,0.09898795159200657,0.13655540580823447,0.5341678802345847,True,128.81797124784237,1.4704909500234002,0.938230597871525
geleenbeekdal,ahn4_height_sd_m,single_source,sallandse_heuvelrug,ridge,396,2.8559763511725063,2.43986316203669,-2.8609654550248758,-2.4118250438390216,0.007988126888433051,False,162.29758365753034,1.4704909500234002,1.942192402562599
geleenbeekdal,ahn4_height_sd_m,single_source,savelsbos,ridge,396,2.2918226526949783,1.9026533794847764,-1.4862724489827843,-1.852438653689291,0.3254955181898316,True,15.848844587198823,1.4704909500234002,1.558542507628835
geleenbeekdal,ahn4_height_sd_m,single_source,schoorlse_duinen,ridge,396,2.1824446556851433,1.7133853278486524,-1.2546190937340485,-1.5467458627768371,-0.025199938589743023,False,216.18636116191934,1.4704909500234002,1.4841605489992398
geleenbeekdal,ahn4_height_sd_m,single_source,springendal_and_dal_van_de_mosbeek,ridge,396,2.505895528097516,2.114140501990493,-1.9724367643401637,-2.084796694969017,0.47199210551286064,True,182.712202717817,1.4704909500234002,1.7041216935457095
geleenbeekdal,ahn4_height_sd_m,single_source,vecht_en_beneden_reggegebied,ridge,396,4.726293749442031,4.303486134943276,-9.573727722304682,-4.303486134943276,0.06298169337208795,False,181.4133275747965,1.4704909500234002,3.21409237463639
geleenbeekdal,ahn4_height_sd_m,single_source,veluwe,ridge,396,3.2363438520751133,2.815581245971636,-3.9578800784627086,-2.813504123321986,0.037617737396256144,False,143.71102822335675,1.4704909500234002,2.2008594150297984
geleenbeekdal,ahn4_height_sd_m,single_source,voornes_duin,ridge,396,2.4561884899756965,2.095027178872242,-1.855683588922894,-2.059650766947061,0.4018628979473413,True,169.1293475065488,1.4704909500234002,1.6703186714182843
geleenbeekdal,ahn4_p95_height_m,single_source,brabantse_wal,ridge,396,5.412398066742573,4.1763060838852,-0.7693834380015363,-3.537470852298657,0.21585775487409078,False,122.52830648126101,3.966593818591991,1.364495159896103
geleenbeekdal,ahn4_p95_height_m,single_source,drents_friese_wold_and_leggelderveld,ridge,396,6.220026252883042,5.0466528330917635,-1.3368289956378727,-4.634641426741411,-0.10371086103980029,False,222.92051689350404,3.966593818591991,1.568102643565089
geleenbeekdal,ahn4_p95_height_m,single_source,drentsche_aa,ridge,396,4.4282182365981715,3.463307654206649,-0.18440581133966738,-2.8537249019662085,0.29083537217302974,True,242.47261225800827,3.966593818591991,1.1163780409888406
geleenbeekdal,ahn4_p95_height_m,single_source,geuldal,ridge,396,4.099497497713837,3.2628764760224396,-0.01508812835175033,-2.1484704221035287,0.42827545326110794,True,10.58697196917497,3.966593818591991,1.033505744525418
geleenbeekdal,ahn4_p95_height_m,single_source,kennemerland_zuid,ridge,396,5.31290389407393,4.245319281990049,-0.704929468304033,-3.683375853395448,0.43721390854946085,True,187.99346892758936,3.966593818591991,1.339412134706506
geleenbeekdal,ahn4_p95_height_m,single_source,landgoederen_oldenzaal,ridge,396,4.941849191472182,4.0837740959053,-0.47510003551750235,-3.483126780774744,0.34581929223500296,True,172.58102109589578,3.966593818591991,1.245867214411778
geleenbeekdal,ahn4_p95_height_m,single_source,leenderbos_groote_heide_and_de_plateaux,ridge,396,8.585216011392726,7.433767061460383,-3.451895392532026,-7.4216312482710345,-0.03368797476455721,False,55.222286823395244,3.966593818591991,2.1643799199082583
geleenbeekdal,ahn4_p95_height_m,single_source,loonse_en_drunense_duinen_and_leemkuilen,ridge,396,6.870927883554589,5.596951105172624,-1.8514993560908466,-5.391822120417117,0.19905369021720398,False,99.53917654283707,3.966593818591991,1.73219850526403
geleenbeekdal,ahn4_p95_height_m,single_source,maasduinen,ridge,396,7.6465686922888025,6.331773745098567,-2.5316339735548903,-6.181710976577764,0.06969288386822456,False,73.69396600909198,3.966593818591991,1.9277417961093581
geleenbeekdal,ahn4_p95_height_m,single_source,meinweg,ridge,396,9.06251852136218,7.822455836848216,-3.9606697069552643,-7.678111461273397,0.14875869437747963,False,31.79672444571944,3.966593818591991,2.284710493644412
geleenbeekdal,ahn4_p95_height_m,single_source,noordhollands_duinreservaat,ridge,396,5.732978808963461,4.650397488795928,-0.9851949889866989,-4.282924286118253,0.3982004557025076,True,204.4386034917299,3.966593818591991,1.445315318672704
geleenbeekdal,ahn4_p95_height_m,single_source,rijntakken,ridge,396,4.045257818881995,3.1095404318828006,0.011595055491900097,-0.899204088332866,0.4642321860367404,True,128.81797124784237,3.966593818591991,1.0198316247863077
geleenbeekdal,ahn4_p95_height_m,single_source,sallandse_heuvelrug,ridge,396,6.752887736089944,5.681696524591107,-1.7543654176746415,-5.561517581590945,0.13853671202105017,False,162.29758365753034,3.966593818591991,1.7024399383769004
geleenbeekdal,ahn4_p95_height_m,single_source,savelsbos,ridge,396,6.102564546370766,4.906211497235741,-1.249402950990861,-4.339790689718376,0.1529529153611007,True,15.848844587198823,3.966593818591991,1.5384899048062786
geleenbeekdal,ahn4_p95_height_m,single_source,schoorlse_duinen,ridge,396,4.980332386209791,4.026212794997978,-0.49816330036239154,-2.5592128566822185,-0.19987548313793488,False,216.18636116191934,3.966593818591991,1.2555690383185347
geleenbeekdal,ahn4_p95_height_m,single_source,springendal_and_dal_van_de_mosbeek,ridge,396,5.093295243492342,3.9976357764873685,-0.5668961040143812,-3.1838696246652907,0.3243138832968982,True,182.712202717817,3.966593818591991,1.2840475925766184
geleenbeekdal,ahn4_p95_height_m,single_source,vecht_en_beneden_reggegebied,ridge,396,10.188702607872713,8.879293508799151,-5.270183768289032,-8.86448172966203,-0.005050670358262017,False,181.4133275747965,3.966593818591991,2.568627662382977
geleenbeekdal,ahn4_p95_height_m,single_source,veluwe,ridge,396,7.327744072646542,6.042946675301427,-2.2432698365617587,-5.957807079423981,0.08082910435365565,False,143.71102822335675,3.966593818591991,1.8473643654412912
geleenbeekdal,ahn4_p95_height_m,single_source,voornes_duin,ridge,396,6.852665149407127,5.9362641329579215,-1.8363610903324377,-5.839909605630451,0.4157186479607149,True,169.1293475065488,3.966593818591991,1.727594370083397
geleenbeekdal,ahn4_pulse_penetration,single_source,brabantse_wal,ridge,396,0.13056231120047485,0.11532514681504212,-4.36452775023377,-0.1144394548082085,0.10433542070719966,False,122.52830648126101,0.049188348385836585,2.654334115395289
geleenbeekdal,ahn4_pulse_penetration,single_source,drents_friese_wold_and_leggelderveld,ridge,396,0.084690996267527,0.06706469731818683,-1.2572014524949666,-0.055410430756766105,0.11020910789952629,False,222.92051689350404,0.049188348385836585,1.7217694646546242
geleenbeekdal,ahn4_pulse_penetration,single_source,drentsche_aa,ridge,396,0.05838852896248926,0.04788569198407642,-0.07287939639179286,0.011083718311363368,0.14005418091854482,True,242.47261225800827,0.049188348385836585,1.187039835216378
geleenbeekdal,ahn4_pulse_penetration,single_source,geuldal,ridge,396,0.07049668304996354,0.05750620111051015,-0.5639872361069536,0.048670102245346694,0.4248450070268559,True,10.58697196917497,0.049188348385836585,1.4331988237739353
geleenbeekdal,ahn4_pulse_penetration,single_source,kennemerland_zuid,ridge,396,0.11795277530437014,0.09625735299708729,-3.3783670342180168,0.09079896206904278,0.32681041127906996,True,187.99346892758936,0.049188348385836585,2.3979820257257054
geleenbeekdal,ahn4_pulse_penetration,single_source,landgoederen_oldenzaal,ridge,396,0.06901370415228816,0.05735635859786256,-0.49887878665005925,0.040370867543192794,0.22332736206794798,True,172.58102109589578,0.049188348385836585,1.4030498363340076
geleenbeekdal,ahn4_pulse_penetration,single_source,leenderbos_groote_heide_and_de_plateaux,ridge,396,0.06822538465794893,0.055622652616534714,-0.46483201563477383,-0.028236620325491343,0.07577722819493751,False,55.222286823395244,0.049188348385836585,1.3870232869537438
geleenbeekdal,ahn4_pulse_penetration,single_source,loonse_en_drunense_duinen_and_leemkuilen,ridge,396,0.0686727489838857,0.05665729630515362,-0.4841052549577025,0.0379813777269741,0.2154202597395649,False,99.53917654283707,0.049188348385836585,1.3961182116791606
geleenbeekdal,ahn4_pulse_penetration,single_source,maasduinen,ridge,396,0.10693832527816671,0.0883965320366699,-2.5988404613332,0.08006710345568878,0.07895363745053784,False,73.69396600909198,0.049188348385836585,2.1740580602409247
geleenbeekdal,ahn4_pulse_penetration,single_source,meinweg,ridge,396,0.0696891223761974,0.056869970142587406,-0.5283605817412487,0.044657998028122904,0.33759066529172166,False,31.79672444571944,0.049188348385836585,1.4167811008727396
geleenbeekdal,ahn4_pulse_penetration,single_source,noordhollands_duinreservaat,ridge,396,0.049466039084796534,0.03982213934123042,0.22996562977688373,-0.0004363665510111016,0.21155696960214077,True,204.4386034917299,0.049188348385836585,1.0056454568627051
geleenbeekdal,ahn4_pulse_penetration,single_source,rijntakken,ridge,396,0.06467400359490194,0.052298821856789704,-0.31630136139618825,0.03427469288879073,0.25012091847940976,True,128.81797124784237,0.049188348385836585,1.3148236466001029
geleenbeekdal,ahn4_pulse_penetration,single_source,sallandse_heuvelrug,ridge,396,0.08906533963547425,0.07277025647447469,-1.4963949437163842,-0.06511336618548927,0.20207019031344617,False,162.29758365753034,0.049188348385836585,1.8106999433451183
geleenbeekdal,ahn4_pulse_penetration,single_source,savelsbos,ridge,396,0.08472171401509263,0.07298101514536146,-1.2588391406016348,0.0705379116468226,0.34262782173168704,True,15.848844587198823,0.049188348385836585,1.7223939570105105
geleenbeekdal,ahn4_pulse_penetration,single_source,schoorlse_duinen,ridge,396,0.10709392888117172,0.09102988451931998,-2.6093212680482183,-0.0884777481633979,0.03996838971282223,False,216.18636116191934,0.049188348385836585,2.1772214842653392
geleenbeekdal,ahn4_pulse_penetration,single_source,springendal_and_dal_van_de_mosbeek,ridge,396,0.09181732044629651,0.07839272103447648,-1.6530477484811872,0.07395585409276087,0.29436861532739095,True,182.712202717817,0.049188348385836585,1.8666477623130484
geleenbeekdal,ahn4_pulse_penetration,single_source,vecht_en_beneden_reggegebied,ridge,396,0.05971983854542892,0.048005287209707766,-0.12236234406689261,0.004316055566656172,0.18119353771136262,False,181.4133275747965,0.049188348385836585,1.2141053827825778
geleenbeekdal,ahn4_pulse_penetration,single_source,veluwe,ridge,396,0.06258030958764355,0.052450101479573276,-0.23245551389514718,0.01814299754044032,0.17179009695892342,False,143.71102822335675,0.049188348385836585,1.27225881008973
geleenbeekdal,ahn4_pulse_penetration,single_source,voornes_duin,ridge,396,0.05709922390777644,0.04680531778024714,-0.02602099654412071,0.010158531494894027,0.22044039509862434,True,169.1293475065488,0.049188348385836585,1.1608282404582166
geleenbeekdal,ahn4_sigma_z,single_source,brabantse_wal,ridge,396,1.8400502302495425,1.3569802356843121,-0.7219994881658616,-1.0791893801979555,0.05567757292110061,False,122.52830648126101,1.418217888658977,1.2974383167521863
geleenbeekdal,ahn4_sigma_z,single_source,drents_friese_wold_and_leggelderveld,ridge,396,2.478090009908578,2.051563473725757,-2.1232576649845525,-2.012236901372989,-0.05951181976676195,False,222.92051689350404,1.418217888658977,1.747326718782107
geleenbeekdal,ahn4_sigma_z,single_source,drentsche_aa,ridge,396,1.8117569711322132,1.4612611473581416,-0.6694504854436645,-1.322004403664238,0.23704163040892154,True,242.47261225800827,1.418217888658977,1.27748844914469
geleenbeekdal,ahn4_sigma_z,single_source,geuldal,ridge,396,1.5098324786523862,1.1888658206457579,-0.15939437115089916,-0.8440129225264045,0.4628633097517346,True,10.58697196917497,1.418217888658977,1.0645983883901204
geleenbeekdal,ahn4_sigma_z,single_source,kennemerland_zuid,ridge,396,1.9904978241857214,1.592779906572205,-1.0151021902879278,-1.4694757083869425,0.39202314878470895,True,187.99346892758936,1.418217888658977,1.4035204605040448
geleenbeekdal,ahn4_sigma_z,single_source,landgoederen_oldenzaal,ridge,396,1.2945977503036903,1.005120755828226,0.14760016563454748,-0.4420060003427504,0.4012257274441346,True,172.58102109589578,1.418217888658977,0.9128341707266308
geleenbeekdal,ahn4_sigma_z,single_source,leenderbos_groote_heide_and_de_plateaux,ridge,396,3.085302094517091,2.6273871997320186,-3.8413786278901547,-2.622288466051955,-0.1802251896341349,False,55.222286823395244,1.418217888658977,2.1754781963965053
geleenbeekdal,ahn4_sigma_z,single_source,loonse_en_drunense_duinen_and_leemkuilen,ridge,396,2.444552803875422,2.0323595420775837,-2.0392925544203844,-1.9868315434158923,0.2596193064742591,False,99.53917654283707,1.418217888658977,1.723679290342978
geleenbeekdal,ahn4_sigma_z,single_source,maasduinen,ridge,396,3.4497844722240933,3.0035106352710232,-5.052817600527182,-3.003306673221465,-0.04349543691873743,False,73.69396600909198,1.418217888658977,2.432478464565204
geleenbeekdal,ahn4_sigma_z,single_source,meinweg,ridge,396,2.816166256011265,2.329259329723479,-3.033575973478186,-2.2911425411443065,0.06573605624324314,False,31.79672444571944,1.418217888658977,1.985707752335676
geleenbeekdal,ahn4_sigma_z,single_source,noordhollands_duinreservaat,ridge,396,2.221262251003681,1.846484611818589,-1.509419872288444,-1.8014197468178879,0.3894059932636905,True,204.4386034917299,1.418217888658977,1.5662348280658325
geleenbeekdal,ahn4_sigma_z,single_source,rijntakken,ridge,396,1.3267714030913098,1.0432122738095586,0.1047056057664848,0.17579180367297814,0.5328331538506569,True,128.81797124784237,1.418217888658977,0.9355201437670935
geleenbeekdal,ahn4_sigma_z,single_source,sallandse_heuvelrug,ridge,396,3.1886449711753047,2.791763819861319,-4.171136412893983,-2.7901184645914467,-0.0182858967036518,False,162.29758365753034,1.418217888658977,2.2483463201767884
geleenbeekdal,ahn4_sigma_z,single_source,savelsbos,ridge,396,2.202132437492897,1.8237173760107939,-1.4663830606774106,-1.7741564437698125,0.3169301083476565,True,15.848844587198823,1.418217888658977,1.5527462000744934
geleenbeekdal,ahn4_sigma_z,single_source,schoorlse_duinen,ridge,396,2.3528975419867746,1.9032930247340951,-1.8156566388630337,-1.8184498347312472,-0.08706408467273392,False,216.18636116191934,1.418217888658977,1.6590522237817786
geleenbeekdal,ahn4_sigma_z,single_source,springendal_and_dal_van_de_mosbeek,ridge,396,2.431863003384488,2.057725221882057,-2.007820203484599,-2.0350916600589737,0.4251455046332934,True,182.712202717817,1.418217888658977,1.714731581678174
geleenbeekdal,ahn4_sigma_z,single_source,vecht_en_beneden_reggegebied,ridge,396,4.566799720876638,4.201794427789068,-9.607122692469698,-4.201794427789068,-0.04731413728266562,False,181.4133275747965,1.418217888658977,3.2200973894038687
geleenbeekdal,ahn4_sigma_z,single_source,veluwe,ridge,396,3.147107334608719,2.758660530882921,-4.037287874491383,-2.757720478485138,0.02518941197758268,False,143.71102822335675,1.418217888658977,2.2190577059950405
geleenbeekdal,ahn4_sigma_z,single_source,voornes_duin,ridge,396,2.4246990859710524,2.0765175491764047,-1.9901250971534163,-2.04149856865373,0.38138867725653175,True,169.1293475065488,1.418217888658977,1.709680229928402
geuldal,ahn4_entropy,single_source,brabantse_wal,ridge,2714,0.3435709232945554,0.2726921001742995,-1.7104194487847058,-0.19012492421403188,0.014251265435482217,False,126.01048261009413,0.17042750325330283,2.0159359066823455
geuldal,ahn4_entropy,single_source,drents_friese_wold_and_leggelderveld,ridge,2714,0.32096969095239447,0.26003781061916736,-1.3655479142905298,-0.2126245244952479,0.13903809162713363,False,233.47487039081648,0.17042750325330283,1.8833209712363381
geuldal,ahn4_entropy,single_source,drentsche_aa,ridge,2714,0.20789767655650876,0.16210951162985185,0.007562942460389466,-0.0539494347117318,0.40880501754094634,True,253.05938694822353,0.17042750325330283,1.2198598969528691
geuldal,ahn4_entropy,single_source,geleenbeekdal,ridge,2714,0.20540449141523268,0.15908269113514395,0.031223551218831247,0.04788173130822825,0.37837865261579917,True,10.58697196917497,0.17042750325330283,1.2052308899341457
geuldal,ahn4_entropy,single_source,kennemerland_zuid,ridge,2714,0.34690762970841876,0.2940275683601032,-1.7633214243530713,-0.26477790973364196,0.21656018620314288,True,196.22152413012014,0.17042750325330283,2.035514357050794
geuldal,ahn4_entropy,single_source,landgoederen_oldenzaal,ridge,2714,0.3552358685530655,0.3059364237005915,-1.8975925876120914,-0.2830794279003349,0.33407160598608043,True,182.90488796872242,0.17042750325330283,2.0843811108649866
geuldal,ahn4_entropy,single_source,leenderbos_groote_heide_and_de_plateaux,ridge,2714,0.38201455898470393,0.29819755101929096,-2.350915916000461,-0.12626745138692147,-0.05887811920461688,False,63.46954451329532,0.17042750325330283,2.241507689148762
geuldal,ahn4_entropy,single_source,loonse_en_drunense_duinen_and_leemkuilen,ridge,2714,0.527831744576,0.44768980745674414,-5.397270468584082,-0.43555456141952725,-0.01843682496008345,False,107.35468643407823,0.17042750325330283,3.0971042496086723
geuldal,ahn4_entropy,single_source,maasduinen,ridge,2714,0.6693878745785133,0.5885108930611241,-9.288673447958217,-0.5792961116776828,-0.1032255858283234,False,84.28068449377152,0.17042750325330283,3.9276986507489706
geuldal,ahn4_entropy,single_source,meinweg,ridge,2714,0.4943345946641583,0.4234226876190875,-4.611070299207194,-0.41164870363522893,0.056196989983343014,False,42.084013696434106,0.17042750325330283,2.9005564549604363
geuldal,ahn4_entropy,single_source,noordhollands_duinreservaat,ridge,2714,0.3006746257873284,0.25624045170394966,-1.0758561700604745,-0.2082491093186455,0.3304846872673093,True,213.06177776379698,0.17042750325330283,1.7642376966612132
geuldal,ahn4_entropy,single_source,rijntakken,ridge,2714,0.3539145345914464,0.29446160064040894,-1.876076928605448,-0.26313081757493983,0.07223921255503132,True,139.18209704605272,0.17042750325330283,2.0766280549532583
geuldal,ahn4_entropy,single_source,sallandse_heuvelrug,ridge,2714,0.5314607199504796,0.455454971986726,-5.485538533352506,-0.43812716356394904,-0.10090322584723287,False,172.8844823612834,0.17042750325330283,3.1183976166134446
geuldal,ahn4_entropy,single_source,savelsbos,ridge,2714,0.21296347291929515,0.1673480873538668,-0.04139129226058924,-0.02774951255149768,0.4265569749056087,True,9.41802897726977,0.17042750325330283,1.249583951263852
geuldal,ahn4_entropy,single_source,schoorlse_duinen,ridge,2714,0.430734593171114,0.3767951487897777,-3.2601334669287443,-0.34780085741268013,0.0650284248250696,False,225.01787313751254,0.17042750325330283,2.5273772422220033
geuldal,ahn4_entropy,single_source,springendal_and_dal_van_de_mosbeek,ridge,2714,0.30717610061861844,0.25035195255359977,-1.166599043342016,-0.21208516751298664,0.1408617841167723,True,193.16767467580047,0.17042750325330283,1.8023857344320127
geuldal,ahn4_entropy,single_source,vecht_en_beneden_reggegebied,ridge,2714,0.6027388128819817,0.5257885326804649,-7.341843114834646,-0.5131186042552727,-0.003024143013712119,False,191.99975678441064,0.17042750325330283,3.536628779840444
geuldal,ahn4_entropy,single_source,veluwe,ridge,2714,0.4788021478564645,0.42052686181781535,-4.264000003020474,-0.41124340408461385,0.15670307385236043,False,154.02737695674784,0.17042750325330283,2.809418308175476
geuldal,ahn4_entropy,single_source,voornes_duin,ridge,2714,0.42419131223425677,0.3744387986179835,-3.131685349008423,-0.35636761227374303,0.21007810515020708,True,174.64224586567784,0.17042750325330283,2.4889839030487355
geuldal,ahn4_height_cv,single_source,brabantse_wal,ridge,2714,0.1648218121033278,0.14323522150609397,-1.8316729963566751,0.13367544302745224,0.34720084237895077,False,126.01048261009413,0.08477804618268146,1.944156766106244
geuldal,ahn4_height_cv,single_source,drents_friese_wold_and_leggelderveld,ridge,2714,0.10146972213480522,0.07853520228155618,-0.07321484735279493,-0.015354556431954096,0.2972029329295573,False,233.47487039081648,0.08477804618268146,1.1968867732119728
geuldal,ahn4_height_cv,single_source,drentsche_aa,ridge,2714,0.09914103186403073,0.07719688513618131,-0.024520374465491157,0.01428106340111251,0.2208282471128739,True,253.05938694822353,0.08477804618268146,1.169418691843872
geuldal,ahn4_height_cv,single_source,geleenbeekdal,ridge,2714,0.10289901923647667,0.0818443976262829,-0.10366228245130915,0.0414014305638885,0.39600122229844087,True,10.58697196917497,0.08477804618268146,1.2137460565527514
geuldal,ahn4_height_cv,single_source,kennemerland_zuid,ridge,2714,0.12808356613175567,0.09913560373129363,-0.7100174873055736,-0.07094508493286199,0.14013066060380358,True,196.22152413012014,0.08477804618268146,1.5108105446987843
geuldal,ahn4_height_cv,single_source,landgoederen_oldenzaal,ridge,2714,0.19660204066901396,0.17672321010913472,-3.028930472399602,0.17169783115784085,0.36633074160943513,True,182.90488796872242,0.08477804618268146,2.319020660671654
geuldal,ahn4_height_cv,single_source,leenderbos_groote_heide_and_de_plateaux,ridge,2714,0.12011319579393989,0.09487819317498512,-0.503817638573097,-0.002422731735163251,0.19920995077975626,False,63.46954451329532,0.08477804618268146,1.4167959890832766
geuldal,ahn4_height_cv,single_source,loonse_en_drunense_duinen_and_leemkuilen,ridge,2714,0.10527524269519709,0.08386807185352821,-0.15522407921020442,0.024964350883235016,0.15492475465777145,False,107.35468643407823,0.08477804618268146,1.2417748159511466
geuldal,ahn4_height_cv,single_source,maasduinen,ridge,2714,0.15775490222829,0.12758857642062113,-1.5940566592779302,-0.118360051781188,0.21914064170634404,False,84.28068449377152,0.08477804618268146,1.8607989843072879
geuldal,ahn4_height_cv,single_source,meinweg,ridge,2714,0.13427613217644563,0.10877134266271055,-0.8793660441403837,0.06688281549501046,0.1703133459197478,False,42.084013696434106,0.08477804618268146,1.5838549981100611
geuldal,ahn4_height_cv,single_source,noordhollands_duinreservaat,ridge,2714,0.11101775136004838,0.0839603096681856,-0.2846907086620767,-0.051341080954881886,0.16741370529865482,True,213.06177776379698,0.08477804618268146,1.3095106145855857
geuldal,ahn4_height_cv,single_source,rijntakken,ridge,2714,0.18712247738611626,0.16739303861373409,-2.6497712625747334,0.15976073298794569,0.19703838419656927,True,139.18209704605272,0.08477804618268146,2.207204409770201
geuldal,ahn4_height_cv,single_source,sallandse_heuvelrug,ridge,2714,0.12352901206405154,0.09745859077026865,-0.5905658959379232,-0.04362636063025714,0.2776199860342274,False,172.8844823612834,0.08477804618268146,1.4570872723094928
geuldal,ahn4_height_cv,single_source,savelsbos,ridge,2714,0.09675428894601966,0.07296481260595235,0.024214902120313186,-0.03854243193177652,0.37694990812386026,True,9.41802897726977,0.08477804618268146,1.1412658500943929
geuldal,ahn4_height_cv,single_source,schoorlse_duinen,ridge,2714,0.1065626775624296,0.08123002911491416,-0.18365184318123062,-0.03271038720698794,0.18574315230337513,False,225.01787313751254,0.08477804618268146,1.2569607623748036
geuldal,ahn4_height_cv,single_source,springendal_and_dal_van_de_mosbeek,ridge,2714,0.1163861085949447,0.08930996625916886,-0.4119392961694919,-0.0702583690022566,0.3328488108952692,True,193.16767467580047,0.08477804618268146,1.3728331075730802
geuldal,ahn4_height_cv,single_source,vecht_en_beneden_reggegebied,ridge,2714,0.23890928488022353,0.214783056385267,-4.949490655459155,-0.21341804341229606,0.30994213365904943,False,191.99975678441064,0.08477804618268146,2.818056037354493
geuldal,ahn4_height_cv,single_source,veluwe,ridge,2714,0.13243877790679612,0.10446775057463684,-0.8282856867046569,-0.09544613644807458,0.3218244456728402,False,154.02737695674784,0.08477804618268146,1.5621824737670214
geuldal,ahn4_height_cv,single_source,voornes_duin,ridge,2714,0.10029849308685237,0.07865007895098107,-0.04858235722828663,-0.006042327664079529,0.153467080746641,True,174.64224586567784,0.08477804618268146,1.1830715332920876
geuldal,ahn4_height_sd_m,single_source,brabantse_wal,ridge,2714,1.249923109245129,0.9765862992105503,-0.03168957533029593,-0.050974261166920984,0.13285094512824533,False,126.01048261009413,1.0249845859442368,1.2194555180492537
geuldal,ahn4_height_sd_m,single_source,drents_friese_wold_and_leggelderveld,ridge,2714,1.6932621221135085,1.3282035930534277,-0.8933496943526595,-1.1276327461765445,0.14851380128384575,False,233.47487039081648,1.0249845859442368,1.6519878887287274
geuldal,ahn4_height_sd_m,single_source,drentsche_aa,ridge,2714,1.192519504152819,0.9304971030111088,0.06089656579214986,-0.1253699819006848,0.30104623264666514,True,253.05938694822353,1.0249845859442368,1.1634511586866894
geuldal,ahn4_height_sd_m,single_source,geleenbeekdal,ridge,2714,1.5823687367083037,1.3185614955130291,-0.6534757685509938,1.1228979309171305,0.37807929305940874,True,10.58697196917497,1.0249845859442368,1.543797593063893
geuldal,ahn4_height_sd_m,single_source,kennemerland_zuid,ridge,2714,1.5318356311310881,1.197900827758685,-0.5495542352857603,-1.004299597154107,0.23751372440417154,True,196.22152413012014,1.0249845859442368,1.4944962608583325
geuldal,ahn4_height_sd_m,single_source,landgoederen_oldenzaal,ridge,2714,1.2405728577401463,0.9992681899774645,-0.016311868301426724,0.5425779046821704,0.32398012682601546,True,182.90488796872242,1.0249845859442368,1.21033318427643
geuldal,ahn4_height_sd_m,single_source,leenderbos_groote_heide_and_de_plateaux,ridge,2714,2.274630637669112,1.8274866508094232,-2.4166792962781827,-1.6594280257129697,-0.039618855247656376,False,63.46954451329532,1.0249845859442368,2.219185213964633
geuldal,ahn4_height_sd_m,single_source,loonse_en_drunense_duinen_and_leemkuilen,ridge,2714,1.779820580102087,1.346843684632161,-1.09187098182114,-0.9065776594290285,-0.036665484902906886,False,107.35468643407823,1.0249845859442368,1.7364364347610943
geuldal,ahn4_height_sd_m,single_source,maasduinen,ridge,2714,2.9272712243008687,2.5065370945048953,-4.658591907686107,-2.4834367515223525,-0.05482208756758674,False,84.28068449377152,1.0249845859442368,2.855917312750812
geuldal,ahn4_height_sd_m,single_source,meinweg,ridge,2714,1.4894321312302374,1.1590246498340275,-0.46495364999665867,-0.6539313765208171,0.15477720098684655,False,42.084013696434106,1.0249845859442368,1.4531263705377013
geuldal,ahn4_height_sd_m,single_source,noordhollands_duinreservaat,ridge,2714,1.9177398007343187,1.5904434459968473,-1.4286325444871264,-1.5045478638866239,0.27704126937145596,True,213.06177776379698,1.0249845859442368,1.8709937954507458
geuldal,ahn4_height_sd_m,single_source,rijntakken,ridge,2714,1.5767681161601685,1.2918247826464313,-0.6417918899380195,0.5070677310978776,0.05817731740687742,True,139.18209704605272,1.0249845859442368,1.5383334908471988
geuldal,ahn4_height_sd_m,single_source,sallandse_heuvelrug,ridge,2714,2.18202675079647,1.7321137274693281,-2.144145157742584,-1.6227217351191126,0.010077849637667786,False,172.8844823612834,1.0249845859442368,2.128838599837423
geuldal,ahn4_height_sd_m,single_source,savelsbos,ridge,2714,1.2663340225079909,1.000917450452201,-0.05895863837216675,-0.4051554191961478,0.35360242386126856,True,9.41802897726977,1.0249845859442368,1.2354664059083562
geuldal,ahn4_height_sd_m,single_source,schoorlse_duinen,ridge,2714,1.812208596066477,1.4446149251387774,-1.1686967032682203,-1.1763278118606406,0.03171188253978512,False,225.01787313751254,1.0249845859442368,1.768034974298695
geuldal,ahn4_height_sd_m,single_source,springendal_and_dal_van_de_mosbeek,ridge,2714,1.6838157777965634,1.3450082941654744,-0.872283441275227,-1.2268905335577738,0.2298269568921404,True,193.16767467580047,1.0249845859442368,1.6427718044612327
geuldal,ahn4_height_sd_m,single_source,vecht_en_beneden_reggegebied,ridge,2714,3.9421425278663262,3.5759912258874027,-9.262356355912129,-3.572242382511947,0.02675878789953526,False,191.99975678441064,1.0249845859442368,3.8460505474184705
geuldal,ahn4_height_sd_m,single_source,veluwe,ridge,2714,2.3424614160847996,1.9747178453704215,-2.6234922710359756,-1.9515725503612515,0.11574395161149842,False,154.02737695674784,1.0249845859442368,2.2853625783327036
geuldal,ahn4_height_sd_m,single_source,voornes_duin,ridge,2714,1.8598683662949391,1.5052473206727923,-1.2842669834654616,-1.3576260175108739,0.1710611725726526,True,174.64224586567784,1.0249845859442368,1.8145330103492145
geuldal,ahn4_p95_height_m,single_source,brabantse_wal,ridge,2714,4.2637406883608255,3.260943003130845,-0.6255849641892506,-2.3201114365855675,0.14826122599503802,False,126.01048261009413,2.6935565679904654,1.5829408370442355
geuldal,ahn4_p95_height_m,single_source,drents_friese_wold_and_leggelderveld,ridge,2714,5.295188955315471,4.2175992382953265,-1.5072118408452444,-3.700483271848852,0.07224548859437488,False,233.47487039081648,2.6935565679904654,1.9658725635251684
geuldal,ahn4_p95_height_m,single_source,drentsche_aa,ridge,2714,3.265770310228077,2.5747901999035387,0.04632723848531761,-1.0637634711718038,0.3690469370559845,True,253.05938694822353,2.6935565679904654,1.2124379896222164
geuldal,ahn4_p95_height_m,single_source,geleenbeekdal,ridge,2714,4.034991817045443,3.3208007087239086,-0.4558392445850292,2.663603861138656,0.36774991754270814,True,10.58697196917497,2.6935565679904654,1.4980163643103876
geuldal,ahn4_p95_height_m,single_source,kennemerland_zuid,ridge,2714,4.169447944977183,3.3263255258165723,-0.5544802832719307,-2.3343546237679558,0.21204304716129624,True,196.22152413012014,2.6935565679904654,1.547934056602275
geuldal,ahn4_p95_height_m,single_source,landgoederen_oldenzaal,ridge,2714,3.567822592773972,2.8188824185137893,-0.138242004397664,-1.6558463172843958,0.33995049630080343,True,182.90488796872242,2.6935565679904654,1.324576819797683
geuldal,ahn4_p95_height_m,single_source,leenderbos_groote_heide_and_de_plateaux,ridge,2714,6.829266863575801,5.62934007496637,-3.1703861844120684,-5.412716572135388,-0.044802933072189584,False,63.46954451329532,2.6935565679904654,2.5354087397803537
geuldal,ahn4_p95_height_m,single_source,loonse_en_drunense_duinen_and_leemkuilen,ridge,2714,5.859713101005372,4.58312706826459,-2.0702999927186356,-4.040298422513455,-0.07559880249153708,False,107.35468643407823,2.6935565679904654,2.1754557415428724
geuldal,ahn4_p95_height_m,single_source,maasduinen,ridge,2714,6.956925981200828,5.751166560401141,-3.3277570353738843,-5.587869997497131,-0.01613444285737711,False,84.28068449377152,2.6935565679904654,2.5828029987842656
geuldal,ahn4_p95_height_m,single_source,meinweg,ridge,2714,6.17999318076922,4.959425891446261,-2.415105287207569,-4.478582831361527,0.04174635919527595,False,42.084013696434106,2.6935565679904654,2.2943617573176938
geuldal,ahn4_p95_height_m,single_source,noordhollands_duinreservaat,ridge,2714,5.343855982000356,4.4889711555752045,-1.5535101960760964,-4.15237196652406,0.2377907339884775,True,213.06177776379698,2.6935565679904654,1.9839405065798017
geuldal,ahn4_p95_height_m,single_source,rijntakken,ridge,2714,4.124661250272082,3.2433270162059404,-0.5212643188404911,-0.8598429685573815,-0.028556113983238096,True,139.18209704605272,2.6935565679904654,1.5313067114641277
geuldal,ahn4_p95_height_m,single_source,sallandse_heuvelrug,ridge,2714,5.641901095580611,4.52523838246658,-1.8462893174804402,-4.174244195706814,0.07804039990017854,False,172.8844823612834,2.6935565679904654,2.094591649801424
geuldal,ahn4_p95_height_m,single_source,savelsbos,ridge,2714,3.694283711612888,2.879987144213709,-0.2203617749902047,-0.574657162587916,0.34087594292444234,True,9.41802897726977,2.6935565679904654,1.3715263141360412
geuldal,ahn4_p95_height_m,single_source,schoorlse_duinen,ridge,2714,4.3060887078724805,3.545723376413979,-0.6580363603703223,-2.61461585993685,0.1639938323700907,False,225.01787313751254,2.6935565679904654,1.5986628085130763
geuldal,ahn4_p95_height_m,single_source,springendal_and_dal_van_de_mosbeek,ridge,2714,3.9020346983342793,3.090142955896504,-0.36147715881803477,-2.297098059848484,0.29283216752196645,True,193.16767467580047,2.6935565679904654,1.4486551887215058
geuldal,ahn4_p95_height_m,single_source,vecht_en_beneden_reggegebied,ridge,2714,8.016399869309208,6.937393790660997,-4.74628087547671,-6.840504075818859,0.05290975088918776,False,191.99975678441064,2.6935565679904654,2.9761394152898237
geuldal,ahn4_p95_height_m,single_source,veluwe,ridge,2714,5.55997279004913,4.465544910921647,-1.7642253031850346,-4.1886950620142,0.13194215999473433,False,154.02737695674784,2.6935565679904654,2.0641752455182933
geuldal,ahn4_p95_height_m,single_source,voornes_duin,ridge,2714,6.1853590265447655,5.4114522462438375,-2.4210382658211467,-5.258668488159841,0.3209444007816223,True,174.64224586567784,2.6935565679904654,2.296353861674926
geuldal,ahn4_pulse_penetration,single_source,brabantse_wal,ridge,2714,0.16831827910114844,0.15298631025613757,-9.286778095601385,-0.15255809417433122,0.1646850356029353,False,126.01048261009413,0.041082130290473834,4.097116627376508
geuldal,ahn4_pulse_penetration,single_source,drents_friese_wold_and_leggelderveld,ridge,2714,0.11391615303368048,0.09777994403438124,-3.7118062904940956,-0.09454967371036842,0.24150339468041493,False,233.47487039081648,0.041082130290473834,2.7728881688517375
geuldal,ahn4_pulse_penetration,single_source,drentsche_aa,ridge,2714,0.06921439752974745,0.05464526415033048,-0.7394409614232529,-0.03323137876559542,0.27462135815832966,True,253.05938694822353,0.041082130290473834,1.6847811211434904
geuldal,ahn4_pulse_penetration,single_source,geleenbeekdal,ridge,2714,0.054703167458251684,0.043932958660770446,-0.0865300815952772,-0.028793400059381618,0.38627644517788573,True,10.58697196917497,0.041082130290473834,1.331556252596188
geuldal,ahn4_pulse_penetration,single_source,kennemerland_zuid,ridge,2714,0.06494417031030356,0.05223643246833935,-0.5314300078432166,0.04221140206553046,0.34720705960993925,True,196.22152413012014,0.041082130290473834,1.5808374553878204
geuldal,ahn4_pulse_penetration,single_source,landgoederen_oldenzaal,ridge,2714,0.06439375594087719,0.052211103877444515,-0.5055816793880812,0.01462293269147575,0.268534059562791,True,182.90488796872242,0.041082130290473834,1.5674395530508525
geuldal,ahn4_pulse_penetration,single_source,leenderbos_groote_heide_and_de_plateaux,ridge,2714,0.08148386153404233,0.06701272294179263,-1.4107934961489659,-0.05827449736072786,0.17216599443388686,False,63.46954451329532,0.041082130290473834,1.9834380777702
geuldal,ahn4_pulse_penetration,single_source,loonse_en_drunense_duinen_and_leemkuilen,ridge,2714,0.057147456330676284,0.04571256569399407,-0.18579773326557047,-0.014329345130997324,0.34096610513444287,False,107.35468643407823,0.041082130290473834,1.391053870055217
geuldal,ahn4_pulse_penetration,single_source,maasduinen,ridge,2714,0.06661379762770567,0.05297896467144182,-0.6111841972556458,0.027829642186145146,0.19228091136681122,False,84.28068449377152,0.041082130290473834,1.62147866132327
geuldal,ahn4_pulse_penetration,single_source,meinweg,ridge,2714,0.052596829043329844,0.0419397126924207,-0.00446759676678421,0.014266393672364423,0.3723612494690545,False,42.084013696434106,0.041082130290473834,1.2802848506501634
geuldal,ahn4_pulse_penetration,single_source,noordhollands_duinreservaat,ridge,2714,0.05543008629041236,0.04526880413628918,-0.11559848624729341,-0.025665618231668623,0.28287904269467395,True,213.06177776379698,0.041082130290473834,1.3492505354150426
geuldal,ahn4_pulse_penetration,single_source,rijntakken,ridge,2714,0.049877768864361946,0.03963064146339279,0.0967024264035351,-0.012032679563136698,0.35124218455717177,True,139.18209704605272,0.041082130290473834,1.2140988919439666
geuldal,ahn4_pulse_penetration,single_source,sallandse_heuvelrug,ridge,2714,0.09756712103430162,0.08008218836746094,-2.4563983359796193,-0.07094752680591405,0.1982434036490208,False,172.8844823612834,0.041082130290473834,2.3749284748489683
geuldal,ahn4_pulse_penetration,single_source,savelsbos,ridge,2714,0.05813230494516174,0.04720155476393001,-0.22702071042210648,0.03781040645368237,0.4297669625196427,True,9.41802897726977,0.041082130290473834,1.41502654643597
geuldal,ahn4_pulse_penetration,single_source,schoorlse_duinen,ridge,2714,0.11670553029973078,0.1047577109113964,-3.945380131052673,-0.10349926280731345,0.15070955025640775,False,225.01787313751254,0.041082130290473834,2.8407857497787203
geuldal,ahn4_pulse_penetration,single_source,springendal_and_dal_van_de_mosbeek,ridge,2714,0.06113010032614299,0.05026993121399564,-0.35683495695314194,0.04153293448312747,0.37875499383326633,True,193.16767467580047,0.041082130290473834,1.4879973334858416
geuldal,ahn4_pulse_penetration,single_source,vecht_en_beneden_reggegebied,ridge,2714,0.07282299857655458,0.05935099464337448,-0.9255461064570965,-0.023611486274608903,0.24245309438920204,False,191.99975678441064,0.041082130290473834,1.7726198242801652
geuldal,ahn4_pulse_penetration,single_source,veluwe,ridge,2714,0.05864077854276176,0.04796695398743691,-0.248579678148525,-0.015248228644700677,0.2611867369715219,False,154.02737695674784,0.041082130290473834,1.4274035481640892
geuldal,ahn4_pulse_penetration,single_source,voornes_duin,ridge,2714,0.05584624674087879,0.04293754863011977,-0.13241284918789997,0.006114415576317254,0.32022633302284426,True,174.64224586567784,0.041082130290473834,1.3593804981877602
geuldal,ahn4_sigma_z,single_source,brabantse_wal,ridge,2714,1.3911259861968168,1.058416171003259,-0.31790234894717684,-0.593642170676788,0.10885477496513535,False,126.01048261009413,0.9990593254786979,1.392435815090621
geuldal,ahn4_sigma_z,single_source,drents_friese_wold_and_leggelderveld,ridge,2714,1.7856670512421107,1.4442714510649963,-1.1714572104682368,-1.353340630775832,0.1911052575892354,False,233.47487039081648,0.9990593254786979,1.7873483643091073
geuldal,ahn4_sigma_z,single_source,drentsche_aa,ridge,2714,1.1842444124179028,0.9300257914400705,0.04493485897053551,-0.21573023443797146,0.30022650662822564,True,253.05938694822353,0.9990593254786979,1.1853594498509623
geuldal,ahn4_sigma_z,single_source,geleenbeekdal,ridge,2714,1.5368109984863392,1.2773759226461032,-0.6083894857418708,1.0941290725094126,0.38753002995169666,True,10.58697196917497,0.9990593254786979,1.5382579985928047
geuldal,ahn4_sigma_z,single_source,kennemerland_zuid,ridge,2714,1.45190588816712,1.133506578670154,-0.4355794685299541,-0.9206509335163873,0.26408084956993066,True,196.22152413012014,0.9990593254786979,1.4532729449989783
geuldal,ahn4_sigma_z,single_source,landgoederen_oldenzaal,ridge,2714,1.1595722652131768,0.919540926186932,0.08431532880114456,0.3662199058359054,0.35606186151316843,True,182.90488796872242,0.9990593254786979,1.160664072333812
geuldal,ahn4_sigma_z,single_source,leenderbos_groote_heide_and_de_plateaux,ridge,2714,2.0732858129083125,1.6733144667371689,-1.9273096017575528,-1.5097507817359983,-0.020432334126139796,False,63.46954451329532,0.9990593254786979,2.0752379363606863
geuldal,ahn4_sigma_z,single_source,loonse_en_drunense_duinen_and_leemkuilen,ridge,2714,2.0260249628129423,1.587744768942533,-1.7953737944706982,-1.4638062740880733,-0.01696391015049532,False,107.35468643407823,0.9990593254786979,2.0279325873287606
geuldal,ahn4_sigma_z,single_source,maasduinen,ridge,2714,2.9545252564655384,2.515109738731237,-4.944642186466363,-2.4948314737666526,-0.12302048279971456,False,84.28068449377152,0.9990593254786979,2.9573071199249172
geuldal,ahn4_sigma_z,single_source,meinweg,ridge,2714,1.7998351667723944,1.4258200605372728,-1.2060521352345357,-1.2621138516494674,0.11700138838063957,False,42.084013696434106,0.9990593254786979,1.8015298199734093
geuldal,ahn4_sigma_z,single_source,noordhollands_duinreservaat,ridge,2714,1.8143688438225336,1.4953944721992956,-1.2418237441902127,-1.3890806909092757,0.28928707774891416,True,213.06177776379698,0.9990593254786979,1.816077181355753
geuldal,ahn4_sigma_z,single_source,rijntakken,ridge,2714,1.541558539717636,1.26501317168349,-0.6183421603029724,0.5291916868357063,0.08324172656343577,True,139.18209704605272,0.9990593254786979,1.5430100099200819
geuldal,ahn4_sigma_z,single_source,sallandse_heuvelrug,ridge,2714,2.543537310190476,2.1494547785254756,-3.4058177724317327,-2.1167525859850436,0.011672462056685616,False,172.8844823612834,0.9990593254786979,2.545932203747504
geuldal,ahn4_sigma_z,single_source,savelsbos,ridge,2714,1.1853828914890423,0.9303168080092856,0.04309766334741094,-0.3026114801192631,0.3634703529994504,True,9.41802897726977,0.9990593254786979,1.18649900086871
geuldal,ahn4_sigma_z,single_source,schoorlse_duinen,ridge,2714,2.2207077214690303,1.860753507935432,-2.3584053315633438,-1.7420237387027049,0.039459964281285634,False,225.01787313751254,0.9990593254786979,2.2227986515265057
geuldal,ahn4_sigma_z,single_source,springendal_and_dal_van_de_mosbeek,ridge,2714,1.632428270097735,1.3052926238405924,-0.8147571653705887,-1.1801138559490625,0.24319248591943154,True,193.16767467580047,0.9990593254786979,1.6339652996237828
geuldal,ahn4_sigma_z,single_source,vecht_en_beneden_reggegebied,ridge,2714,4.027647786665746,3.7096955385800103,-10.047226932349854,-3.709146316903597,-0.0363510845836805,False,191.99975678441064,0.9990593254786979,4.031440059613981
geuldal,ahn4_sigma_z,single_source,veluwe,ridge,2714,2.3568166227538025,1.9998863784636365,-2.782699923544503,-1.9828522623937703,0.0759953805190254,False,154.02737695674784,0.9990593254786979,2.3590357075387263
geuldal,ahn4_sigma_z,single_source,voornes_duin,ridge,2714,1.8961505975883692,1.5552351365070414,-1.4484766119328465,-1.4163903873561583,0.18850559385373922,True,174.64224586567784,0.9990593254786979,1.897935937567903
kennemerland_zuid,ahn4_entropy,single_source,brabantse_wal,ridge,1186,0.24659495672423684,0.19530564219085073,-0.1915206584986071,0.08281107162862714,0.2255438071999567,False,108.48930364978685,0.17962743888162305,1.3728134090179078
kennemerland_zuid,ahn4_entropy,single_source,drents_friese_wold_and_leggelderveld,ridge,1186,0.2647547058176114,0.21448919406234454,-0.37347440960855494,0.14116846147782108,0.28641142782698686,False,129.2747236501634,0.17962743888162305,1.473910152402097
kennemerland_zuid,ahn4_entropy,single_source,drentsche_aa,ridge,1186,0.20796024972976546,0.16514670195786232,0.1525894696330634,0.07132338681212136,0.2934154689118978,True,157.049087917051,0.17962743888162305,1.157730973756265
kennemerland_zuid,ahn4_entropy,single_source,geleenbeekdal,ridge,1186,0.3095204879129935,0.24703468289237354,-0.8772062804143608,0.1997833820560378,0.24456675340767145,True,187.99346892758936,0.17962743888162305,1.7231247622306287
kennemerland_zuid,ahn4_entropy,single_source,geuldal,ridge,1186,0.44800802502376336,0.40616057560731855,-2.932826456783293,0.4031099069872997,0.3267289390833726,True,196.22152413012014,0.17962743888162305,2.4940957117303597
kennemerland_zuid,ahn4_entropy,single_source,landgoederen_oldenzaal,ridge,1186,0.19943668124713393,0.15682018076003984,0.2206307384711833,-0.05050832310289459,0.4083472578252835,True,161.9947143569947,0.17962743888162305,1.1102796014286294
kennemerland_zuid,ahn4_entropy,single_source,leenderbos_groote_heide_and_de_plateaux,ridge,1186,0.5112823536763511,0.4401910678594216,-4.122179616082653,0.42346368199965084,0.16638228604645633,False,132.8265169055958,0.17962743888162305,2.846348847701899
kennemerland_zuid,ahn4_entropy,single_source,loonse_en_drunense_duinen_and_leemkuilen,ridge,1186,0.3331712323211211,0.280972973803681,-1.1750446978374574,-0.2348259142859018,0.16086725424303605,False,89.08586027409162,0.17962743888162305,1.8547903059547908
kennemerland_zuid,ahn4_entropy,single_source,maasduinen,ridge,1186,0.2742006324415608,0.22056237870269238,-0.47322846062625756,-0.09593596851434512,0.18598111371092943,False,139.3405768525379,0.17962743888162305,1.526496364635376
kennemerland_zuid,ahn4_entropy,single_source,meinweg,ridge,1186,0.36473070833556936,0.30653963243138127,-1.606620797527278,-0.2873502209098521,0.32589063243652555,False,172.12269452377822,0.17962743888162305,2.0304843770329093
kennemerland_zuid,ahn4_entropy,single_source,noordhollands_duinreservaat,ridge,1186,0.16929820307656498,0.13420719162380637,0.4383860419188993,0.0017143876043160913,0.48988394082708187,True,20.72653781797028,0.17962743888162305,0.9424963364763822
kennemerland_zuid,ahn4_entropy,single_source,rijntakken,ridge,1186,0.21753551247062963,0.1771461900416279,0.07275707902617146,0.05113003239148782,0.3253010783509532,True,95.2541735755889,0.17962743888162305,1.211037210267127
kennemerland_zuid,ahn4_entropy,single_source,sallandse_heuvelrug,ridge,1186,0.2640377776215181,0.2109734570962481,-0.3660460292977714,-0.01935556503700509,0.22090558592985735,False,122.83354037679364,0.17962743888162305,1.4699189570671471
kennemerland_zuid,ahn4_entropy,single_source,savelsbos,ridge,1186,0.7637277786278959,0.7156208695023769,-10.429056254923005,0.7156208695023769,0.20377765774315815,True,192.6793150096547,0.17962743888162305,4.251732270876516
kennemerland_zuid,ahn4_entropy,single_source,schoorlse_duinen,ridge,1186,0.3314140135573399,0.28397033369958363,-1.1521618684017083,0.2632779932795588,0.26287202360988604,False,34.72874579115887,0.17962743888162305,1.8450077316737021
kennemerland_zuid,ahn4_entropy,single_source,springendal_and_dal_van_de_mosbeek,ridge,1186,0.2275200884565836,0.1786641801605581,-0.01431463490638829,-0.09033234438979314,0.28789057057685624,True,154.6797484467706,0.17962743888162305,1.2666221256237054
kennemerland_zuid,ahn4_entropy,single_source,vecht_en_beneden_reggegebied,ridge,1186,0.25545510944637184,0.2000504021502184,-0.27868150359156196,-0.07945421154058457,0.24908584335658088,False,128.3014511064536,0.17962743888162305,1.4221385721293964
kennemerland_zuid,ahn4_entropy,single_source,veluwe,ridge,1186,0.24383688952565702,0.20000938442994418,-0.16501633628893586,0.08852537939988002,0.3325056413875196,False,87.52107133548229,0.17962743888162305,1.3574590332290428
kennemerland_zuid,ahn4_entropy,single_source,voornes_duin,ridge,1186,0.205519750295303,0.15801914544571033,0.17236218956416727,0.01822421559923129,0.39789963218949936,True,65.1392240332089,0.17962743888162305,1.1441445225455968
kennemerland_zuid,ahn4_height_cv,single_source,brabantse_wal,ridge,1186,0.18234654141943749,0.16205653648189802,-4.665555106536766,0.15449932172751735,0.24061656226966102,False,108.48930364978685,0.07385444936120893,2.468998726503438
kennemerland_zuid,ahn4_height_cv,single_source,drents_friese_wold_and_leggelderveld,ridge,1186,0.08928881009932786,0.07026796406506258,-0.35844318091858685,-0.0014597788897194111,0.25969960393548036,False,129.2747236501634,0.07385444936120893,1.208983492147267
kennemerland_zuid,ahn4_height_cv,single_source,drentsche_aa,ridge,1186,0.09981900832154027,0.08478397342209547,-0.697750664493411,0.0676386703635008,0.19981079434149904,True,157.049087917051,0.07385444936120893,1.3515639096209806
kennemerland_zuid,ahn4_height_cv,single_source,geleenbeekdal,ridge,1186,0.15526200118800243,0.12609856780808323,-3.1075018366972254,0.08604129279844339,0.250437322982361,True,187.99346892758936,0.07385444936120893,2.102270107365417
kennemerland_zuid,ahn4_height_cv,single_source,geuldal,ridge,1186,0.12149773752412915,0.09502517800335193,-1.5152652383895244,0.05951443537010606,0.20481115372938727,True,196.22152413012014,0.07385444936120893,1.645097060163639
kennemerland_zuid,ahn4_height_cv,single_source,landgoederen_oldenzaal,ridge,1186,0.21628576206101388,0.18495994840611146,-6.97082491074415,0.18234465334317856,0.2323734451229793,True,161.9947143569947,0.07385444936120893,2.9285407166628357
kennemerland_zuid,ahn4_height_cv,single_source,leenderbos_groote_heide_and_de_plateaux,ridge,1186,0.149633445356033,0.12599603731407116,-2.8150897472389897,0.11013794672688514,0.18111634655227127,False,132.8265169055958,0.07385444936120893,2.0260586416967588
kennemerland_zuid,ahn4_height_cv,single_source,loonse_en_drunense_duinen_and_leemkuilen,ridge,1186,0.0873429198505116,0.0691635878342849,-0.2998786766478121,0.003447794665926318,0.19091570035426933,False,89.08586027409162,0.07385444936120893,1.1826358547923492
kennemerland_zuid,ahn4_height_cv,single_source,maasduinen,ridge,1186,0.09482581671142934,0.07604553341212271,-0.5321475496918278,0.02372604706715799,0.19947519911366354,False,139.3405768525379,0.07385444936120893,1.2839553680463205
kennemerland_zuid,ahn4_height_cv,single_source,meinweg,ridge,1186,0.20476839080485076,0.17945177538439636,-6.144523053849501,0.1713011587998756,0.18325179803354189,False,172.12269452377822,0.07385444936120893,2.7725938325444024
kennemerland_zuid,ahn4_height_cv,single_source,noordhollands_duinreservaat,ridge,1186,0.0764549952022146,0.06282162984299403,0.004000459584576288,0.021194006283715653,0.3532310136352767,True,20.72653781797028,0.07385444936120893,1.0352117694126575
kennemerland_zuid,ahn4_height_cv,single_source,rijntakken,ridge,1186,0.25568725675157095,0.2401780728345335,-10.139496839132349,0.23948840621470407,0.2044265290617202,True,95.2541735755889,0.07385444936120893,3.462042692933099
kennemerland_zuid,ahn4_height_cv,single_source,sallandse_heuvelrug,ridge,1186,0.10246501457257871,0.08062269443775272,-0.7889517180019903,0.015219790270579266,0.2245378447873859,False,122.83354037679364,0.07385444936120893,1.3873912196060203
kennemerland_zuid,ahn4_height_cv,single_source,savelsbos,ridge,1186,0.10177938289581051,0.08079745670713527,-0.7650907293691209,0.0009638148056246264,0.14668381395826288,True,192.6793150096547,0.07385444936120893,1.3781076668519416
kennemerland_zuid,ahn4_height_cv,single_source,schoorlse_duinen,ridge,1186,0.1298912925642582,0.11190721519062481,-1.8747989947679033,0.08610971681062819,0.12069566550232065,False,34.72874579115887,0.07385444936120893,1.7587470177860656
kennemerland_zuid,ahn4_height_cv,single_source,springendal_and_dal_van_de_mosbeek,ridge,1186,0.09558195653121468,0.076973829379764,-0.5566796194427159,0.03519721287597044,0.19647409878239386,True,154.6797484467706,0.07385444936120893,1.2941936113251673
kennemerland_zuid,ahn4_height_cv,single_source,vecht_en_beneden_reggegebied,ridge,1186,0.11343707082559064,0.08928665430181582,-1.1925899265441444,-0.005082151109412481,0.3296031068061351,False,128.3014511064536,0.07385444936120893,1.5359544591658951
kennemerland_zuid,ahn4_height_cv,single_source,veluwe,ridge,1186,0.08703987563616213,0.06701691995514114,-0.29087422978261923,-0.041139228731930946,0.2854094876971794,False,87.52107133548229,0.07385444936120893,1.1785325919968022
kennemerland_zuid,ahn4_height_cv,single_source,voornes_duin,ridge,1186,0.09439262243567684,0.07658481214294398,-0.5181808571723758,0.04495210831979085,0.1406225721144859,True,65.1392240332089,0.07385444936120893,1.2780898544652248
kennemerland_zuid,ahn4_height_sd_m,single_source,brabantse_wal,ridge,1186,1.8030447691602576,1.6118819093184833,-2.190105539431934,1.5224579597165473,0.1544958146510685,False,108.48930364978685,0.8839556785341931,2.039745671581782
kennemerland_zuid,ahn4_height_sd_m,single_source,drents_friese_wold_and_leggelderveld,ridge,1186,1.0530202264272932,0.842379049915592,-0.08809159866811767,0.3269830909349588,0.12601901254390757,False,129.2747236501634,0.8839556785341931,1.1912590778006529
kennemerland_zuid,ahn4_height_sd_m,single_source,drentsche_aa,ridge,1186,1.0101953568491633,0.8248575516093996,-0.001388885295354525,0.42738766317008814,0.12712152913761504,True,157.049087917051,0.8839556785341931,1.1428122262015505
kennemerland_zuid,ahn4_height_sd_m,single_source,geleenbeekdal,ridge,1186,2.6387057693946576,2.329679437689287,-5.832410696350716,2.2625086138990294,0.0788319053957155,True,187.99346892758936,0.8839556785341931,2.9851109433113816
kennemerland_zuid,ahn4_height_sd_m,single_source,geuldal,ridge,1186,1.5204943533822224,1.2985949754719834,-1.2686194645320104,1.1675204394118446,0.21440059531586764,True,196.22152413012014,0.8839556785341931,1.7201024783319006
kennemerland_zuid,ahn4_height_sd_m,single_source,landgoederen_oldenzaal,ridge,1186,1.6813638564871958,1.4456802803480506,-1.7740574142395404,1.2419470931238399,0.12660724475483995,True,161.9947143569947,0.8839556785341931,1.9020906786585652
kennemerland_zuid,ahn4_height_sd_m,single_source,leenderbos_groote_heide_and_de_plateaux,ridge,1186,1.827960458941649,1.564411194184974,-2.278880772229718,1.3012863839129614,-0.12034105655211845,False,132.8265169055958,0.8839556785341931,2.0679322542198477
kennemerland_zuid,ahn4_height_sd_m,single_source,loonse_en_drunense_duinen_and_leemkuilen,ridge,1186,1.139894309261785,0.9129154148511947,-0.2750323438456985,0.26047534998695954,0.03823002972219463,False,89.08586027409162,0.8839556785341931,1.2895378546037495
kennemerland_zuid,ahn4_height_sd_m,single_source,maasduinen,ridge,1186,1.1543715127459526,0.9498791258434853,-0.3076250517674104,0.1408569668779706,-0.030719855935780905,False,139.3405768525379,0.8839556785341931,1.3059156027598269
kennemerland_zuid,ahn4_height_sd_m,single_source,meinweg,ridge,1186,1.1771296390734425,0.9207541064340273,-0.35969224522225307,-0.18225913703033747,0.1014444279145515,False,172.12269452377822,0.8839556785341931,1.3316613803821034
kennemerland_zuid,ahn4_height_sd_m,single_source,noordhollands_duinreservaat,ridge,1186,0.8711113772420443,0.6596012164437467,0.25537193195858054,-0.20608441927222454,0.3962124325370237,True,20.72653781797028,0.8839556785341931,0.9854695188864586
kennemerland_zuid,ahn4_height_sd_m,single_source,rijntakken,ridge,1186,1.8191490330613276,1.5535086331312886,-2.247346194143891,1.2525006147485533,0.10424413848764351,True,95.2541735755889,0.8839556785341931,2.057964078106162
kennemerland_zuid,ahn4_height_sd_m,single_source,sallandse_heuvelrug,ridge,1186,1.562824248387168,1.2914234049864004,-1.3966924770146374,0.9768692469430553,-0.09273023612578286,False,122.83354037679364,0.8839556785341931,1.7679893758685945
kennemerland_zuid,ahn4_height_sd_m,single_source,savelsbos,ridge,1186,3.246191965718813,2.961209374089452,-9.340473542229178,2.9453257782347335,0.17991366451077737,True,192.6793150096547,0.8839556785341931,3.6723469790948844
kennemerland_zuid,ahn4_height_sd_m,single_source,schoorlse_duinen,ridge,1186,1.6992921473028595,1.4694803063705746,-1.833532065018547,1.1643239969507315,0.103210182805962,False,34.72874579115887,0.8839556785341931,1.922372567503256
kennemerland_zuid,ahn4_height_sd_m,single_source,springendal_and_dal_van_de_mosbeek,ridge,1186,0.9482092221256947,0.7485939147478973,0.11773229897325133,0.1084195616987901,0.1895519039983428,True,154.6797484467706,0.8839556785341931,1.072688648482975
kennemerland_zuid,ahn4_height_sd_m,single_source,vecht_en_beneden_reggegebied,ridge,1186,1.4262789223355339,1.0926828987201693,-0.9961857871534487,-0.5005116811132947,0.07312846438776786,False,128.3014511064536,0.8839556785341931,1.6135185925844615
kennemerland_zuid,ahn4_height_sd_m,single_source,veluwe,ridge,1186,1.0458912229179238,0.8129760283960793,-0.07340859268561739,0.1171769962215243,0.12886905408343763,False,87.52107133548229,0.8839556785341931,1.183194189840217
kennemerland_zuid,ahn4_height_sd_m,single_source,voornes_duin,ridge,1186,0.8889472466833604,0.6986531908217415,0.2245674826853178,0.018232462269408202,0.31956699984244874,True,65.1392240332089,0.8839556785341931,1.0056468534230636
kennemerland_zuid,ahn4_p95_height_m,single_source,brabantse_wal,ridge,1186,3.5033370637099526,2.916061471764593,-0.5390287851934394,2.208250124319941,0.2550521715896823,False,108.48930364978685,2.5560835163072486,1.3705878706072925
kennemerland_zuid,ahn4_p95_height_m,single_source,drents_friese_wold_and_leggelderveld,ridge,1186,3.233584546881991,2.710031238408907,-0.3111468522118903,1.0659505404719185,0.22446773998253108,False,129.2747236501634,2.5560835163072486,1.2650543404597052
kennemerland_zuid,ahn4_p95_height_m,single_source,drentsche_aa,ridge,1186,2.628423763559068,2.1042811899858678,0.13368932651975607,0.16353297974295686,0.1686391706262157,True,157.049087917051,2.5560835163072486,1.0283012064317558
kennemerland_zuid,ahn4_p95_height_m,single_source,geleenbeekdal,ridge,1186,6.675186678134032,5.9549068660076445,-4.587399525525145,5.821302937611688,0.18097100901002852,True,187.99346892758936,2.5560835163072486,2.6114900532583594
kennemerland_zuid,ahn4_p95_height_m,single_source,geuldal,ridge,1186,4.958184551946929,4.363671928797503,-2.082678766650539,4.120218572822928,0.29970633053516627,True,196.22152413012014,2.5560835163072486,1.9397584313324687
kennemerland_zuid,ahn4_p95_height_m,single_source,landgoederen_oldenzaal,ridge,1186,2.8806737152190207,2.3099615582753836,-0.040569363057644026,0.5734855435172759,0.15478950659272014,True,161.9947143569947,2.5560835163072486,1.1269873213613555
kennemerland_zuid,ahn4_p95_height_m,single_source,leenderbos_groote_heide_and_de_plateaux,ridge,1186,4.3624897795465225,3.5979585794728086,-1.3864467063470558,2.1676040676809367,-0.20681484408646558,False,132.8265169055958,2.5560835163072486,1.7067086234525597
kennemerland_zuid,ahn4_p95_height_m,single_source,loonse_en_drunense_duinen_and_leemkuilen,ridge,1186,3.3065668817759617,2.746624497674405,-0.3710002007928963,1.2554576234701382,-0.011148761253761616,False,89.08586027409162,2.5560835163072486,1.2936067466813173
kennemerland_zuid,ahn4_p95_height_m,single_source,maasduinen,ridge,1186,3.769544087883586,3.136635341958552,-0.7818065432330339,1.7726826366240387,-0.054159115138291504,False,139.3405768525379,2.5560835163072486,1.474734320625569
kennemerland_zuid,ahn4_p95_height_m,single_source,meinweg,ridge,1186,5.294967987498254,4.451249138760033,-2.5156818976314823,-4.232462056669369,0.03872848558940034,False,172.12269452377822,2.5560835163072486,2.0715160336966796
kennemerland_zuid,ahn4_p95_height_m,single_source,noordhollands_duinreservaat,ridge,1186,2.663538243708545,2.064287315218696,0.1103877204395437,-1.2924385031813448,0.4672699915748419,True,20.72653781797028,2.5560835163072486,1.0420388170870627
kennemerland_zuid,ahn4_p95_height_m,single_source,rijntakken,ridge,1186,3.525078465340672,2.9149748565956557,-0.5581902128454337,0.754160903663572,0.11734172775417888,True,95.2541735755889,2.5560835163072486,1.3790936183624085
kennemerland_zuid,ahn4_p95_height_m,single_source,sallandse_heuvelrug,ridge,1186,4.616333114547055,3.817559052778731,-1.6722505501639509,2.999528358122476,0.03294782039488404,False,122.83354037679364,2.5560835163072486,1.8060181074271906
kennemerland_zuid,ahn4_p95_height_m,single_source,savelsbos,ridge,1186,10.86159089877347,10.27691350384592,-13.793460532468647,10.27691350384592,0.2309494576012339,True,192.6793150096547,2.5560835163072486,4.249309863890955
kennemerland_zuid,ahn4_p95_height_m,single_source,schoorlse_duinen,ridge,1186,4.268623879254779,3.655606262453838,-1.284855157671819,2.677135959258225,0.1227391768329265,False,34.72874579115887,2.5560835163072486,1.6699860751896018
kennemerland_zuid,ahn4_p95_height_m,single_source,springendal_and_dal_van_de_mosbeek,ridge,1186,3.2090558541330214,2.5310682282936607,-0.29133061510339564,0.3241730440626214,0.1284340847082402,True,154.6797484467706,2.5560835163072486,1.255458138851862
kennemerland_zuid,ahn4_p95_height_m,single_source,vecht_en_beneden_reggegebied,ridge,1186,3.20255318104812,2.516243792789189,-0.2861025396322281,-0.9314334253630039,0.13473062044426032,False,128.3014511064536,2.5560835163072486,1.2529141401744261
kennemerland_zuid,ahn4_p95_height_m,single_source,veluwe,ridge,1186,5.040943566996071,4.37151835317417,-2.186446024817781,3.754972310538878,0.0439556853732825,False,87.52107133548229,2.5560835163072486,1.972135704814011
kennemerland_zuid,ahn4_p95_height_m,single_source,voornes_duin,ridge,1186,3.14996517392424,2.5859961281110864,-0.24421204032500632,-1.4355760412435115,0.3519191007544034,True,65.1392240332089,2.5560835163072486,1.2323404747255546
kennemerland_zuid,ahn4_pulse_penetration,single_source,brabantse_wal,ridge,1186,0.1355619935455348,0.12510123752594285,-6.386022757158923,-0.12499625836309967,0.3123336500394644,False,108.48930364978685,0.036014978948991555,3.7640447808544573
kennemerland_zuid,ahn4_pulse_penetration,single_source,drents_friese_wold_and_leggelderveld,ridge,1186,0.09119628036434532,0.07909928348147041,-2.3426353199351193,-0.07728901855507223,0.3849883541541237,False,129.2747236501634,0.036014978948991555,2.5321764173042474
kennemerland_zuid,ahn4_pulse_penetration,single_source,drentsche_aa,ridge,1186,0.07858843500398602,0.06886463566740494,-1.4822872038992494,-0.06670340006806819,0.39933826628320696,True,157.049087917051,0.036014978948991555,2.1821041493677327
kennemerland_zuid,ahn4_pulse_penetration,single_source,geleenbeekdal,ridge,1186,0.09234732211539483,0.08163390465855844,-2.427546538998033,-0.07822983165833224,0.306214211787948,True,187.99346892758936,0.036014978948991555,2.564136501264861
kennemerland_zuid,ahn4_pulse_penetration,single_source,geuldal,ridge,1186,0.09291909363480307,0.081308256634766,-2.4701214713041715,-0.07861022929564772,0.4019644155251667,True,196.22152413012014,0.036014978948991555,2.580012437780555
kennemerland_zuid,ahn4_pulse_penetration,single_source,landgoederen_oldenzaal,ridge,1186,0.059375768798793055,0.04789662658499213,-0.416945804323708,-0.006535572687667641,0.33294456886346907,True,161.9947143569947,0.036014978948991555,1.6486409413951808
kennemerland_zuid,ahn4_pulse_penetration,single_source,leenderbos_groote_heide_and_de_plateaux,ridge,1186,0.11408347786700221,0.10075740615606142,-4.230946187512552,-0.10009451822080578,0.24167307951122163,False,132.8265169055958,0.036014978948991555,3.1676674871469452
kennemerland_zuid,ahn4_pulse_penetration,single_source,loonse_en_drunense_duinen_and_leemkuilen,ridge,1186,0.058392473657288876,0.04537649375700353,-0.3704036121736034,-0.0308018390486727,0.36914665471190694,False,89.08586027409162,0.036014978948991555,1.6213385474968856
kennemerland_zuid,ahn4_pulse_penetration,single_source,maasduinen,ridge,1186,0.07781600590789411,0.06715416552972085,-1.4337312542470668,0.06365288363538235,0.2751436452715945,False,139.3405768525379,0.036014978948991555,2.1606567094792934
kennemerland_zuid,ahn4_pulse_penetration,single_source,meinweg,ridge,1186,0.050303562604432195,0.039721205700002905,-0.01702642064345561,0.017390927718376085,0.31710060944425295,False,172.12269452377822,0.036014978948991555,1.3967400251900115
kennemerland_zuid,ahn4_pulse_penetration,single_source,noordhollands_duinreservaat,ridge,1186,0.08474363224333306,0.07664766205837056,-1.8863493635439386,-0.07578366288686103,0.4248743224978488,True,20.72653781797028,0.036014978948991555,2.3530107393192283
kennemerland_zuid,ahn4_pulse_penetration,single_source,rijntakken,ridge,1186,0.05572994688795421,0.044957409572124546,-0.24827998207338275,-0.03155457724266064,0.3406974754453997,True,95.2541735755889,0.036014978948991555,1.5474102308066098
kennemerland_zuid,ahn4_pulse_penetration,single_source,sallandse_heuvelrug,ridge,1186,0.08228183621311579,0.06456307267375089,-1.721088691984165,-0.03871012093312687,0.30841649081736394,False,122.83354037679364,0.036014978948991555,2.2846559574462764
kennemerland_zuid,ahn4_pulse_penetration,single_source,savelsbos,ridge,1186,0.07788841348073777,0.06833677125250612,-1.4382625214944307,-0.06305627688637645,0.27452526601570365,True,192.6793150096547,0.036014978948991555,2.1626671944207456
kennemerland_zuid,ahn4_pulse_penetration,single_source,schoorlse_duinen,ridge,1186,0.12438659134934818,0.11595739042668175,-5.218446197774578,-0.11570493285369936,0.3461770786887131,False,34.72874579115887,0.036014978948991555,3.453746051761363
kennemerland_zuid,ahn4_pulse_penetration,single_source,springendal_and_dal_van_de_mosbeek,ridge,1186,0.04931741603698542,0.03895502180622144,0.02245811354510996,0.023278093415977207,0.4042175770816816,True,154.6797484467706,0.036014978948991555,1.3693584579581253
kennemerland_zuid,ahn4_pulse_penetration,single_source,vecht_en_beneden_reggegebied,ridge,1186,0.05820363328766689,0.0451087208658197,-0.36155421597518944,-0.02487886663118201,0.39956680732225197,False,128.3014511064536,0.036014978948991555,1.6160951633513763
kennemerland_zuid,ahn4_pulse_penetration,single_source,veluwe,ridge,1186,0.04849977243983195,0.03851979132170654,0.05460315304941965,0.005442524066994255,0.3662759330238605,False,87.52107133548229,0.036014978948991555,1.346655582071081
kennemerland_zuid,ahn4_pulse_penetration,single_source,voornes_duin,ridge,1186,0.06767560926452519,0.058013767227779865,-0.8407681711205628,-0.054210848345665676,0.4784473042072772,True,65.1392240332089,0.036014978948991555,1.8790961771871355
kennemerland_zuid,ahn4_sigma_z,single_source,brabantse_wal,ridge,1186,1.4926485011073183,1.2871702871585347,-1.3648910545841924,1.1548820527841388,0.11494926250552932,False,108.48930364978685,0.8447649369471815,1.7669394595157604
kennemerland_zuid,ahn4_sigma_z,single_source,drents_friese_wold_and_leggelderveld,ridge,1186,1.0026403283816636,0.8062236577344366,-0.06705395037317374,0.29561315309075187,0.06218669950981226,False,129.2747236501634,0.8447649369471815,1.186886771135428
kennemerland_zuid,ahn4_sigma_z,single_source,drentsche_aa,ridge,1186,0.9665937490265091,0.7855014164977464,0.00829157080720111,0.3923735686019237,0.12122790217525738,True,157.049087917051,0.8447649369471815,1.1442162272023193
kennemerland_zuid,ahn4_sigma_z,single_source,geleenbeekdal,ridge,1186,2.5828950610072763,2.269752875893471,-6.081244074740807,2.2076898357219648,0.037164756352820454,True,187.99346892758936,0.8447649369471815,3.0575310930178565
kennemerland_zuid,ahn4_sigma_z,single_source,geuldal,ridge,1186,1.5521613050989336,1.3326461084849477,-1.5572297308062342,1.2263097313166207,0.1566571558804528,True,196.22152413012014,0.8447649369471815,1.8373884109207315
kennemerland_zuid,ahn4_sigma_z,single_source,landgoederen_oldenzaal,ridge,1186,1.5775944942843556,1.356199639465563,-1.6417201208084107,1.1644592398134002,0.09919068324603308,True,161.9947143569947,0.8447649369471815,1.867495234811094
kennemerland_zuid,ahn4_sigma_z,single_source,leenderbos_groote_heide_and_de_plateaux,ridge,1186,1.6030216445490244,1.3794417051647276,-1.7275631408241443,1.152636718051115,-0.05099701734134763,False,132.8265169055958,0.8447649369471815,1.8975949100610607
kennemerland_zuid,ahn4_sigma_z,single_source,loonse_en_drunense_duinen_and_leemkuilen,ridge,1186,0.980114204533765,0.7871573927610693,-0.01964596947997599,0.24726452596005605,0.11604792475494735,False,89.08586027409162,0.8447649369471815,1.160221218550701
kennemerland_zuid,ahn4_sigma_z,single_source,maasduinen,ridge,1186,1.296639442073889,1.1007494438920076,-0.7845737333424936,0.6213466560984403,-0.024065765546926052,False,139.3405768525379,0.8447649369471815,1.5349115302532503
kennemerland_zuid,ahn4_sigma_z,single_source,meinweg,ridge,1186,1.0764086505446417,0.831302633070701,-0.22984505366615027,-0.38309360196931935,0.08988514267879062,False,172.12269452377822,0.8447649369471815,1.274210852588859
kennemerland_zuid,ahn4_sigma_z,single_source,noordhollands_duinreservaat,ridge,1186,0.8212854936366536,0.6287314297156238,0.2840472788500288,-0.12853221552636154,0.3612582359241321,True,20.72653781797028,0.8447649369471815,0.972205944773965
kennemerland_zuid,ahn4_sigma_z,single_source,rijntakken,ridge,1186,1.8567831370848749,1.589670681710073,-2.659471816242616,1.3577430630482714,0.06620355761915644,True,95.2541735755889,0.8447649369471815,2.197987932353032
kennemerland_zuid,ahn4_sigma_z,single_source,sallandse_heuvelrug,ridge,1186,1.2884037265263675,1.0610792850056001,-0.7619759844591951,0.6805625452814865,-0.03275815348555199,False,122.83354037679364,0.8447649369471815,1.5251624092998124
kennemerland_zuid,ahn4_sigma_z,single_source,savelsbos,ridge,1186,3.386270483160448,3.1279260840138035,-11.171366228313866,3.1241071880680615,0.13697049540079895,True,192.6793150096547,0.8447649369471815,4.0085357891365385
kennemerland_zuid,ahn4_sigma_z,single_source,schoorlse_duinen,ridge,1186,1.4112118065861667,1.2202626982218432,-1.1138805491667805,0.9178273049696514,0.15777627736126015,False,34.72874579115887,0.8447649369471815,1.6705378559934265
kennemerland_zuid,ahn4_sigma_z,single_source,springendal_and_dal_van_de_mosbeek,ridge,1186,0.9170238100026881,0.7152257359489775,0.10739921548128617,-0.0031505693787639197,0.2061594620712217,True,154.6797484467706,0.8447649369471815,1.0855372540870794
kennemerland_zuid,ahn4_sigma_z,single_source,vecht_en_beneden_reggegebied,ridge,1186,1.2416433121235162,0.9419451188915082,-0.63640104219575,-0.4213608810103676,0.0455879161420403,False,128.3014511064536,0.8447649369471815,1.4698092425693912
kennemerland_zuid,ahn4_sigma_z,single_source,veluwe,ridge,1186,1.0246055417349629,0.7552823190408776,-0.11431875755732746,-0.26736570320099645,0.10661481904598528,False,87.52107133548229,0.8447649369471815,1.2128883396104138
kennemerland_zuid,ahn4_sigma_z,single_source,voornes_duin,ridge,1186,0.8740313134367125,0.6827243031853896,0.18913225647744913,0.04321638012827344,0.3249964746538614,True,65.1392240332089,0.8447649369471815,1.0346444024953192
landgoederen_oldenzaal,ahn4_entropy,single_source,brabantse_wal,ridge,625,0.26967355100372375,0.21610069502764173,-0.8298175220194246,-0.17267064867531517,0.2655954038467762,False,205.11089423929135,0.1554353082787241,1.7349568382503509
landgoederen_oldenzaal,ahn4_entropy,single_source,drents_friese_wold_and_leggelderveld,ridge,625,0.471906684392839,0.4413129995086523,-4.603292995625825,-0.4400180797094208,0.45209419804437995,False,78.81999690371447,0.1554353082787241,3.036032736825944
landgoederen_oldenzaal,ahn4_entropy,single_source,drentsche_aa,ridge,625,0.2666931190743169,0.23368417634909702,-0.789594743789404,-0.21001278305025925,0.4510380997457637,True,83.50617970715656,0.1554353082787241,1.7157820962794832
landgoederen_oldenzaal,ahn4_entropy,single_source,geleenbeekdal,ridge,625,0.3109358439509029,0.2577048396173742,-1.4326109257703434,-0.22310894083239635,0.3538996993955618,True,172.58102109589578,0.1554353082787241,2.0004196433498738
landgoederen_oldenzaal,ahn4_entropy,single_source,geuldal,ridge,625,0.14926422019437402,0.11383305057906677,0.43941366503416757,-0.003093869024849833,0.48234307713500557,True,182.90488796872242,0.1554353082787241,0.9602980291113511
landgoederen_oldenzaal,ahn4_entropy,single_source,kennemerland_zuid,ridge,625,0.3823317092979005,0.3419226169210161,-2.677999883102283,-0.33462608185262754,0.2866623576058435,True,161.9947143569947,0.1554353082787241,2.459748132723547
landgoederen_oldenzaal,ahn4_entropy,single_source,leenderbos_groote_heide_and_de_plateaux,ridge,625,0.5685630556857313,0.5255003419146503,-7.133703694087885,0.523800802341194,0.18794668071741766,False,148.3036829474557,0.1554353082787241,3.657875819734556
landgoederen_oldenzaal,ahn4_entropy,single_source,loonse_en_drunense_duinen_and_leemkuilen,ridge,625,0.8517337055755843,0.8079818182814483,-17.25318863607466,-0.8077529698725555,-0.027499154700288717,False,145.9225764567986,0.1554353082787241,5.479666846661822
landgoederen_oldenzaal,ahn4_entropy,single_source,maasduinen,ridge,625,0.6498834685091798,0.610204917569029,-9.626788904133361,-0.6099209328499392,0.17406589810919174,False,102.43386264894268,0.1554353082787241,4.181054328684569
landgoederen_oldenzaal,ahn4_entropy,single_source,meinweg,ridge,625,0.5878397892039845,0.5544504603741969,-7.694588492288208,-0.5543549949437991,0.28020676106127756,False,140.8237188776803,0.1554353082787241,3.7818935460267475
landgoederen_oldenzaal,ahn4_entropy,single_source,noordhollands_duinreservaat,ridge,625,0.33747776913059613,0.29546798760233894,-1.8656385665401776,-0.27654036145713734,0.330292296280098,True,160.4639181112071,0.1554353082787241,2.171178304773819
landgoederen_oldenzaal,ahn4_entropy,single_source,rijntakken,ridge,625,0.30719592525424816,0.264882636014784,-1.374444242541947,-0.21208300919562162,0.12891634442984953,True,78.89114159087373,0.1554353082787241,1.976358709331276
landgoederen_oldenzaal,ahn4_entropy,single_source,sallandse_heuvelrug,ridge,625,0.580556599947816,0.5437014290541244,-7.48047557154676,-0.5422703766348484,0.16966029075125608,False,39.16126172268215,0.1554353082787241,3.735036822565252
landgoederen_oldenzaal,ahn4_entropy,single_source,savelsbos,ridge,625,0.24427108619452922,0.1984645485944593,-0.5013266762296453,0.15809922370330196,0.3693822153103969,True,187.37829249110678,0.1554353082787241,1.5715289460262545
landgoederen_oldenzaal,ahn4_entropy,single_source,schoorlse_duinen,ridge,625,0.22339882647731263,0.17272064198238085,-0.25572010905694365,-0.07750367688154733,0.09502548364972599,False,161.34022110196653,0.1554353082787241,1.437246330651704
landgoederen_oldenzaal,ahn4_entropy,single_source,springendal_and_dal_van_de_mosbeek,ridge,625,0.22807909676627258,0.1913546573322224,-0.3088866649145303,-0.15549760650375982,0.4315267908985938,True,15.738543866366294,0.1554353082787241,1.4673570586503089
landgoederen_oldenzaal,ahn4_entropy,single_source,vecht_en_beneden_reggegebied,ridge,625,0.5983781955089919,0.5591278276484871,-8.009124606464848,-0.5585516473560057,0.2207161323204855,False,39.78649194591302,0.1554353082787241,3.8496928538012076
landgoederen_oldenzaal,ahn4_entropy,single_source,veluwe,ridge,625,0.2753858999186726,0.2270005484184616,-0.9081586238264883,-0.21035487225620028,0.45189152233827407,False,78.07971332061415,0.1554353082787241,1.7717074901981413
landgoederen_oldenzaal,ahn4_entropy,single_source,voornes_duin,ridge,625,0.5128575447266434,0.4805007421720449,-5.6179666150406895,-0.4781292829084029,0.31129277379333764,True,204.0469079481854,0.1554353082787241,3.2994919262938343
landgoederen_oldenzaal,ahn4_height_cv,single_source,brabantse_wal,ridge,625,0.1041409828914031,0.08356020410852788,0.011480593445434728,0.02187680643433223,0.23211826089884532,False,205.11089423929135,0.09249542921510731,1.1259040989929663
landgoederen_oldenzaal,ahn4_height_cv,single_source,drents_friese_wold_and_leggelderveld,ridge,625,0.15736737177368937,0.12989912204034876,-1.2572062208428476,-0.12310992139733914,0.2085028250392614,False,78.81999690371447,0.09249542921510731,1.7013529545088752
landgoederen_oldenzaal,ahn4_height_cv,single_source,drentsche_aa,ridge,625,0.10065953848350251,0.07560849030896373,0.07646847464108097,-0.03043184248703567,0.2336680797780844,True,83.50617970715656,0.09249542921510731,1.0882650022565845
landgoederen_oldenzaal,ahn4_height_cv,single_source,geleenbeekdal,ridge,625,0.11056155556138475,0.08551330592808526,-0.1141666022979908,-0.06123373856753369,0.46321240009317677,True,172.58102109589578,0.09249542921510731,1.195319125491735
landgoederen_oldenzaal,ahn4_height_cv,single_source,geuldal,ridge,625,0.10602148736373593,0.0844527995545453,-0.02454170254017707,0.037101574062671144,0.45806395522255544,True,182.90488796872242,0.09249542921510731,1.1462348816953152
landgoederen_oldenzaal,ahn4_height_cv,single_source,kennemerland_zuid,ridge,625,0.1170765316557095,0.08731753048537634,-0.24934260800692298,-0.05945818272495799,0.2437956001502804,True,161.9947143569947,0.09249542921510731,1.2657547799841697
landgoederen_oldenzaal,ahn4_height_cv,single_source,leenderbos_groote_heide_and_de_plateaux,ridge,625,0.1907561016086418,0.16300803163219074,-2.316643038037341,0.14372211281729105,0.0707213229158861,False,148.3036829474557,0.09249542921510731,2.062330033249746
landgoederen_oldenzaal,ahn4_height_cv,single_source,loonse_en_drunense_duinen_and_leemkuilen,ridge,625,0.12204046177581843,0.09316318629602918,-0.3575303248596431,-0.06993742257575898,0.12260663899963917,False,145.9225764567986,0.09249542921510731,1.319421541274231
landgoederen_oldenzaal,ahn4_height_cv,single_source,maasduinen,ridge,625,0.13361199771066046,0.10066994052721374,-0.6271694061780277,-0.07015715086679152,0.14959692264596283,False,102.43386264894268,0.09249542921510731,1.4445254089251534
landgoederen_oldenzaal,ahn4_height_cv,single_source,meinweg,ridge,625,0.18415394783545697,0.15963758543517306,-2.091034998071817,0.13875244042112117,0.03556458663043495,False,140.8237188776803,0.09249542921510731,1.9909518707912437
landgoederen_oldenzaal,ahn4_height_cv,single_source,noordhollands_duinreservaat,ridge,625,0.12256791523906216,0.09022311484997353,-0.3692900542905859,-0.07158075743849117,0.2492538135366206,True,160.4639181112071,0.09249542921510731,1.325124022658658
landgoederen_oldenzaal,ahn4_height_cv,single_source,rijntakken,ridge,625,0.09886044141182741,0.07501034328645662,0.10918618054714624,-0.02713962687226709,0.32118381309420957,True,78.89114159087373,0.09249542921510731,1.0688143430516728
landgoederen_oldenzaal,ahn4_height_cv,single_source,sallandse_heuvelrug,ridge,625,0.14024510485465308,0.11323231134397897,-0.792739874302294,-0.08554032695962015,0.17826982424078988,False,39.16126172268215,0.09249542921510731,1.516238218955654
landgoederen_oldenzaal,ahn4_height_cv,single_source,savelsbos,ridge,625,0.18583310100526237,0.15974429309058638,-2.1476613639877753,-0.15802364729864213,0.3795386960046583,True,187.37829249110678,0.09249542921510731,2.0091057750874266
landgoederen_oldenzaal,ahn4_height_cv,single_source,schoorlse_duinen,ridge,625,0.11949328599781953,0.08918721338923832,-0.30145412284375284,-0.05735888565492617,0.23849578834711163,False,161.34022110196653,0.09249542921510731,1.2918831450571036
landgoederen_oldenzaal,ahn4_height_cv,single_source,springendal_and_dal_van_de_mosbeek,ridge,625,0.15570446850993738,0.12983341867423948,-1.209754403822561,-0.1276127756485103,0.3871647848505816,True,15.738543866366294,0.09249542921510731,1.683374733553927
landgoederen_oldenzaal,ahn4_height_cv,single_source,vecht_en_beneden_reggegebied,ridge,625,0.23545402303280522,0.20772024772054118,-4.053055704331326,-0.20721656771439048,0.26706810877166687,False,39.78649194591302,0.09249542921510731,2.545574684401253
landgoederen_oldenzaal,ahn4_height_cv,single_source,veluwe,ridge,625,0.15930176542877275,0.12679984536672115,-1.3130394122947529,-0.12193552567539732,0.25131363227447084,False,78.07971332061415,0.09249542921510731,1.7222663517599412
landgoederen_oldenzaal,ahn4_height_cv,single_source,voornes_duin,ridge,625,0.16822114278225522,0.13486324900719215,-1.5793068597209432,-0.1290532529687257,0.24795551263403012,True,204.0469079481854,0.09249542921510731,1.8186968178831868
landgoederen_oldenzaal,ahn4_height_sd_m,single_source,brabantse_wal,ridge,625,1.856714269409519,1.4942344730360901,-1.7634611590144882,-1.28702184181965,0.01628005388839342,False,205.11089423929135,0.9660045966216806,1.9220553151639606
landgoederen_oldenzaal,ahn4_height_sd_m,single_source,drents_friese_wold_and_leggelderveld,ridge,625,3.3932669375111395,3.1982813587741803,-8.229948243686678,-3.1982813587741803,0.17181805944857417,False,78.81999690371447,0.9660045966216806,3.5126819783033136
landgoederen_oldenzaal,ahn4_height_sd_m,single_source,drentsche_aa,ridge,625,2.0633377306488447,1.8493424890541252,-2.412745120325081,-1.83650388163731,0.2728940114772538,True,83.50617970715656,0.9660045966216806,2.1359502199728313
landgoederen_oldenzaal,ahn4_height_sd_m,single_source,geleenbeekdal,ridge,625,1.3523703045059963,1.12610265633034,-0.4660691882908161,-0.672154459084135,0.37040261304853245,True,172.58102109589578,0.9660045966216806,1.399962597730401
landgoederen_oldenzaal,ahn4_height_sd_m,single_source,geuldal,ridge,625,1.0592905686677467,0.8158671653679571,0.10051603461669645,-0.3193903379350096,0.45848053375490866,True,182.90488796872242,0.9660045966216806,1.0965688697261966
landgoederen_oldenzaal,ahn4_height_sd_m,single_source,kennemerland_zuid,ridge,625,1.5163026246498559,1.239206657419598,-0.8430409639725225,-1.0987813153870083,0.2407744520277685,True,161.9947143569947,0.9660045966216806,1.5696639849879412
landgoederen_oldenzaal,ahn4_height_sd_m,single_source,leenderbos_groote_heide_and_de_plateaux,ridge,625,1.4362024215994056,1.2109347908112826,-0.653463163483931,-0.09473317474937996,-0.09289222664828105,False,148.3036829474557,0.9660045966216806,1.4867449146951317
landgoederen_oldenzaal,ahn4_height_sd_m,single_source,loonse_en_drunense_duinen_and_leemkuilen,ridge,625,2.8290260801116656,2.4856636512984243,-5.415597609752465,-2.473963267841386,-0.17977929909598322,False,145.9225764567986,0.9660045966216806,2.928584491218116
landgoederen_oldenzaal,ahn4_height_sd_m,single_source,maasduinen,ridge,625,2.8983618391087083,2.551366468543706,-5.733927256833635,-2.5465271644224385,-0.021640954529781774,False,102.43386264894268,0.9660045966216806,3.000360297709642
landgoederen_oldenzaal,ahn4_height_sd_m,single_source,meinweg,ridge,625,2.3563840811607064,2.0246691410750843,-3.450977254420482,-1.975820117269006,0.12157116218765682,False,140.8237188776803,0.9660045966216806,2.439309387762204
landgoederen_oldenzaal,ahn4_height_sd_m,single_source,noordhollands_duinreservaat,ridge,625,2.335042381846101,2.1287672931261956,-3.370717629704881,-2.128394517702116,0.2679430927643246,True,160.4639181112071,0.9660045966216806,2.4172166364551795
landgoederen_oldenzaal,ahn4_height_sd_m,single_source,rijntakken,ridge,625,2.626887174706288,2.315348033137862,-4.53153997107101,-2.1498586009418457,0.10489015233239972,True,78.89114159087373,0.9660045966216806,2.7193319616625637
landgoederen_oldenzaal,ahn4_height_sd_m,single_source,sallandse_heuvelrug,ridge,625,2.191046177938314,1.8643398172502514,-2.8482765658298477,-1.8005104951559028,-0.03983020560210664,False,39.16126172268215,0.9660045966216806,2.2681529524816537
landgoederen_oldenzaal,ahn4_height_sd_m,single_source,savelsbos,ridge,625,1.0829289901576966,0.8567914144787734,0.059923546988768006,-0.3046299498391974,0.17432716960298836,True,187.37829249110678,0.9660045966216806,1.1210391689076067
landgoederen_oldenzaal,ahn4_height_sd_m,single_source,schoorlse_duinen,ridge,625,2.1126336407927395,1.8268841247890701,-2.577763233351699,-1.8151966669276052,0.09866852407920128,False,161.34022110196653,0.9660045966216806,2.186980940029747
landgoederen_oldenzaal,ahn4_height_sd_m,single_source,springendal_and_dal_van_de_mosbeek,ridge,625,1.338169860261071,1.087443358736564,-0.43544217653042105,-0.95363071291583,0.3557762393151055,True,15.738543866366294,0.9660045966216806,1.3852624148383246
landgoederen_oldenzaal,ahn4_height_sd_m,single_source,vecht_en_beneden_reggegebied,ridge,625,3.9839457527723585,3.7160354079314057,-11.723015232295573,-3.7160354079314057,-0.008203071236466183,False,39.78649194591302,0.9660045966216806,4.124147821558042
landgoederen_oldenzaal,ahn4_height_sd_m,single_source,veluwe,ridge,625,2.173397701461161,1.8578996032451287,-2.786531913646901,-1.842524153589073,0.14326302301180466,False,78.07971332061415,0.9660045966216806,2.249883395029367
landgoederen_oldenzaal,ahn4_height_sd_m,single_source,voornes_duin,ridge,625,2.724408257277017,2.514746701235071,-4.949871556323747,-2.514476409217969,0.1719600582783005,True,204.0469079481854,0.9660045966216806,2.8202849829129595
landgoederen_oldenzaal,ahn4_p95_height_m,single_source,brabantse_wal,ridge,625,4.562753247295826,3.678439324141473,-1.0209127275486671,-3.057580117931411,0.28095610744342975,False,205.11089423929135,2.557523776216449,1.7840511551551925
landgoederen_oldenzaal,ahn4_p95_height_m,single_source,drents_friese_wold_and_leggelderveld,ridge,625,9.392003621253071,8.883638853997496,-7.562687530666718,-8.883638853997496,0.26158916379438896,False,78.81999690371447,2.557523776216449,3.672303541649735
landgoederen_oldenzaal,ahn4_p95_height_m,single_source,drentsche_aa,ridge,625,5.554286925419479,4.953814232774316,-1.9946785730263907,-4.892311925400313,0.2897698609805943,True,83.50617970715656,2.557523776216449,2.171744003739579
landgoederen_oldenzaal,ahn4_p95_height_m,single_source,geleenbeekdal,ridge,625,2.842540720046917,2.262583607147236,0.21565526998165074,-0.18887466029265856,0.4287815768082208,True,172.58102109589578,2.557523776216449,1.1114425392565133
landgoederen_oldenzaal,ahn4_p95_height_m,single_source,geuldal,ridge,625,3.0159712807131362,2.3495032607268795,0.1170258349727068,-1.6968472624493478,0.3690987824622336,True,182.90488796872242,2.557523776216449,1.179254444771929
landgoederen_oldenzaal,ahn4_p95_height_m,single_source,kennemerland_zuid,ridge,625,4.940910252975907,4.171235989551801,-1.3697772404463415,-4.066647892392439,0.15234388319819878,True,161.9947143569947,2.557523776216449,1.9319117573504607
landgoederen_oldenzaal,ahn4_p95_height_m,single_source,leenderbos_groote_heide_and_de_plateaux,ridge,625,5.609325697016016,4.57810129163642,-2.0543226172799507,-4.323618387124745,-0.0049593270307620495,False,148.3036829474557,2.557523776216449,2.1932643399758898
landgoederen_oldenzaal,ahn4_p95_height_m,single_source,loonse_en_drunense_duinen_and_leemkuilen,ridge,625,8.731707415423147,7.799434230067701,-6.401026222809277,-7.795810634360802,-0.11280829404570543,False,145.9225764567986,2.557523776216449,3.414125607207713
landgoederen_oldenzaal,ahn4_p95_height_m,single_source,maasduinen,ridge,625,7.114842542138905,6.256632084799923,-3.913875849898049,-6.235759054131128,0.10514554443542386,False,102.43386264894268,2.557523776216449,2.781926255506592
landgoederen_oldenzaal,ahn4_p95_height_m,single_source,meinweg,ridge,625,11.613605971724935,11.12212237090674,-12.09265631220783,-11.12212237090674,0.15363886033366525,False,140.8237188776803,2.557523776216449,4.540957186683863
landgoederen_oldenzaal,ahn4_p95_height_m,single_source,noordhollands_duinreservaat,ridge,625,6.3608109040539045,5.741669050126068,-2.9275214285355893,-5.736864221956704,0.2038820176080701,True,160.4639181112071,2.557523776216449,2.487097466387571
landgoederen_oldenzaal,ahn4_p95_height_m,single_source,rijntakken,ridge,625,7.432960972942601,6.40388498098094,-4.363117332282859,-6.1078537124313135,-0.07621420701753032,True,78.89114159087373,2.557523776216449,2.9063115823457872
landgoederen_oldenzaal,ahn4_p95_height_m,single_source,sallandse_heuvelrug,ridge,625,6.154764470067645,5.408375642967462,-2.677193378678444,-5.37747001287914,0.2470404883463067,False,39.16126172268215,2.557523776216449,2.4065326497855217
landgoederen_oldenzaal,ahn4_p95_height_m,single_source,savelsbos,ridge,625,4.921993323096285,4.351817204626647,-1.351665965039611,4.039672151490147,0.17994602750579639,True,187.37829249110678,2.557523776216449,1.9245151770896873
landgoederen_oldenzaal,ahn4_p95_height_m,single_source,schoorlse_duinen,ridge,625,5.405387280389229,4.521880909555584,-1.836267731898265,-4.364553959794567,0.06156125523969525,False,161.34022110196653,2.557523776216449,2.1135237649230594
landgoederen_oldenzaal,ahn4_p95_height_m,single_source,springendal_and_dal_van_de_mosbeek,ridge,625,2.73645682466232,2.224738029254368,0.2731064855714298,0.6215649629584521,0.3794812253717974,True,15.738543866366294,2.557523776216449,1.0699633958870096
landgoederen_oldenzaal,ahn4_p95_height_m,single_source,vecht_en_beneden_reggegebied,ridge,625,7.986514068102753,7.214858290123197,-5.191674474121063,-7.2097876561310015,0.009625401429783036,False,39.78649194591302,2.557523776216449,3.122752618127307
landgoederen_oldenzaal,ahn4_p95_height_m,single_source,veluwe,ridge,625,3.677402210973583,2.9080507788146117,-0.3127313562441085,-2.1840839004691133,0.23520702734236962,False,78.07971332061415,2.557523776216449,1.4378760601060219
landgoederen_oldenzaal,ahn4_p95_height_m,single_source,voornes_duin,ridge,625,6.523115273728964,5.790774696114793,-3.1305102085662417,-5.724785278874995,0.2302534632533538,True,204.0469079481854,2.557523776216449,2.5505589955371337
landgoederen_oldenzaal,ahn4_pulse_penetration,single_source,brabantse_wal,ridge,625,0.18559543418568142,0.17643847913974117,-7.047014740552724,-0.17634854116680448,0.05295634891292147,False,205.11089423929135,0.05230966084703609,3.548014481080265
landgoederen_oldenzaal,ahn4_pulse_penetration,single_source,drents_friese_wold_and_leggelderveld,ridge,625,0.06652572626726266,0.05555018905152799,-0.03390222482045502,-0.042186173107291884,0.26577599286219306,False,78.81999690371447,0.05230966084703609,1.271767493614558
landgoederen_oldenzaal,ahn4_pulse_penetration,single_source,drentsche_aa,ridge,625,0.09062110755999994,0.07715173577224735,-0.918487405341462,-0.07190327890222092,0.19126137846370916,True,83.50617970715656,0.05230966084703609,1.7323971536537808
landgoederen_oldenzaal,ahn4_pulse_penetration,single_source,geleenbeekdal,ridge,625,0.08496831844884038,0.065494205409313,-0.6866084348050021,-0.04978563465267469,0.38009701940639823,True,172.58102109589578,0.05230966084703609,1.6243331933905047
landgoederen_oldenzaal,ahn4_pulse_penetration,single_source,geuldal,ridge,625,0.12558510896469266,0.11483205098654214,-2.6844826381062723,-0.1139635605387096,0.4638601514552159,True,182.90488796872242,0.05230966084703609,2.4008014376527624
landgoederen_oldenzaal,ahn4_pulse_penetration,single_source,kennemerland_zuid,ridge,625,0.06215614652655656,0.05179303693114477,0.09745599765315938,0.0004018112780455908,0.2557913447013262,True,161.9947143569947,0.05230966084703609,1.1882345540016703
landgoederen_oldenzaal,ahn4_pulse_penetration,single_source,leenderbos_groote_heide_and_de_plateaux,ridge,625,0.08587898001517728,0.07215237739824515,-0.7229551647947927,-0.06335926036325859,0.23589996045971703,False,148.3036829474557,0.05230966084703609,1.641742244636313
landgoederen_oldenzaal,ahn4_pulse_penetration,single_source,loonse_en_drunense_duinen_and_leemkuilen,ridge,625,0.09107618933508127,0.07966106221022437,-0.9378043364384641,-0.07680779496624611,0.35248998157994976,False,145.9225764567986,0.05230966084703609,1.7410969190071077
landgoederen_oldenzaal,ahn4_pulse_penetration,single_source,maasduinen,ridge,625,0.07432137481852467,0.060441738773715906,-0.2904099123297996,0.04573442901915575,0.2117184629839369,False,102.43386264894268,0.05230966084703609,1.4207963426842938
landgoederen_oldenzaal,ahn4_pulse_penetration,single_source,meinweg,ridge,625,0.06302935308075622,0.05113882601638261,0.07191891779162984,-0.00520917485054171,0.34196615397350205,False,140.8237188776803,0.05230966084703609,1.2049275804916162
landgoederen_oldenzaal,ahn4_pulse_penetration,single_source,noordhollands_duinreservaat,ridge,625,0.0769236298279741,0.061771780289888396,-0.3823555467467079,-0.041832327977740044,0.06235301245397138,True,160.4639181112071,0.05230966084703609,1.4705434633368046
landgoederen_oldenzaal,ahn4_pulse_penetration,single_source,rijntakken,ridge,625,0.06818590082035003,0.056212919466996754,-0.08614894774994886,0.040187376249696365,0.39955028281395366,True,78.89114159087373,0.05230966084703609,1.303504930374893
landgoederen_oldenzaal,ahn4_pulse_penetration,single_source,sallandse_heuvelrug,ridge,625,0.0636666146834948,0.05212110349606262,0.0530572207186768,-0.024332919922951054,0.31347830689891487,False,39.16126172268215,0.05230966084703609,1.2171100644232566
landgoederen_oldenzaal,ahn4_pulse_penetration,single_source,savelsbos,ridge,625,0.07639801840662638,0.06307643735474569,-0.36352909419954216,-0.05317105535801857,0.3582128559815737,True,187.37829249110678,0.05230966084703609,1.460495387841062
landgoederen_oldenzaal,ahn4_pulse_penetration,single_source,schoorlse_duinen,ridge,625,0.1470923492065003,0.1341955682125585,-4.054525468112219,-0.13309612163903484,0.057034381671265344,False,161.34022110196653,0.05230966084703609,2.811953792562864
landgoederen_oldenzaal,ahn4_pulse_penetration,single_source,springendal_and_dal_van_de_mosbeek,ridge,625,0.04959803269966781,0.03902176606001363,0.42531597862946025,-0.004053168078892289,0.38342073508359265,True,15.738543866366294,0.05230966084703609,0.948162000986823
landgoederen_oldenzaal,ahn4_pulse_penetration,single_source,vecht_en_beneden_reggegebied,ridge,625,0.057120280681005144,0.044486264181445946,0.23777904088636703,-0.008944891971694662,0.22699953045540341,False,39.78649194591302,0.05230966084703609,1.091964271151294
landgoederen_oldenzaal,ahn4_pulse_penetration,single_source,veluwe,ridge,625,0.05027413073948119,0.0400623951955544,0.409541523923314,0.011359543885596669,0.33341386383279087,False,78.07971332061415,0.05230966084703609,0.9610869182748634
landgoederen_oldenzaal,ahn4_pulse_penetration,single_source,voornes_duin,ridge,625,0.10955996347271577,0.08982786437429424,-1.8041676737640202,-0.0836295894615402,0.3217173736056087,True,204.0469079481854,0.05230966084703609,2.0944498912560534
landgoederen_oldenzaal,ahn4_sigma_z,single_source,brabantse_wal,ridge,625,1.9887406565957408,1.6206595125260452,-2.1080509732447767,-1.3847025532334631,0.020733868566944137,False,205.11089423929135,0.9585142488346126,2.074815955019662
landgoederen_oldenzaal,ahn4_sigma_z,single_source,drents_friese_wold_and_leggelderveld,ridge,625,3.0114620744667695,2.8097702381633614,-6.126669593925281,-2.809711941264389,0.22732797595397203,False,78.81999690371447,0.9585142488346126,3.1418020943644667
landgoederen_oldenzaal,ahn4_sigma_z,single_source,drentsche_aa,ridge,625,2.0227741451403602,1.8078948001196284,-2.2153378728671496,-1.7941354831748881,0.27754650982552337,True,83.50617970715656,0.9585142488346126,2.110322457490542
landgoederen_oldenzaal,ahn4_sigma_z,single_source,geleenbeekdal,ridge,625,1.4158832671134831,1.1927217651369473,-0.5753850754723508,-0.7411237136107742,0.35532123969047635,True,172.58102109589578,0.9585142488346126,1.4771645479813702
landgoederen_oldenzaal,ahn4_sigma_z,single_source,geuldal,ridge,625,1.0001129627748442,0.786580425620265,0.21398661641853012,-0.1790844256611288,0.4247459784803072,True,182.90488796872242,0.9585142488346126,1.0433991607227628
landgoederen_oldenzaal,ahn4_sigma_z,single_source,kennemerland_zuid,ridge,625,1.3476737268751207,1.0858545040651524,-0.4272542728195299,-0.8692399424136573,0.2765448466121491,True,161.9947143569947,0.9585142488346126,1.406002809570811
landgoederen_oldenzaal,ahn4_sigma_z,single_source,leenderbos_groote_heide_and_de_plateaux,ridge,625,1.420687108385782,1.1550231959175599,-0.5860932154632832,-0.4631344930602163,-0.10840280051250281,False,148.3036829474557,0.9585142488346126,1.4821763057910633
landgoederen_oldenzaal,ahn4_sigma_z,single_source,loonse_en_drunense_duinen_and_leemkuilen,ridge,625,2.761223443102773,2.4308319632401587,-4.991491287311404,-2.4166404490701585,-0.21660744817724395,False,145.9225764567986,0.9585142488346126,2.8807328075299274
landgoederen_oldenzaal,ahn4_sigma_z,single_source,maasduinen,ridge,625,2.823760094907311,2.503194424577924,-5.265957159676807,-2.5006381063575054,-0.03621529283734778,False,102.43386264894268,0.9585142488346126,2.9459761274707335
landgoederen_oldenzaal,ahn4_sigma_z,single_source,meinweg,ridge,625,2.3872015660572368,2.0709580560283785,-3.4782672724454446,-2.0279940962151666,0.13706739004964713,False,140.8237188776803,0.9585142488346126,2.4905227741368066
landgoederen_oldenzaal,ahn4_sigma_z,single_source,noordhollands_duinreservaat,ridge,625,2.1968072260832345,1.9747726316508765,-2.7924138600932356,-1.9742117038899418,0.2898450622209575,True,160.4639181112071,0.9585142488346126,2.2918879179461045
landgoederen_oldenzaal,ahn4_sigma_z,single_source,rijntakken,ridge,625,2.5059491790558113,2.207263862279223,-3.934877160533654,-1.9977540320523826,0.11167477098983256,True,78.89114159087373,0.9585142488346126,2.614409939239413
landgoederen_oldenzaal,ahn4_sigma_z,single_source,sallandse_heuvelrug,ridge,625,2.162141448939708,1.8538892378804994,-2.6736690808720964,-1.8114945157978057,0.015620026936205332,False,39.16126172268215,0.9585142488346126,2.2557217605982363
landgoederen_oldenzaal,ahn4_sigma_z,single_source,savelsbos,ridge,625,1.083096933888251,0.8713303396755057,0.07813679494551284,-0.0530484225783546,0.17212981176091666,True,187.37829249110678,0.9585142488346126,1.1299747867129877
landgoederen_oldenzaal,ahn4_sigma_z,single_source,schoorlse_duinen,ridge,625,2.3158490168625794,2.0357615542976135,-3.214560689281573,-2.0285218454888048,0.03536437630891779,False,161.34022110196653,0.9585142488346126,2.4160819932288446
landgoederen_oldenzaal,ahn4_sigma_z,single_source,springendal_and_dal_van_de_mosbeek,ridge,625,1.2840225562393348,1.0273497657867665,-0.295618480842887,-0.8759259566153691,0.3275037493532726,True,15.738543866366294,0.9585142488346126,1.3395967329650906
landgoederen_oldenzaal,ahn4_sigma_z,single_source,vecht_en_beneden_reggegebied,ridge,625,3.8574764998094984,3.5857873943340675,-10.693335384940008,-3.5857873943340675,-0.07710021816683302,False,39.78649194591302,0.9585142488346126,4.024433131275328
landgoederen_oldenzaal,ahn4_sigma_z,single_source,veluwe,ridge,625,2.3061343309407767,2.010873905438804,-3.179275782940005,-2.006161995029785,0.11236780414159654,False,78.07971332061415,0.9585142488346126,2.405946842986045
landgoederen_oldenzaal,ahn4_sigma_z,single_source,voornes_duin,ridge,625,2.5861526700237025,2.376788708082894,-4.255815928986371,-2.3749721480640624,0.19426918504480942,True,204.0469079481854,0.9585142488346126,2.6980847422644123
leenderbos_groote_heide_and_de_plateaux,ahn4_entropy,single_source,brabantse_wal,ridge,1929,0.2518004962366746,0.19879438117498432,0.49271284811367266,0.10096902962888957,0.5056668246480492,True,80.36442062385939,0.21940370388427483,1.1476583657379256
leenderbos_groote_heide_and_de_plateaux,ahn4_entropy,single_source,drents_friese_wold_and_leggelderveld,ridge,1929,0.3137603834082818,0.25211311244814,0.21234340485183678,0.1042045087324747,0.42803773174278337,True,182.27480801114578,0.21940370388427483,1.4300596473693794
leenderbos_groote_heide_and_de_plateaux,ahn4_entropy,single_source,drentsche_aa,ridge,1929,0.3471445226612694,0.2815241231257791,0.035812861182138556,0.16606750650215135,0.3951057382212465,False,205.18951307790854,0.21940370388427483,1.582218150904015
leenderbos_groote_heide_and_de_plateaux,ahn4_entropy,single_source,geleenbeekdal,ridge,1929,0.7371199478950123,0.6499295309009344,-3.347274143816846,0.6378898833689437,0.20685121974977727,False,55.222286823395244,0.21940370388427483,3.359651340634653
leenderbos_groote_heide_and_de_plateaux,ahn4_entropy,single_source,geuldal,ridge,1929,0.43531650596310384,0.3562723339243295,-0.516180717546409,0.3128400649088833,0.3579577946485201,False,63.46954451329532,0.21940370388427483,1.9840891391364701
leenderbos_groote_heide_and_de_plateaux,ahn4_entropy,single_source,kennemerland_zuid,ridge,1929,0.41943897520211093,0.34203250918552247,-0.40759678733919524,-0.3043960241493053,0.43911148287903307,False,132.8265169055958,0.21940370388427483,1.9117223992870482
leenderbos_groote_heide_and_de_plateaux,ahn4_entropy,single_source,landgoederen_oldenzaal,ridge,1929,0.3064278761069187,0.23412968945600707,0.24872793276720795,-0.06874928767005416,0.48217011851848607,False,148.3036829474557,0.21940370388427483,1.396639485487196
leenderbos_groote_heide_and_de_plateaux,ahn4_entropy,single_source,loonse_en_drunense_duinen_and_leemkuilen,ridge,1929,0.2685196309997326,0.21003052117058355,0.423110302456145,0.12423430949010833,0.4828953175122483,True,44.41500668338322,0.21940370388427483,1.2238609752065266
leenderbos_groote_heide_and_de_plateaux,ahn4_entropy,single_source,maasduinen,ridge,1929,0.24509418834568414,0.19413362618594487,0.5193745911869494,-0.09113978497897327,0.5669806387990869,True,49.055265379331594,0.21940370388427483,1.1170923006612496
leenderbos_groote_heide_and_de_plateaux,ahn4_entropy,single_source,meinweg,ridge,1929,0.24619971262929397,0.1885740589626564,0.515028985075238,-0.07195531778104268,0.5663148395213286,True,46.85412139419674,0.21940370388427483,1.122131068302989
leenderbos_groote_heide_and_de_plateaux,ahn4_entropy,single_source,noordhollands_duinreservaat,ridge,1929,0.5603287055633274,0.48301184661282914,-1.5120393808487638,-0.465927381000928,0.45899541947247163,False,149.60894911615108,0.21940370388427483,2.5538707671903045
leenderbos_groote_heide_and_de_plateaux,ahn4_entropy,single_source,rijntakken,ridge,1929,0.49693515216162776,0.4224321557076231,-0.9757870635323407,0.38255500676458637,0.39002956768228453,False,85.50498669686564,0.21940370388427483,2.2649351098636776
leenderbos_groote_heide_and_de_plateaux,ahn4_entropy,single_source,sallandse_heuvelrug,ridge,1929,0.24583478795123032,0.19377430668004791,0.5164655970729117,-0.1085277603093928,0.5653703826196381,True,127.07611764177557,0.21940370388427483,1.1204678116140494
leenderbos_groote_heide_and_de_plateaux,ahn4_entropy,single_source,savelsbos,ridge,1929,0.7963960349338277,0.7121431320452706,-4.074565679943259,0.7073422312402846,0.16052160592572218,False,60.720060800001576,0.21940370388427483,3.629820376021953
leenderbos_groote_heide_and_de_plateaux,ahn4_entropy,single_source,schoorlse_duinen,ridge,1929,0.34689397780825465,0.26516779947626573,0.037204125823823375,-0.13184728309957205,0.27901386867141054,True,161.67031110102877,0.21940370388427483,1.5810762155192466
leenderbos_groote_heide_and_de_plateaux,ahn4_entropy,single_source,springendal_and_dal_van_de_mosbeek,ridge,1929,0.29156883481309387,0.23150056151279366,0.3198214964727675,0.060220419470852334,0.45345257694709173,False,154.46169762577549,0.21940370388427483,1.3289148252797172
leenderbos_groote_heide_and_de_plateaux,ahn4_entropy,single_source,vecht_en_beneden_reggegebied,ridge,1929,0.2740356186341167,0.21745179043196725,0.39916568221380455,-0.12405435775047112,0.5277845353249937,True,145.76742625948555,0.21940370388427483,1.2490017888606733
leenderbos_groote_heide_and_de_plateaux,ahn4_entropy,single_source,veluwe,ridge,1929,0.2657936980588017,0.21090174102828155,0.43476368158167233,-0.14477702652547517,0.5089538214385498,True,98.90031260421897,0.21940370388427483,1.2114366957040772
leenderbos_groote_heide_and_de_plateaux,ahn4_entropy,single_source,voornes_duin,ridge,1929,0.3868804669388753,0.30605189680847994,-0.1975517959834161,-0.1670150481500116,0.30884843528899436,False,117.8438822987638,0.21940370388427483,1.7633269634451414
leenderbos_groote_heide_and_de_plateaux,ahn4_height_cv,single_source,brabantse_wal,ridge,1929,0.16393307073124558,0.14206098080539267,-1.1705101785667353,0.11670709376653753,0.2635982055317426,True,80.36442062385939,0.09550093192091669,1.7165599061064327
leenderbos_groote_heide_and_de_plateaux,ahn4_height_cv,single_source,drents_friese_wold_and_leggelderveld,ridge,1929,0.1363576044637861,0.11578980856019766,-0.5017146053796071,0.08329836158982905,0.2746201959030999,True,182.27480801114578,0.09550093192091669,1.4278143859025625
leenderbos_groote_heide_and_de_plateaux,ahn4_height_cv,single_source,drentsche_aa,ridge,1929,0.12528950647964218,0.09723073330073534,-0.2678213935118443,-0.039837735636818354,0.14424406500462603,False,205.18951307790854,0.09550093192091669,1.3119192028763982
leenderbos_groote_heide_and_de_plateaux,ahn4_height_cv,single_source,geleenbeekdal,ridge,1929,0.286988814874516,0.2652551344835032,-5.652097720829524,0.26240359611655145,0.13252733519457643,False,55.222286823395244,0.09550093192091669,3.0050891556971235
leenderbos_groote_heide_and_de_plateaux,ahn4_height_cv,single_source,geuldal,ridge,1929,0.15026626656586076,0.12724427201449823,-0.8236927492167874,0.0935753569090647,0.21799264881683073,False,63.46954451329532,0.09550093192091669,1.5734534055677558
leenderbos_groote_heide_and_de_plateaux,ahn4_height_cv,single_source,kennemerland_zuid,ridge,1929,0.19685634730581245,0.1649728060827718,-2.129878823566096,-0.1590997121121948,0.2313295327729976,False,132.8265169055958,0.09550093192091669,2.061302893555291
leenderbos_groote_heide_and_de_plateaux,ahn4_height_cv,single_source,landgoederen_oldenzaal,ridge,1929,0.1606911674254731,0.13634410542270747,-1.0855119882141153,0.1030542112040543,0.18518089036040072,False,148.3036829474557,0.09550093192091669,1.682613605891718
leenderbos_groote_heide_and_de_plateaux,ahn4_height_cv,single_source,loonse_en_drunense_duinen_and_leemkuilen,ridge,1929,0.13931946230878092,0.11844180008160214,-0.5676613753031003,0.08995707649950736,0.27802256635906974,True,44.41500668338322,0.09550093192091669,1.458828301530606
leenderbos_groote_heide_and_de_plateaux,ahn4_height_cv,single_source,maasduinen,ridge,1929,0.10464008413795399,0.07957073023722643,0.11564865804123303,-0.031219954111064735,0.3325688043374246,True,49.055265379331594,0.09550093192091669,1.0956969951309516
leenderbos_groote_heide_and_de_plateaux,ahn4_height_cv,single_source,meinweg,ridge,1929,0.13751955443096944,0.11126507683861354,-0.5274169013796366,0.06602669529486319,0.2901941147626411,True,46.85412139419674,0.09550093192091669,1.4399812825370955
leenderbos_groote_heide_and_de_plateaux,ahn4_height_cv,single_source,noordhollands_duinreservaat,ridge,1929,0.1327685739789514,0.10069640795795716,-0.42370254099440596,-0.05682800908342601,0.2051523081529334,False,149.60894911615108,0.09550093192091669,1.3902332815861487
leenderbos_groote_heide_and_de_plateaux,ahn4_height_cv,single_source,rijntakken,ridge,1929,0.31810771717589764,0.29674997624453364,-7.172917008659638,0.29401879752730437,0.06649646090776248,False,85.50498669686564,0.09550093192091669,3.330938356070905
leenderbos_groote_heide_and_de_plateaux,ahn4_height_cv,single_source,sallandse_heuvelrug,ridge,1929,0.10472561838760183,0.08519932125004648,0.11420230515218877,0.028236451280502103,0.3037071915373549,True,127.07611764177557,0.09550093192091669,1.0965926329841893
leenderbos_groote_heide_and_de_plateaux,ahn4_height_cv,single_source,savelsbos,ridge,1929,0.11877027155433184,0.09857886303822587,-0.13931595078195125,0.03726338093265816,0.22448200815468802,False,60.720060800001576,0.09550093192091669,1.2436556289595608
leenderbos_groote_heide_and_de_plateaux,ahn4_height_cv,single_source,schoorlse_duinen,ridge,1929,0.11727461666528916,0.09540895192395488,-0.11080217871916531,0.02301607449126967,0.24374185588639485,True,161.67031110102877,0.09550093192091669,1.2279944740476776
leenderbos_groote_heide_and_de_plateaux,ahn4_height_cv,single_source,springendal_and_dal_van_de_mosbeek,ridge,1929,0.1147327346489832,0.09309953417939071,-0.06317160492722573,0.004228384805555787,0.1535930448575932,False,154.46169762577549,0.09550093192091669,1.2013781681627167
leenderbos_groote_heide_and_de_plateaux,ahn4_height_cv,single_source,vecht_en_beneden_reggegebied,ridge,1929,0.12613625725198063,0.09577569756694254,-0.28501607194536893,-0.07384222522037077,0.34676581066287887,True,145.76742625948555,0.09550093192091669,1.3207856165888803
leenderbos_groote_heide_and_de_plateaux,ahn4_height_cv,single_source,veluwe,ridge,1929,0.11984749674170438,0.08894407084493297,-0.16007645789847258,-0.06421583244334543,0.3914315305360444,True,98.90031260421897,0.09550093192091669,1.254935363782092
leenderbos_groote_heide_and_de_plateaux,ahn4_height_cv,single_source,voornes_duin,ridge,1929,0.16813514791284373,0.12752732764201546,-1.2832091665769578,-0.09413733209626321,0.18418811984334366,False,117.8438822987638,0.09550093192091669,1.760560284920305
leenderbos_groote_heide_and_de_plateaux,ahn4_height_sd_m,single_source,brabantse_wal,ridge,1929,1.0860950973632093,0.850926397037405,0.3038766789021946,-0.18634618178682164,0.26557079691033064,True,80.36442062385939,0.9517917512883819,1.1411058100608975
leenderbos_groote_heide_and_de_plateaux,ahn4_height_sd_m,single_source,drents_friese_wold_and_leggelderveld,ridge,1929,1.253748185594269,0.9833334758901175,0.07237784647580858,0.2483461331206976,0.2658549463429524,True,182.27480801114578,0.9517917512883819,1.3172505265959147
leenderbos_groote_heide_and_de_plateaux,ahn4_height_sd_m,single_source,drentsche_aa,ridge,1929,1.5118041657220807,1.1864718037936794,-0.3487813501940864,0.44526214094366157,0.10520126127922381,False,205.18951307790854,0.9517917512883819,1.58837704117066
leenderbos_groote_heide_and_de_plateaux,ahn4_height_sd_m,single_source,geleenbeekdal,ridge,1929,4.747385841755453,4.4223968244791125,-12.30024182522428,4.40107787520391,0.013476470364283347,False,55.222286823395244,0.9517917512883819,4.987840917227124
leenderbos_groote_heide_and_de_plateaux,ahn4_height_sd_m,single_source,geuldal,ridge,1929,1.7976742199766598,1.4847141696353905,-0.9070955711631097,1.020854553740609,0.17551054703941418,False,63.46954451329532,0.9517917512883819,1.8887264126246721
leenderbos_groote_heide_and_de_plateaux,ahn4_height_sd_m,single_source,kennemerland_zuid,ridge,1929,2.29350059909571,1.93830220297107,-2.104189265151502,-1.841112503966347,0.2150046428237771,False,132.8265169055958,0.9517917512883819,2.4096663960274287
leenderbos_groote_heide_and_de_plateaux,ahn4_height_sd_m,single_source,landgoederen_oldenzaal,ridge,1929,1.607704279249899,1.3116398685243582,-0.5253264890574103,0.6062315583277376,0.1392213946606927,False,148.3036829474557,0.9517917512883819,1.689134495096904
leenderbos_groote_heide_and_de_plateaux,ahn4_height_sd_m,single_source,loonse_en_drunense_duinen_and_leemkuilen,ridge,1929,1.0282140032752207,0.8478343247667315,0.3760963801804721,0.21469953124800498,0.3159040389465937,True,44.41500668338322,0.9517917512883819,1.080293038769658
leenderbos_groote_heide_and_de_plateaux,ahn4_height_sd_m,single_source,maasduinen,ridge,1929,1.053888479656608,0.8260373416916578,0.34454966287149036,-0.21431063744560921,0.3138613488268287,True,49.055265379331594,0.9517917512883819,1.1072679272855894
leenderbos_groote_heide_and_de_plateaux,ahn4_height_sd_m,single_source,meinweg,ridge,1929,1.6175689656886596,1.3572730664431505,-0.5441023679805408,1.0508205418960432,0.26644481060846575,True,46.85412139419674,0.9517917512883819,1.6994988278676044
leenderbos_groote_heide_and_de_plateaux,ahn4_height_sd_m,single_source,noordhollands_duinreservaat,ridge,1929,2.37963701226247,1.9973157322215764,-2.341734230459985,-1.958985110004372,0.21081513654554507,False,149.60894911615108,0.9517917512883819,2.50016561820514
leenderbos_groote_heide_and_de_plateaux,ahn4_height_sd_m,single_source,rijntakken,ridge,1929,4.630114505053773,4.383059779840212,-11.651264622455878,4.3532395834316215,-0.08561865074560128,False,85.50498669686564,0.9517917512883819,4.8646297877516504
leenderbos_groote_heide_and_de_plateaux,ahn4_height_sd_m,single_source,sallandse_heuvelrug,ridge,1929,1.100563662896669,0.8649129242215428,0.28520613512284587,-0.35555598528832993,0.2766834702111428,True,127.07611764177557,0.9517917512883819,1.1563072083855568
leenderbos_groote_heide_and_de_plateaux,ahn4_height_sd_m,single_source,savelsbos,ridge,1929,1.5876362090787137,1.2392541836528366,-0.48748456322138334,-0.41527783380125066,0.1486480236505677,False,60.720060800001576,0.9517917512883819,1.6680499772451571
leenderbos_groote_heide_and_de_plateaux,ahn4_height_sd_m,single_source,schoorlse_duinen,ridge,1929,1.2913169340226576,1.0417640674309312,0.01595225724111171,0.3587498036945927,0.23872997169406124,True,161.67031110102877,0.9517917512883819,1.3567221319944005
leenderbos_groote_heide_and_de_plateaux,ahn4_height_sd_m,single_source,springendal_and_dal_van_de_mosbeek,ridge,1929,1.33214301086039,1.025901716266614,-0.04725436223157464,-0.3755695979974619,0.15126573108938343,False,154.46169762577549,0.9517917512883819,1.3996160494742154
leenderbos_groote_heide_and_de_plateaux,ahn4_height_sd_m,single_source,vecht_en_beneden_reggegebied,ridge,1929,1.0623985817408519,0.8269742607558435,0.3339214602997146,-0.27945543010891144,0.33424220300989216,True,145.76742625948555,0.9517917512883819,1.1162090660091857
leenderbos_groote_heide_and_de_plateaux,ahn4_height_sd_m,single_source,veluwe,ridge,1929,1.315962901325373,1.007355632705009,-0.021969110298203365,-0.8729403376859709,0.33939106859823726,True,98.90031260421897,0.9517917512883819,1.382616417450598
leenderbos_groote_heide_and_de_plateaux,ahn4_height_sd_m,single_source,voornes_duin,ridge,1929,1.9907237699043216,1.5213993078030537,-1.3386890437969212,-1.1432826164781216,0.07216736219402436,False,117.8438822987638,0.9517917512883819,2.0915539215480714
leenderbos_groote_heide_and_de_plateaux,ahn4_p95_height_m,single_source,brabantse_wal,ridge,1929,3.0931396101166144,2.566008060707995,-0.1401604214774277,-2.3380720504949126,0.43058708075442625,True,80.36442062385939,1.9975809541869693,1.5484426819515535
leenderbos_groote_heide_and_de_plateaux,ahn4_p95_height_m,single_source,drents_friese_wold_and_leggelderveld,ridge,1929,3.025412178761915,2.2244851074701697,-0.09077711540681288,-1.3305880661518694,0.34435745925111927,True,182.27480801114578,1.9975809541869693,1.514537957733623
leenderbos_groote_heide_and_de_plateaux,ahn4_p95_height_m,single_source,drentsche_aa,ridge,1929,3.3531841938910976,2.7462675696722307,-0.3399288464726684,1.4826959595684797,0.22717750084490557,False,205.18951307790854,1.9975809541869693,1.6786224292250869
leenderbos_groote_heide_and_de_plateaux,ahn4_p95_height_m,single_source,geleenbeekdal,ridge,1929,8.82407851771615,8.000156362140862,-8.27909548784485,7.811018123481767,0.22060314906356596,False,55.222286823395244,1.9975809541869693,4.417382183796208
leenderbos_groote_heide_and_de_plateaux,ahn4_p95_height_m,single_source,geuldal,ridge,1929,3.3940681310726277,2.744602010934563,-0.37280239452606767,-0.17304164508521366,0.22694164762454394,False,63.46954451329532,1.9975809541869693,1.6990891527868213
leenderbos_groote_heide_and_de_plateaux,ahn4_p95_height_m,single_source,kennemerland_zuid,ridge,1929,5.010771912010943,4.1778574225093354,-1.9921005559120393,-3.965798685576478,0.2377494127307461,False,132.8265169055958,1.9975809541869693,2.508419947391001
leenderbos_groote_heide_and_de_plateaux,ahn4_p95_height_m,single_source,landgoederen_oldenzaal,ridge,1929,3.2275217286304714,2.432766164306883,-0.24138149081296656,0.1036035235011399,0.17446411032159662,False,148.3036829474557,1.9975809541869693,1.6157151087496713
leenderbos_groote_heide_and_de_plateaux,ahn4_p95_height_m,single_source,loonse_en_drunense_duinen_and_leemkuilen,ridge,1929,2.4830283467279903,1.9556563017095625,0.26526577337638746,-1.2541963602908213,0.3772783450942929,True,44.41500668338322,1.9975809541869693,1.2430176316626935
leenderbos_groote_heide_and_de_plateaux,ahn4_p95_height_m,single_source,maasduinen,ridge,1929,2.0769319644238107,1.6462727489682962,0.4859427877060193,-0.1606214240119316,0.42259978994611735,True,49.055265379331594,1.9975809541869693,1.0397235516640866
leenderbos_groote_heide_and_de_plateaux,ahn4_p95_height_m,single_source,meinweg,ridge,1929,3.389441813950944,2.8540207608448793,-0.36906252215547775,2.2854630812605397,0.34487897117368777,True,46.85412139419674,1.9975809541869693,1.6967731930195904
leenderbos_groote_heide_and_de_plateaux,ahn4_p95_height_m,single_source,noordhollands_duinreservaat,ridge,1929,7.050266868956526,6.338188294323818,-4.923495037001101,-6.325778166188433,0.254061363965106,False,149.60894911615108,1.9975809541869693,3.52940232743961
leenderbos_groote_heide_and_de_plateaux,ahn4_p95_height_m,single_source,rijntakken,ridge,1929,9.628906650442271,9.111117254144782,-10.048946455359028,9.007699813648708,0.06677572614142768,False,85.50498669686564,1.9975809541869693,4.820283568613273
leenderbos_groote_heide_and_de_plateaux,ahn4_p95_height_m,single_source,sallandse_heuvelrug,ridge,1929,3.1376622999936417,2.559188834915787,-0.1732196150408396,-2.293418977652466,0.38524066638560694,True,127.07611764177557,1.9975809541869693,1.5707309851032767
leenderbos_groote_heide_and_de_plateaux,ahn4_p95_height_m,single_source,savelsbos,ridge,1929,4.934952018955466,4.0043764295978805,-1.9022364032148062,-3.0047110217901176,0.10898488714972798,False,60.720060800001576,1.9975809541869693,2.4704640923871986
leenderbos_groote_heide_and_de_plateaux,ahn4_p95_height_m,single_source,schoorlse_duinen,ridge,1929,2.9513429592296196,2.3719854569135426,-0.0380213232871236,0.9038087584154776,0.17621266258086854,True,161.67031110102877,1.9975809541869693,1.477458499513397
leenderbos_groote_heide_and_de_plateaux,ahn4_p95_height_m,single_source,springendal_and_dal_van_de_mosbeek,ridge,1929,2.7788220472632097,2.110795668304691,0.07978694971995326,0.1149173672651798,0.24950801732857902,False,154.46169762577549,1.9975809541869693,1.3910935831855742
leenderbos_groote_heide_and_de_plateaux,ahn4_p95_height_m,single_source,vecht_en_beneden_reggegebied,ridge,1929,2.3313554793504276,1.8081878154725513,0.35228506122542136,-0.18261055087924186,0.2794167729784017,True,145.76742625948555,1.9975809541869693,1.1670893609912831
leenderbos_groote_heide_and_de_plateaux,ahn4_p95_height_m,single_source,veluwe,ridge,1929,2.6684564319421678,2.0735029295363034,0.15143102528461305,-1.4923208894477606,0.38143315204545253,True,98.90031260421897,1.9975809541869693,1.3358439498279306
leenderbos_groote_heide_and_de_plateaux,ahn4_p95_height_m,single_source,voornes_duin,ridge,1929,4.053749736733432,3.0988471554150103,-0.9583070308826083,-1.9038547826813108,0.09413649045029186,False,117.8438822987638,1.9975809541869693,2.0293293887472705
leenderbos_groote_heide_and_de_plateaux,ahn4_pulse_penetration,single_source,brabantse_wal,ridge,1929,0.07401965443150267,0.0585880429636574,0.06889729022638169,0.050326865809937116,0.6318218616911389,True,80.36442062385939,0.044109401071942646,1.6780924844292548
leenderbos_groote_heide_and_de_plateaux,ahn4_pulse_penetration,single_source,drents_friese_wold_and_leggelderveld,ridge,1929,0.051352920779305165,0.039811930216459096,0.5518392855795662,0.004346329437880198,0.6668013969469527,True,182.27480801114578,0.044109401071942646,1.1642171403676125
leenderbos_groote_heide_and_de_plateaux,ahn4_pulse_penetration,single_source,drentsche_aa,ridge,1929,0.08034845347254385,0.060586820662600856,-0.09713110526186486,0.05260746414281745,0.5755418603646548,False,205.18951307790854,0.044109401071942646,1.8215720803258049
leenderbos_groote_heide_and_de_plateaux,ahn4_pulse_penetration,single_source,geleenbeekdal,ridge,1929,0.09654994495656086,0.08268659765461153,-0.584191012806665,-0.060598780414029225,0.2814718612844076,False,55.222286823395244,0.044109401071942646,2.1888745394453992
leenderbos_groote_heide_and_de_plateaux,ahn4_pulse_penetration,single_source,geuldal,ridge,1929,0.08346609815316772,0.06369111637647294,-0.18392368128908942,0.04546566756947967,0.4180867230875645,False,63.46954451329532,0.044109401071942646,1.8922519037842773
leenderbos_groote_heide_and_de_plateaux,ahn4_pulse_penetration,single_source,kennemerland_zuid,ridge,1929,0.06051538151447586,0.047636007232016275,0.37764951066381014,0.01047524747848355,0.580433055223725,False,132.8265169055958,0.044109401071942646,1.3719384086801583
leenderbos_groote_heide_and_de_plateaux,ahn4_pulse_penetration,single_source,landgoederen_oldenzaal,ridge,1929,0.12637237433662424,0.10975302529285527,-1.71398707266234,0.10886901640261254,0.5406708150621421,False,148.3036829474557,0.044109401071942646,2.8649759748610117
leenderbos_groote_heide_and_de_plateaux,ahn4_pulse_penetration,single_source,loonse_en_drunense_duinen_and_leemkuilen,ridge,1929,0.05868135165662603,0.045460465659524454,0.41480082977767274,0.034065335314550804,0.6493708706092244,True,44.41500668338322,0.044109401071942646,1.330359293723269
leenderbos_groote_heide_and_de_plateaux,ahn4_pulse_penetration,single_source,maasduinen,ridge,1929,0.049955716413949476,0.03860153888223386,0.5758945364922152,0.022155599224493432,0.7076722867932532,True,49.055265379331594,0.044109401071942646,1.1325412542435447
leenderbos_groote_heide_and_de_plateaux,ahn4_pulse_penetration,single_source,meinweg,ridge,1929,0.05242875526358271,0.04048198016904829,0.5328648168374298,0.019877895556420954,0.6717206068944601,True,46.85412139419674,0.044109401071942646,1.1886072807488626
leenderbos_groote_heide_and_de_plateaux,ahn4_pulse_penetration,single_source,noordhollands_duinreservaat,ridge,1929,0.09348196070257497,0.0759802915858866,-0.4851116661805166,0.07190686114438632,0.602544331764188,False,149.60894911615108,0.044109401071942646,2.1193205627549885
leenderbos_groote_heide_and_de_plateaux,ahn4_pulse_penetration,single_source,rijntakken,ridge,1929,0.08907619653301199,0.07601326979972103,-0.3484250557167703,-0.05258885516075491,0.3550432219697146,False,85.50498669686564,0.044109401071942646,2.0194379059404657
leenderbos_groote_heide_and_de_plateaux,ahn4_pulse_penetration,single_source,sallandse_heuvelrug,ridge,1929,0.06012510239293748,0.04757578003226428,0.3856510192108277,0.03723559321430229,0.6765157990685329,True,127.07611764177557,0.044109401071942646,1.3630904281577787
leenderbos_groote_heide_and_de_plateaux,ahn4_pulse_penetration,single_source,savelsbos,ridge,1929,0.1217587513711161,0.09360755933449068,-1.5194390459257199,0.08409844691302916,-0.05320955712895969,False,60.720060800001576,0.044109401071942646,2.760380971224864
leenderbos_groote_heide_and_de_plateaux,ahn4_pulse_penetration,single_source,schoorlse_duinen,ridge,1929,0.05999839485301464,0.04738247623441639,0.38823764683164363,-0.007081919406540564,0.6265707751100639,True,161.67031110102877,0.044109401071942646,1.3602178536760672
leenderbos_groote_heide_and_de_plateaux,ahn4_pulse_penetration,single_source,springendal_and_dal_van_de_mosbeek,ridge,1929,0.11949047379499002,0.09722431920170167,-1.4264427585782964,0.09541969875148788,0.4869265005258914,False,154.46169762577549,0.044109401071942646,2.7089570679071446
leenderbos_groote_heide_and_de_plateaux,ahn4_pulse_penetration,single_source,vecht_en_beneden_reggegebied,ridge,1929,0.06338595718523803,0.04857635385636568,0.317206166782094,0.03872567909715546,0.6548365579339871,True,145.76742625948555,0.044109401071942646,1.4370169543189948
leenderbos_groote_heide_and_de_plateaux,ahn4_pulse_penetration,single_source,veluwe,ridge,1929,0.07061045363379986,0.056766950149612964,0.15269164790152012,0.052817177678448256,0.6951429713570244,True,98.90031260421897,0.044109401071942646,1.600802820211362
leenderbos_groote_heide_and_de_plateaux,ahn4_pulse_penetration,single_source,voornes_duin,ridge,1929,0.07782653581675139,0.06051133163259618,-0.02934008033846136,0.02533877301478678,0.4405323945120939,False,117.8438822987638,0.044109401071942646,1.7643979270953132
leenderbos_groote_heide_and_de_plateaux,ahn4_sigma_z,single_source,brabantse_wal,ridge,1929,1.1418027621859899,0.8805955822652578,0.04549329892687237,-0.476249987168911,0.2850871573167926,True,80.36442062385939,0.9276004664856466,1.230920858105948
leenderbos_groote_heide_and_de_plateaux,ahn4_sigma_z,single_source,drents_friese_wold_and_leggelderveld,ridge,1929,1.1711800195962934,0.9339067518490597,-0.004255253881941812,0.2267274322130384,0.2804448858526527,True,182.27480801114578,0.9276004664856466,1.2625910204998974
leenderbos_groote_heide_and_de_plateaux,ahn4_sigma_z,single_source,drentsche_aa,ridge,1929,1.561517387378012,1.2625450400597382,-0.7852146903923745,0.7752745726124102,0.04791590222516817,False,205.18951307790854,0.9276004664856466,1.6833943532758824
leenderbos_groote_heide_and_de_plateaux,ahn4_sigma_z,single_source,geleenbeekdal,ridge,1929,5.257250015936545,4.947850957967692,-19.235505834828242,4.943492891000504,-0.04490610623059182,False,55.222286823395244,0.9276004664856466,5.667580176899247
leenderbos_groote_heide_and_de_plateaux,ahn4_sigma_z,single_source,geuldal,ridge,1929,2.194158556226905,1.8781533710143572,-2.52478651733417,1.6920805044199339,0.14522636243351433,False,63.46954451329532,0.9276004664856466,2.3654133816251766
leenderbos_groote_heide_and_de_plateaux,ahn4_sigma_z,single_source,kennemerland_zuid,ridge,1929,1.846626086489264,1.5112623635641718,-1.4966331677708014,-1.3627198139934802,0.23746661856870666,False,132.8265169055958,0.9276004664856466,1.9907558838186916
leenderbos_groote_heide_and_de_plateaux,ahn4_sigma_z,single_source,landgoederen_oldenzaal,ridge,1929,1.3991604258759514,1.1177765564315134,-0.4332826015417506,0.23883802112492664,0.1691761231291392,False,148.3036829474557,0.9276004664856466,1.508365375425996
leenderbos_groote_heide_and_de_plateaux,ahn4_sigma_z,single_source,loonse_en_drunense_duinen_and_leemkuilen,ridge,1929,1.0268396904451536,0.807271517001468,0.22802702433201405,-0.1968975213884278,0.2957806901667835,True,44.41500668338322,0.9276004664856466,1.1069848793150026
leenderbos_groote_heide_and_de_plateaux,ahn4_sigma_z,single_source,maasduinen,ridge,1929,1.0747243489738656,0.8067647026295122,0.15434936397388532,-0.4178225152262583,0.3208735971461132,True,49.055265379331594,0.9276004664856466,1.1586069518115054
leenderbos_groote_heide_and_de_plateaux,ahn4_sigma_z,single_source,meinweg,ridge,1929,1.491266075911005,1.2696885556446056,-0.6281974863487192,0.9961488505905033,0.26133672973370997,True,46.85412139419674,0.9276004664856466,1.6076599029330914
leenderbos_groote_heide_and_de_plateaux,ahn4_sigma_z,single_source,noordhollands_duinreservaat,ridge,1929,1.951298014012698,1.5800760936793716,-1.787686989461808,-1.5208132595395156,0.22196844613409078,False,149.60894911615108,0.9276004664856466,2.103597491067984
leenderbos_groote_heide_and_de_plateaux,ahn4_sigma_z,single_source,rijntakken,ridge,1929,4.652506332506249,4.439414584392149,-14.84786448654326,4.426803621287199,-0.06242281412949412,False,85.50498669686564,0.9276004664856466,5.015636042242375
leenderbos_groote_heide_and_de_plateaux,ahn4_sigma_z,single_source,sallandse_heuvelrug,ridge,1929,1.0535118969573023,0.81478070055589,0.18740210732500273,-0.3698280115449597,0.2758515109096009,True,127.07611764177557,0.9276004664856466,1.13573886066346
leenderbos_groote_heide_and_de_plateaux,ahn4_sigma_z,single_source,savelsbos,ridge,1929,1.443669928815912,1.1571206020179672,-0.525923016448876,0.4008729210967561,0.17550720370248232,False,60.720060800001576,0.9276004664856466,1.5563488602862308
leenderbos_groote_heide_and_de_plateaux,ahn4_sigma_z,single_source,schoorlse_duinen,ridge,1929,1.1123619877239754,0.834332511733737,0.09408159704392816,-0.15271207529171624,0.24447271948835983,True,161.67031110102877,0.9276004664856466,1.1991822211326881
leenderbos_groote_heide_and_de_plateaux,ahn4_sigma_z,single_source,springendal_and_dal_van_de_mosbeek,ridge,1929,1.200082443536802,0.9487986520179479,-0.05443294763695605,0.11726755944446393,0.10961796045001669,False,154.46169762577549,0.9276004664856466,1.29374928850941
leenderbos_groote_heide_and_de_plateaux,ahn4_sigma_z,single_source,vecht_en_beneden_reggegebied,ridge,1929,0.9808911909197643,0.7500186474393461,0.2955689807037798,-0.3113344158160003,0.33906266236364596,True,145.76742625948555,0.9276004664856466,1.0574500836939178
leenderbos_groote_heide_and_de_plateaux,ahn4_sigma_z,single_source,veluwe,ridge,1929,1.001885969835581,0.7600757313979728,0.2650912928707616,-0.38777218506288,0.3611610698282057,True,98.90031260421897,0.9276004664856466,1.0800835122812908
leenderbos_groote_heide_and_de_plateaux,ahn4_sigma_z,single_source,voornes_duin,ridge,1929,1.8131183012704377,1.4006507101533716,-1.406850340023634,-1.027598401254913,0.11340540141582238,False,117.8438822987638,0.9276004664856466,1.9546328045087213
loonse_en_drunense_duinen_and_leemkuilen,ahn4_entropy,single_source,brabantse_wal,ridge,3046,0.23023290834276566,0.18275264782040754,0.4204423300425977,0.13846545726331752,0.6203832660798709,True,59.34298563978799,0.1797429485600765,1.28090092093829
loonse_en_drunense_duinen_and_leemkuilen,ahn4_entropy,single_source,drents_friese_wold_and_leggelderveld,ridge,3046,0.22168634348080668,0.17809538675872202,0.4626716700671635,0.08828677962649771,0.5967178088831256,True,159.7574443746692,0.1797429485600765,1.233352102303536
loonse_en_drunense_duinen_and_leemkuilen,ahn4_entropy,single_source,drentsche_aa,ridge,3046,0.2578016954384069,0.20088830884373918,0.27333641545745635,0.12077570714616394,0.5335604110979505,False,185.596102445424,0.1797429485600765,1.4342798841549014
loonse_en_drunense_duinen_and_leemkuilen,ahn4_entropy,single_source,geleenbeekdal,ridge,3046,0.5888510786557333,0.5138642918061165,-2.791166065400053,0.5054241545852936,0.12464328532244492,False,99.53917654283707,0.1797429485600765,3.2760733223363045
loonse_en_drunense_duinen_and_leemkuilen,ahn4_entropy,single_source,geuldal,ridge,3046,0.37646897317592765,0.31220978799591664,-0.5496022469577351,0.29594707781524043,0.35199812897884997,False,107.35468643407823,0.1797429485600765,2.094485353622083
loonse_en_drunense_duinen_and_leemkuilen,ahn4_entropy,single_source,kennemerland_zuid,ridge,3046,0.36471323679048373,0.3074392676250266,-0.45433652041030426,-0.2885477755814727,0.5097264219546962,False,89.08586027409162,0.1797429485600765,2.029082307329478
loonse_en_drunense_duinen_and_leemkuilen,ahn4_entropy,single_source,landgoederen_oldenzaal,ridge,3046,0.2664080900635547,0.20317612602641227,0.22400901396814754,-0.04604029675280733,0.47801067342821846,False,145.9225764567986,0.1797429485600765,1.4821615657123353
loonse_en_drunense_duinen_and_leemkuilen,ahn4_entropy,single_source,leenderbos_groote_heide_and_de_plateaux,ridge,3046,0.2968746346040748,0.24612238688319463,0.03637503398079245,-0.21050195983780065,0.5795630940876447,True,44.41500668338322,0.1797429485600765,1.6516622041773656
loonse_en_drunense_duinen_and_leemkuilen,ahn4_entropy,single_source,maasduinen,ridge,3046,0.25036294485468086,0.20569717692173017,0.3146665004160991,-0.16141619276378472,0.5882758573054411,True,69.19401320170307,0.1797429485600765,1.3928943909084737
loonse_en_drunense_duinen_and_leemkuilen,ahn4_entropy,single_source,meinweg,ridge,3046,0.20991161615617732,0.16590666167801446,0.5182354906203199,-0.09320325967206954,0.6246629012599542,True,88.16489653032832,0.1797429485600765,1.167843399909607
loonse_en_drunense_duinen_and_leemkuilen,ahn4_entropy,single_source,noordhollands_duinreservaat,ridge,3046,0.31754803075847793,0.2615036878280998,-0.10250535152039153,-0.2209992088429332,0.5158447512414589,False,106.8284405509999,0.1797429485600765,1.7666786558380179
loonse_en_drunense_duinen_and_leemkuilen,ahn4_entropy,single_source,rijntakken,ridge,3046,0.3515756815099187,0.28754363964233287,-0.3514485388911861,0.2411751318876587,0.36908237514519077,False,69.27494533614546,0.1797429485600765,1.9559915108013797
loonse_en_drunense_duinen_and_leemkuilen,ahn4_entropy,single_source,sallandse_heuvelrug,ridge,3046,0.32926588674542795,0.2870121869680696,-0.18537383110091166,-0.27208289332535995,0.5739938904035194,True,115.176424616165,0.1797429485600765,1.8318709545113285
loonse_en_drunense_duinen_and_leemkuilen,ahn4_entropy,single_source,savelsbos,ridge,3046,0.8798175094592895,0.8163566264808824,-7.463442733022552,0.816127119119389,-0.1339605266543812,False,103.59747140931992,0.1797429485600765,4.8948652311955545
loonse_en_drunense_duinen_and_leemkuilen,ahn4_entropy,single_source,schoorlse_duinen,ridge,3046,0.27380487534552267,0.20538236906409402,0.18032023835209632,0.03775693653296196,0.46149242275717917,True,119.52847438193864,0.1797429485600765,1.5233135849777568
loonse_en_drunense_duinen_and_leemkuilen,ahn4_entropy,single_source,springendal_and_dal_van_de_mosbeek,ridge,3046,0.22668740187024844,0.17821678298628585,0.4381548602538352,-0.017375053331724698,0.4892374087787298,False,147.56467304462387,0.1797429485600765,1.2611754935937385
loonse_en_drunense_duinen_and_leemkuilen,ahn4_entropy,single_source,vecht_en_beneden_reggegebied,ridge,3046,0.3801760324845036,0.3341378501017095,-0.5802701133526287,-0.32184843306658323,0.5273343724215104,True,131.51592217988488,0.1797429485600765,2.1151095802650373
loonse_en_drunense_duinen_and_leemkuilen,ahn4_entropy,single_source,veluwe,ridge,3046,0.20087565041711508,0.1610131932907167,0.5588193558492365,-0.06901810413575586,0.5772715695215922,True,77.68254671655339,0.1797429485600765,1.117571799207329
loonse_en_drunense_duinen_and_leemkuilen,ahn4_entropy,single_source,voornes_duin,ridge,3046,0.3277612363014394,0.2695502744755131,-0.1745649491343082,-0.18860966024442002,0.20814277363257222,False,78.09686270797245,0.1797429485600765,1.8234998308814874
loonse_en_drunense_duinen_and_leemkuilen,ahn4_height_cv,single_source,brabantse_wal,ridge,3046,0.16465834832332477,0.1486112463972358,-3.3463177600365483,0.14598435803703028,0.45388646889512513,True,59.34298563978799,0.061969691322348586,2.6570787236428077
loonse_en_drunense_duinen_and_leemkuilen,ahn4_height_cv,single_source,drents_friese_wold_and_leggelderveld,ridge,3046,0.06946878939993986,0.055632260022361386,0.2263697793493641,-0.0014702857531145774,0.4628378685474854,True,159.7574443746692,0.061969691322348586,1.1210123516443404
loonse_en_drunense_duinen_and_leemkuilen,ahn4_height_cv,single_source,drentsche_aa,ridge,3046,0.08134387215696011,0.06608838129787882,-0.06072706202045719,0.025682788024659897,-0.025537459843629456,False,185.596102445424,0.061969691322348586,1.312639621421262
loonse_en_drunense_duinen_and_leemkuilen,ahn4_height_cv,single_source,geleenbeekdal,ridge,3046,0.3276821232837685,0.31518884770589173,-16.21311471964664,0.31515018528479716,0.12645284684979782,False,99.53917654283707,0.061969691322348586,5.2877804664099415
loonse_en_drunense_duinen_and_leemkuilen,ahn4_height_cv,single_source,geuldal,ridge,3046,0.20328207579240123,0.1891858924357785,-5.6244852689928955,0.18757804371641235,0.272252303940694,False,107.35468643407823,0.061969691322348586,3.2803467542703433
loonse_en_drunense_duinen_and_leemkuilen,ahn4_height_cv,single_source,kennemerland_zuid,ridge,3046,0.1467079088357458,0.1270801177021247,-2.4503330525239098,-0.12346126188653751,0.34101030983948777,False,89.08586027409162,0.061969691322348586,2.3674139035583264
loonse_en_drunense_duinen_and_leemkuilen,ahn4_height_cv,single_source,landgoederen_oldenzaal,ridge,3046,0.20649184073434151,0.1905369002514044,-5.835334249249812,0.1880738614848774,0.16467575194044184,False,145.9225764567986,0.061969691322348586,3.33214247688003
loonse_en_drunense_duinen_and_leemkuilen,ahn4_height_cv,single_source,leenderbos_groote_heide_and_de_plateaux,ridge,3046,0.09369295172932565,0.0739397429187903,-0.4072388220112779,-0.05744594308866683,0.3880997251505018,True,44.41500668338322,0.061969691322348586,1.5119157402602146
loonse_en_drunense_duinen_and_leemkuilen,ahn4_height_cv,single_source,maasduinen,ridge,3046,0.07742830559412463,0.06054354768144402,0.038933418751388116,-0.031231728469539956,0.484324158101473,True,69.19401320170307,0.061969691322348586,1.2494544339645772
loonse_en_drunense_duinen_and_leemkuilen,ahn4_height_cv,single_source,meinweg,ridge,3046,0.2088381203259603,0.1930473326128416,-5.991550780244051,0.19124940199068557,0.4454494454824094,True,88.16489653032832,0.061969691322348586,3.3700042047917296
loonse_en_drunense_duinen_and_leemkuilen,ahn4_height_cv,single_source,noordhollands_duinreservaat,ridge,3046,0.07742661180530579,0.06457267781271653,0.038975466062432185,0.029399229027209404,0.35838986372060516,False,106.8284405509999,0.061969691322348586,1.2494271014285794
loonse_en_drunense_duinen_and_leemkuilen,ahn4_height_cv,single_source,rijntakken,ridge,3046,0.249166612071909,0.2354565405948255,-8.95253375677974,0.23521088073993682,0.1959818602524319,False,69.27494533614546,0.061969691322348586,4.02078188151391
loonse_en_drunense_duinen_and_leemkuilen,ahn4_height_cv,single_source,sallandse_heuvelrug,ridge,3046,0.06722176775501897,0.05266978035609983,0.2756077034611232,0.008098251650501612,0.44038204104087564,True,115.176424616165,0.061969691322348586,1.0847523413558828
loonse_en_drunense_duinen_and_leemkuilen,ahn4_height_cv,single_source,savelsbos,ridge,3046,0.11095154121844084,0.09326972738780744,-0.9734250821531105,0.0742834825795955,0.13796672526284723,False,103.59747140931992,0.061969691322348586,1.7904162317237098
loonse_en_drunense_duinen_and_leemkuilen,ahn4_height_cv,single_source,schoorlse_duinen,ridge,3046,0.08321877763768812,0.06851695039446538,-0.11018825822399192,0.03321229107119328,0.3943758673400582,True,119.52847438193864,0.061969691322348586,1.3428948226449584
loonse_en_drunense_duinen_and_leemkuilen,ahn4_height_cv,single_source,springendal_and_dal_van_de_mosbeek,ridge,3046,0.08974656177591628,0.07363607293176325,-0.29118836586224406,0.04534287072474045,0.07836147051192446,False,147.56467304462387,0.061969691322348586,1.4482331581914838
loonse_en_drunense_duinen_and_leemkuilen,ahn4_height_cv,single_source,vecht_en_beneden_reggegebied,ridge,3046,0.08476554812240907,0.06824879543214196,-0.15184148031486355,0.01416141122132634,0.2897966564982761,True,131.51592217988488,0.061969691322348586,1.3678549354309828
loonse_en_drunense_duinen_and_leemkuilen,ahn4_height_cv,single_source,veluwe,ridge,3046,0.07743193979408758,0.05964445310057125,0.038843198771120746,-0.04073785177145412,0.4911394888391718,True,77.68254671655339,0.061969691322348586,1.2495130787614999
loonse_en_drunense_duinen_and_leemkuilen,ahn4_height_cv,single_source,voornes_duin,ridge,3046,0.09211516125606176,0.07370764981292188,-0.3602420567113527,0.022303861776815082,0.2436089661529896,False,78.09686270797245,0.061969691322348586,1.4864550603762905
loonse_en_drunense_duinen_and_leemkuilen,ahn4_height_sd_m,single_source,brabantse_wal,ridge,3046,0.8054543315963745,0.6394926744664103,0.33865989997505475,0.12381340167160375,0.3843636710299598,True,59.34298563978799,0.7310811426388751,1.1017304162559103
loonse_en_drunense_duinen_and_leemkuilen,ahn4_height_sd_m,single_source,drents_friese_wold_and_leggelderveld,ridge,3046,0.812904831500832,0.6540839484639805,0.3263684437582679,0.07787618664373556,0.32299099232691464,True,159.7574443746692,0.7310811426388751,1.1119214873558496
loonse_en_drunense_duinen_and_leemkuilen,ahn4_height_sd_m,single_source,drentsche_aa,ridge,3046,1.5937340095146564,1.3945959574897229,-1.589254231336878,1.302548500721586,0.13530436632703846,False,185.596102445424,0.7310811426388751,2.179968701917261
loonse_en_drunense_duinen_and_leemkuilen,ahn4_height_sd_m,single_source,geleenbeekdal,ridge,3046,5.71151926228809,5.540512293511911,-32.25418476857126,5.540512293511911,-0.05578257869187165,False,99.53917654283707,0.7310811426388751,7.812428647348318
loonse_en_drunense_duinen_and_leemkuilen,ahn4_height_sd_m,single_source,geuldal,ridge,3046,1.9443704970140094,1.7421541634839557,-2.85390548164045,1.6763756665417728,0.1189350113333658,False,107.35468643407823,0.7310811426388751,2.6595823412921082
loonse_en_drunense_duinen_and_leemkuilen,ahn4_height_sd_m,single_source,kennemerland_zuid,ridge,3046,1.8071861336636048,1.5723570076085223,-2.3292682198663237,-1.5459793605966756,0.33021746632197346,False,89.08586027409162,0.7310811426388751,2.471936462675638
loonse_en_drunense_duinen_and_leemkuilen,ahn4_height_sd_m,single_source,landgoederen_oldenzaal,ridge,3046,2.6969281922671926,2.5062328125696074,-6.414498476437318,2.449837663431963,0.07137272660337446,False,145.9225764567986,0.7310811426388751,3.6889587693815917
loonse_en_drunense_duinen_and_leemkuilen,ahn4_height_sd_m,single_source,leenderbos_groote_heide_and_de_plateaux,ridge,3046,0.8193003037887744,0.6587927470959793,0.3157272494067037,-0.36578068355825205,0.33712073434214856,True,44.41500668338322,0.7310811426388751,1.1206694524105323
loonse_en_drunense_duinen_and_leemkuilen,ahn4_height_sd_m,single_source,maasduinen,ridge,3046,0.7673294778478218,0.6039436459134505,0.39978509109518556,-0.035633304730817675,0.4003504791123486,True,69.19401320170307,0.7310811426388751,1.0495818221738102
loonse_en_drunense_duinen_and_leemkuilen,ahn4_height_sd_m,single_source,meinweg,ridge,3046,1.3332300634768703,1.1240001746016712,-0.8119792090887052,0.9097324266536737,0.29251577759832936,True,88.16489653032832,0.7310811426388751,1.8236417077651703
loonse_en_drunense_duinen_and_leemkuilen,ahn4_height_sd_m,single_source,noordhollands_duinreservaat,ridge,3046,1.0604809954918786,0.82608493332811,-0.1464333045021624,-0.6571800695704959,0.2534371034527623,False,106.8284405509999,0.7310811426388751,1.450565380012426
loonse_en_drunense_duinen_and_leemkuilen,ahn4_height_sd_m,single_source,rijntakken,ridge,3046,4.387842640169971,4.2260461316872995,-18.626601396463897,4.2197770813699655,-0.12016145931456343,False,69.27494533614546,0.7310811426388751,6.001854492282248
loonse_en_drunense_duinen_and_leemkuilen,ahn4_height_sd_m,single_source,sallandse_heuvelrug,ridge,3046,0.724392739556407,0.5728265205253168,0.4650770986103683,0.08581666739463074,0.346978202711318,True,115.176424616165,0.7310811426388751,0.9908513533007759
loonse_en_drunense_duinen_and_leemkuilen,ahn4_height_sd_m,single_source,savelsbos,ridge,3046,1.892277106041821,1.6833395803987485,-2.650164894564753,1.5861784799245662,0.1794131291948974,False,103.59747140931992,0.7310811426388751,2.588327062043413
loonse_en_drunense_duinen_and_leemkuilen,ahn4_height_sd_m,single_source,schoorlse_duinen,ridge,3046,1.1370417717492902,0.8766079416742631,-0.31794065003120986,0.4913108732531775,0.2672494113329965,True,119.52847438193864,0.7310811426388751,1.5552880596059135
loonse_en_drunense_duinen_and_leemkuilen,ahn4_height_sd_m,single_source,springendal_and_dal_van_de_mosbeek,ridge,3046,0.8339452592507441,0.6570143196068398,0.2910459264424913,0.010719477098335397,0.19428553390411474,False,147.56467304462387,0.7310811426388751,1.140701367621897
loonse_en_drunense_duinen_and_leemkuilen,ahn4_height_sd_m,single_source,vecht_en_beneden_reggegebied,ridge,3046,1.223151177876833,0.9836093850558346,-0.5251174480509402,-0.8466997928230032,0.2800937771871232,True,131.51592217988488,0.7310811426388751,1.6730717105652673
loonse_en_drunense_duinen_and_leemkuilen,ahn4_height_sd_m,single_source,veluwe,ridge,3046,0.7676729567896232,0.6032010735954003,0.3992476236067576,-0.2402158913036602,0.3702536500183898,True,77.68254671655339,0.7310811426388751,1.0500516454557534
loonse_en_drunense_duinen_and_leemkuilen,ahn4_height_sd_m,single_source,voornes_duin,ridge,3046,1.13893531414638,0.8940802601457347,-0.32233390018410324,-0.5307679849405106,0.02597954815701989,False,78.09686270797245,0.7310811426388751,1.5578781173801504
loonse_en_drunense_duinen_and_leemkuilen,ahn4_p95_height_m,single_source,brabantse_wal,ridge,3046,2.0762690909225525,1.640088838946404,0.33548205998056246,-1.1140602758378082,0.4096321147866671,True,59.34298563978799,1.8225888635399223,1.139186753775023
loonse_en_drunense_duinen_and_leemkuilen,ahn4_p95_height_m,single_source,drents_friese_wold_and_leggelderveld,ridge,3046,1.8934086971623874,1.4710200138590805,0.4473780029443353,-0.19695683843270162,0.27285425461611384,True,159.7574443746692,1.8225888635399223,1.0388567246509535
loonse_en_drunense_duinen_and_leemkuilen,ahn4_p95_height_m,single_source,drentsche_aa,ridge,3046,3.670040379127376,3.2490629602553205,-1.076257038503646,2.947455270548929,0.3262945425316554,False,185.596102445424,1.8225888635399223,2.0136413935939683
loonse_en_drunense_duinen_and_leemkuilen,ahn4_p95_height_m,single_source,geleenbeekdal,ridge,3046,9.973856643211208,9.51943137104322,-14.334360748376188,9.518112078502098,0.2435575936638039,False,99.53917654283707,1.8225888635399223,5.472356845108496
loonse_en_drunense_duinen_and_leemkuilen,ahn4_p95_height_m,single_source,geuldal,ridge,3046,2.4667615455271172,1.92705342781241,0.062019582095464876,0.05765808835230914,0.2460787931775733,False,107.35468643407823,1.8225888635399223,1.3534382848889195
loonse_en_drunense_duinen_and_leemkuilen,ahn4_p95_height_m,single_source,kennemerland_zuid,ridge,3046,4.832527427682289,4.299764451623297,-2.5998805288212297,-4.268994823825213,0.2680227794552054,False,89.08586027409162,1.8225888635399223,2.651463269832734
loonse_en_drunense_duinen_and_leemkuilen,ahn4_p95_height_m,single_source,landgoederen_oldenzaal,ridge,3046,4.610136274163396,4.06239532921729,-2.276173996997036,3.6046687147421093,0.09868351217569236,False,145.9225764567986,1.8225888635399223,2.5294438951027938
loonse_en_drunense_duinen_and_leemkuilen,ahn4_p95_height_m,single_source,leenderbos_groote_heide_and_de_plateaux,ridge,3046,1.6910718153555981,1.3448704107834946,0.5591777212016606,0.04170325971983305,0.3801559019461934,True,44.41500668338322,1.8225888635399223,0.9278405290324856
loonse_en_drunense_duinen_and_leemkuilen,ahn4_p95_height_m,single_source,maasduinen,ridge,3046,2.0206480443097754,1.626116104596199,0.37060863199227156,0.8148178750818568,0.3263045399546234,True,69.19401320170307,1.8225888635399223,1.1086691489956615
loonse_en_drunense_duinen_and_leemkuilen,ahn4_p95_height_m,single_source,meinweg,ridge,3046,2.434598177691341,1.8608337045391887,0.08632021181044602,-0.5471509329757523,0.1557106825652042,True,88.16489653032832,1.8225888635399223,1.3357912068894924
loonse_en_drunense_duinen_and_leemkuilen,ahn4_p95_height_m,single_source,noordhollands_duinreservaat,ridge,3046,3.9577099958483206,3.396606974010243,-1.41450088097436,-3.3177563256385834,0.23546463898447834,False,106.8284405509999,1.8225888635399223,2.1714771087547744
loonse_en_drunense_duinen_and_leemkuilen,ahn4_p95_height_m,single_source,rijntakken,ridge,3046,8.677639997755964,8.288272696085318,-10.607606860735634,8.228161915849807,0.13214451593943077,False,69.27494533614546,1.8225888635399223,4.761161538593965
loonse_en_drunense_duinen_and_leemkuilen,ahn4_p95_height_m,single_source,sallandse_heuvelrug,ridge,3046,1.8342145312947649,1.4615988325123832,0.48139142648944944,-0.4341457102876237,0.37969501128025357,True,115.176424616165,1.8225888635399223,1.0063786562002044
loonse_en_drunense_duinen_and_leemkuilen,ahn4_p95_height_m,single_source,savelsbos,ridge,3046,4.788053091424731,4.028340751927254,-2.5339251549189776,3.591967303778871,-0.050700468488852526,False,103.59747140931992,1.8225888635399223,2.627061531652913
loonse_en_drunense_duinen_and_leemkuilen,ahn4_p95_height_m,single_source,schoorlse_duinen,ridge,3046,2.8153717739300896,2.045273270381333,-0.2218304296181861,0.5859412102184582,0.0789003545859677,True,119.52847438193864,1.8225888635399223,1.5447102910866772
loonse_en_drunense_duinen_and_leemkuilen,ahn4_p95_height_m,single_source,springendal_and_dal_van_de_mosbeek,ridge,3046,2.6045183608896925,2.086673470405782,-0.04566911158050946,0.541842987825585,0.1993124539169383,False,147.56467304462387,1.8225888635399223,1.4290213294901122
loonse_en_drunense_duinen_and_leemkuilen,ahn4_p95_height_m,single_source,vecht_en_beneden_reggegebied,ridge,3046,4.277868402344697,3.7765518708213115,-1.82094275779443,-3.741011765126826,0.2639721299601327,True,131.51592217988488,1.8225888635399223,2.347138451200678
loonse_en_drunense_duinen_and_leemkuilen,ahn4_p95_height_m,single_source,veluwe,ridge,3046,1.7976079348410432,1.4442741586746188,0.5018852690306097,0.1269245695247223,0.42078796108410293,True,77.68254671655339,1.8225888635399223,0.9862937115448187
loonse_en_drunense_duinen_and_leemkuilen,ahn4_p95_height_m,single_source,voornes_duin,ridge,3046,3.973610838032078,3.2390710496487576,-1.4339412756630665,-2.7963361337939667,0.16667704830060628,False,78.09686270797245,1.8225888635399223,2.180201425303529
loonse_en_drunense_duinen_and_leemkuilen,ahn4_pulse_penetration,single_source,brabantse_wal,ridge,3046,0.0588035475645463,0.0495497190008303,-0.0739253565361695,-0.04631551146020001,0.6738413326006721,True,59.34298563978799,0.03045536459465095,1.9308108225660285
loonse_en_drunense_duinen_and_leemkuilen,ahn4_pulse_penetration,single_source,drents_friese_wold_and_leggelderveld,ridge,3046,0.048239551654276354,0.04042978024586743,0.27727418547330007,0.031591020415081945,0.6952421892035059,True,159.7574443746692,0.03045536459465095,1.5839426746757432
loonse_en_drunense_duinen_and_leemkuilen,ahn4_pulse_penetration,single_source,drentsche_aa,ridge,3046,0.039760449247949366,0.03153517621879931,0.5090134364084433,-0.00339529671832476,0.6721413544007878,False,185.596102445424,0.03045536459465095,1.3055318751604348
loonse_en_drunense_duinen_and_leemkuilen,ahn4_pulse_penetration,single_source,geleenbeekdal,ridge,3046,0.14137784900288547,0.13327430502515686,-5.207686574630638,-0.13031305424320563,0.27444135518900264,False,99.53917654283707,0.03045536459465095,4.642132868365545
loonse_en_drunense_duinen_and_leemkuilen,ahn4_pulse_penetration,single_source,geuldal,ridge,3046,0.04520125620954126,0.03624740037279586,0.3654467817240309,-0.008852911457045821,0.5076349302887093,False,107.35468643407823,0.03045536459465095,1.4841804329435024
loonse_en_drunense_duinen_and_leemkuilen,ahn4_pulse_penetration,single_source,kennemerland_zuid,ridge,3046,0.06585233356773369,0.0527136010949728,-0.3468194528905646,0.049364830845345126,0.6154755019465863,False,89.08586027409162,0.03045536459465095,2.1622572720505113
loonse_en_drunense_duinen_and_leemkuilen,ahn4_pulse_penetration,single_source,landgoederen_oldenzaal,ridge,3046,0.037131850732606365,0.028273503822523187,0.5717866195385984,-0.0007911256000262965,0.6370076723035045,False,145.9225764567986,0.03045536459465095,1.2192220065928236
loonse_en_drunense_duinen_and_leemkuilen,ahn4_pulse_penetration,single_source,leenderbos_groote_heide_and_de_plateaux,ridge,3046,0.06372417348035388,0.05642070008836511,-0.2611753224370459,0.0539202819977756,0.6917522104295798,True,44.41500668338322,0.03045536459465095,2.0923792681026097
loonse_en_drunense_duinen_and_leemkuilen,ahn4_pulse_penetration,single_source,maasduinen,ridge,3046,0.07740611774696511,0.06888406418368029,-0.8608767690521084,0.06754731536880192,0.6300547824965579,True,69.19401320170307,0.03045536459465095,2.5416250561177125
loonse_en_drunense_duinen_and_leemkuilen,ahn4_pulse_penetration,single_source,meinweg,ridge,3046,0.04590817888290821,0.03744942802393043,0.3454434513966488,-0.029516852741053406,0.7070399526278126,True,88.16489653032832,0.03045536459465095,1.5073921949032036
loonse_en_drunense_duinen_and_leemkuilen,ahn4_pulse_penetration,single_source,noordhollands_duinreservaat,ridge,3046,0.05064375958531595,0.04078531113145789,0.20343922135861647,0.024854476906609278,0.6119795739124387,False,106.8284405509999,0.03045536459465095,1.662884692380626
loonse_en_drunense_duinen_and_leemkuilen,ahn4_pulse_penetration,single_source,rijntakken,ridge,3046,0.08053465154650744,0.06947516295513657,-1.0143392242547562,-0.05974058571535095,0.33876385459815367,False,69.27494533614546,0.03045536459465095,2.6443502686108773
loonse_en_drunense_duinen_and_leemkuilen,ahn4_pulse_penetration,single_source,sallandse_heuvelrug,ridge,3046,0.04020412780105575,0.03269631571744147,0.49799466630014033,0.017997068775555375,0.6738378877743002,True,115.176424616165,0.03045536459465095,1.3201000328236763
loonse_en_drunense_duinen_and_leemkuilen,ahn4_pulse_penetration,single_source,savelsbos,ridge,3046,0.0637467672448909,0.048495293062316626,-0.26206979460345825,0.02095203227839098,-0.07004455751449193,False,103.59747140931992,0.03045536459465095,2.0931211329542614
loonse_en_drunense_duinen_and_leemkuilen,ahn4_pulse_penetration,single_source,schoorlse_duinen,ridge,3046,0.04194048899302654,0.032622960795439415,0.45369645193593566,0.005213515008750692,0.6730690385260534,True,119.52847438193864,0.03045536459465095,1.3771133444382666
loonse_en_drunense_duinen_and_leemkuilen,ahn4_pulse_penetration,single_source,springendal_and_dal_van_de_mosbeek,ridge,3046,0.08006327856710423,0.06852325557297459,-0.9908281935303291,0.06664144955721439,0.5434397025006159,False,147.56467304462387,0.03045536459465095,2.62887276618472
loonse_en_drunense_duinen_and_leemkuilen,ahn4_pulse_penetration,single_source,vecht_en_beneden_reggegebied,ridge,3046,0.044412435923201946,0.03623998375888398,0.3874010761196045,0.025928513533554028,0.6942934366013622,True,131.51592217988488,0.03045536459465095,1.4582795679616443
loonse_en_drunense_duinen_and_leemkuilen,ahn4_pulse_penetration,single_source,veluwe,ridge,3046,0.041079340250451665,0.033660597598533966,0.4759002387719754,0.028726834729646517,0.730812099056084,True,77.68254671655339,0.03045536459465095,1.3488375790998302
loonse_en_drunense_duinen_and_leemkuilen,ahn4_pulse_penetration,single_source,voornes_duin,ridge,3046,0.06208785442347121,0.05074357700754051,-0.1972375954838128,-0.03747271710581171,0.5243697801807912,False,78.09686270797245,0.03045536459465095,2.038650833763982
loonse_en_drunense_duinen_and_leemkuilen,ahn4_sigma_z,single_source,brabantse_wal,ridge,3046,0.7586752217575183,0.603524713534657,0.20559354375990846,0.2659460104507079,0.4125880972848331,True,59.34298563978799,0.6556771095562433,1.1570866371574011
loonse_en_drunense_duinen_and_leemkuilen,ahn4_sigma_z,single_source,drents_friese_wold_and_leggelderveld,ridge,3046,0.8034654770055458,0.6534685857987576,0.10902522973491469,0.3914528257177411,0.3094686181314482,True,159.7574443746692,0.6556771095562433,1.2253980889302731
loonse_en_drunense_duinen_and_leemkuilen,ahn4_sigma_z,single_source,drentsche_aa,ridge,3046,1.7163765826560384,1.5658484606826433,-3.065894688608866,1.5212809315788194,0.1492702654044284,False,185.596102445424,0.6556771095562433,2.6177161862759974
loonse_en_drunense_duinen_and_leemkuilen,ahn4_sigma_z,single_source,geleenbeekdal,ridge,3046,6.177316597397265,6.019532820303538,-51.666042453743074,6.019532820303538,-0.11434114936989884,False,99.53917654283707,0.6556771095562433,9.421278411836004
loonse_en_drunense_duinen_and_leemkuilen,ahn4_sigma_z,single_source,geuldal,ridge,3046,2.4272879934526026,2.253919453169156,-7.131554550695693,2.2345139348586165,0.08347868685178961,False,107.35468643407823,0.6556771095562433,3.7019562801199064
loonse_en_drunense_duinen_and_leemkuilen,ahn4_sigma_z,single_source,kennemerland_zuid,ridge,3046,1.3616739672609761,1.1454513809821958,-1.5590409391744866,-1.0916580885968097,0.4014560052006847,False,89.08586027409162,0.6556771095562433,2.076744707745777
loonse_en_drunense_duinen_and_leemkuilen,ahn4_sigma_z,single_source,landgoederen_oldenzaal,ridge,3046,2.417780733573836,2.2556260249515736,-7.06797956490613,2.213549500601495,0.18366244559569836,False,145.9225764567986,0.6556771095562433,3.6874563688980535
loonse_en_drunense_duinen_and_leemkuilen,ahn4_sigma_z,single_source,leenderbos_groote_heide_and_de_plateaux,ridge,3046,0.7515418839539734,0.5948602558306016,0.2204619062398646,-0.393693051914449,0.370532963965103,True,44.41500668338322,0.6556771095562433,1.1462072916692343
loonse_en_drunense_duinen_and_leemkuilen,ahn4_sigma_z,single_source,maasduinen,ridge,3046,0.7600795238388567,0.5750643034898025,0.20264994133529113,-0.25342754189150607,0.4138915176579866,True,69.19401320170307,0.6556771095562433,1.159228395746913
loonse_en_drunense_duinen_and_leemkuilen,ahn4_sigma_z,single_source,meinweg,ridge,3046,1.3812533654538524,1.206319221232154,-1.6331625084586898,1.0769401305838986,0.28285281351561886,True,88.16489653032832,0.6556771095562433,2.106606049414586
loonse_en_drunense_duinen_and_leemkuilen,ahn4_sigma_z,single_source,noordhollands_duinreservaat,ridge,3046,0.7406406156711933,0.5602462824821787,0.24291260872166098,-0.25163678570096143,0.3282239046215611,False,106.8284405509999,0.6556771095562433,1.1295813211665306
loonse_en_drunense_duinen_and_leemkuilen,ahn4_sigma_z,single_source,rijntakken,ridge,3046,4.50799576173901,4.376044250289603,-27.04774579439873,4.376026571322288,-0.14898133450441012,False,69.27494533614546,0.6556771095562433,6.875328871538589
loonse_en_drunense_duinen_and_leemkuilen,ahn4_sigma_z,single_source,sallandse_heuvelrug,ridge,3046,0.7765554026014445,0.6284398736954089,0.16770774077359396,0.3793523106647067,0.3809554786543291,True,115.176424616165,0.6556771095562433,1.1843564328896745
loonse_en_drunense_duinen_and_leemkuilen,ahn4_sigma_z,single_source,savelsbos,ridge,3046,2.4069903239534813,2.25082766740306,-6.99612644896906,2.2218070736261937,0.16251083407161948,False,103.59747140931992,0.6556771095562433,3.6709994734794265
loonse_en_drunense_duinen_and_leemkuilen,ahn4_sigma_z,single_source,schoorlse_duinen,ridge,3046,0.9901342989261435,0.7910808564343409,-0.3530666024464202,0.5337483819300454,0.3258824372170388,True,119.52847438193864,0.6556771095562433,1.5100943505504685
loonse_en_drunense_duinen_and_leemkuilen,ahn4_sigma_z,single_source,springendal_and_dal_van_de_mosbeek,ridge,3046,0.8805356012356526,0.6997682824903656,-0.07010108406874571,0.4215724755632743,0.1327053907525451,False,147.56467304462387,0.6556771095562433,1.3429408902677595
loonse_en_drunense_duinen_and_leemkuilen,ahn4_sigma_z,single_source,vecht_en_beneden_reggegebied,ridge,3046,0.8781801634906191,0.6778863286415815,-0.06438368836228392,-0.37921094571687364,0.25833700550618016,True,131.51592217988488,0.6556771095562433,1.3393485157427016
loonse_en_drunense_duinen_and_leemkuilen,ahn4_sigma_z,single_source,veluwe,ridge,3046,0.64987778474567,0.510784596334767,0.41709960809874425,-0.019664596525543414,0.38304880539800923,True,77.68254671655339,0.6556771095562433,0.9911552123353854
loonse_en_drunense_duinen_and_leemkuilen,ahn4_sigma_z,single_source,voornes_duin,ridge,3046,0.9621393117198775,0.7542738710730426,-0.2776352452698303,-0.3621422970644737,0.09928086837044975,False,78.09686270797245,0.6556771095562433,1.4673980495842616
maasduinen,ahn4_entropy,single_source,brabantse_wal,ridge,3220,0.2425727959695145,0.19824596434652564,0.002333879180868026,0.1630063127348492,0.5843442977403355,True,122.7687336179703,0.15794591610452527,1.5357965685480905
maasduinen,ahn4_entropy,single_source,drents_friese_wold_and_leggelderveld,ridge,3220,0.255792774282579,0.20258444610503892,-0.10937297211381813,0.14647197244093974,0.4075564561940233,True,149.51913350383418,0.15794591610452527,1.619495967931838
maasduinen,ahn4_entropy,single_source,drentsche_aa,ridge,3220,0.26325176591656996,0.20869349880853053,-0.17501557348985242,0.13534461464663003,0.34490720323934176,False,168.78849013123448,0.15794591610452527,1.6667209409982813
maasduinen,ahn4_entropy,single_source,geleenbeekdal,ridge,3220,0.5291984749071351,0.4694772924403516,-3.748300592324587,0.45963318948846393,0.23691592004532555,False,73.69396600909198,0.15794591610452527,3.350504324258202
maasduinen,ahn4_entropy,single_source,geuldal,ridge,3220,0.3951432818921147,0.3395326390364438,-1.6473431693520912,0.32857475371605716,0.3869882233194328,False,84.28068449377152,0.15794591610452527,2.5017632088101425
maasduinen,ahn4_entropy,single_source,kennemerland_zuid,ridge,3220,0.3748368284189417,0.31022362198266107,-1.3822401807743385,-0.2766638995424038,0.35729752477370513,False,139.3405768525379,0.15794591610452527,2.3731973428859194
maasduinen,ahn4_entropy,single_source,landgoederen_oldenzaal,ridge,3220,0.21435694146085085,0.16227978979261207,0.22093061217669296,-0.010684120506530927,0.42091190880887075,False,102.43386264894268,0.15794591610452527,1.3571540610077817
maasduinen,ahn4_entropy,single_source,leenderbos_groote_heide_and_de_plateaux,ridge,3220,0.20040443532312838,0.1591657508898734,0.31904926260604083,0.08349883278875739,0.5753378167907327,True,49.055265379331594,0.15794591610452527,1.2688168220221976
maasduinen,ahn4_entropy,single_source,loonse_en_drunense_duinen_and_leemkuilen,ridge,3220,0.28265503735808095,0.2324689765314498,-0.3546106813357772,0.21374099512418218,0.5073923787656632,True,69.19401320170307,0.15794591610452527,1.7895685075581558
maasduinen,ahn4_entropy,single_source,meinweg,ridge,3220,0.1818068292238126,0.1416892105303671,0.43956993997744387,0.05379660223945672,0.6151919411633499,True,44.05820623020335,0.15794591610452527,1.1510701492496753
maasduinen,ahn4_entropy,single_source,noordhollands_duinreservaat,ridge,3220,0.4570021278182533,0.40245495132392967,-2.5410942061610866,-0.39201218148332373,0.3767459090461622,False,151.0449336869765,0.15794591610452527,2.8934089534535286
maasduinen,ahn4_entropy,single_source,rijntakken,ridge,3220,0.46024308455958185,0.4121225825000841,-2.591497593539186,0.3973718343207232,0.2545870259474813,False,58.66429245901174,0.15794591610452527,2.913928361750124
maasduinen,ahn4_entropy,single_source,sallandse_heuvelrug,ridge,3220,0.1810939090839434,0.14463228942275494,0.4439565575272756,-0.048228319211574465,0.5516019547270792,True,88.61214430143724,0.15794591610452527,1.1465564514127689
maasduinen,ahn4_entropy,single_source,savelsbos,ridge,3220,0.6990119528906736,0.6512865288347912,-7.284575127584215,0.6506038553294687,0.11321101089687215,False,87.08174684375118,0.15794591610452527,4.4256411949776675
maasduinen,ahn4_entropy,single_source,schoorlse_duinen,ridge,3220,0.29482879969670445,0.22423906589201564,-0.4738077811988408,-0.14465443776907627,0.2725585205069804,True,160.28967722080034,0.15794591610452527,1.8666440194730516
maasduinen,ahn4_entropy,single_source,springendal_and_dal_van_de_mosbeek,ridge,3220,0.24722618128317062,0.1940754655547372,-0.03631064151962704,0.12845829651725307,0.3943796772972501,False,110.77748327548385,0.15794591610452527,1.565258459228294
maasduinen,ahn4_entropy,single_source,vecht_en_beneden_reggegebied,ridge,3220,0.18931763994210207,0.148163919187338,0.3923084462995001,0.05526930173537239,0.5424695720819619,True,107.73905963157961,0.15794591610452527,1.1986232035073048
maasduinen,ahn4_entropy,single_source,veluwe,ridge,3220,0.1893272504536954,0.14709332599072536,0.392246747083724,-0.021477058259644542,0.5305090746697626,True,73.80588307641666,0.15794591610452527,1.198684050358115
maasduinen,ahn4_entropy,single_source,voornes_duin,ridge,3220,0.3363640080399103,0.26332792468026506,-0.9183156682824953,-0.20290231356321647,0.17503057460361016,False,146.50634316344045,0.15794591610452527,2.12961510076216
maasduinen,ahn4_height_cv,single_source,brabantse_wal,ridge,3220,0.15856792038556553,0.13942714052635766,-3.066337779650241,0.13301592877640453,0.30688270158230574,True,122.7687336179703,0.0710840585273205,2.2307100026459716
maasduinen,ahn4_height_cv,single_source,drents_friese_wold_and_leggelderveld,ridge,3220,0.11119760566146458,0.09290903229960551,-0.9996945479024237,0.0753391085579843,0.09974470788218613,True,149.51913350383418,0.0710840585273205,1.5643114358576868
maasduinen,ahn4_height_cv,single_source,drentsche_aa,ridge,3220,0.09262150811960371,0.07303676098827584,-0.38738337757101027,-0.028958241742163077,-0.011142212791430142,False,168.78849013123448,0.0710840585273205,1.3029856488006448
maasduinen,ahn4_height_cv,single_source,geleenbeekdal,ridge,3220,0.3132101545109447,0.29767198274982626,-14.86516006418943,0.2971029158212242,0.0600294555248165,False,73.69396600909198,0.0710840585273205,4.406194032809273
maasduinen,ahn4_height_cv,single_source,geuldal,ridge,3220,0.17407898789725537,0.1540730653873202,-3.900783266281498,0.14795934915659933,0.1605741777968384,False,84.28068449377152,0.0710840585273205,2.4489174015064115
maasduinen,ahn4_height_cv,single_source,kennemerland_zuid,ridge,3220,0.14920205050251026,0.1271071927335507,-2.600164739185758,-0.12308963014587501,0.28446553546560216,False,139.3405768525379,0.0710840585273205,2.098952333245939
maasduinen,ahn4_height_cv,single_source,landgoederen_oldenzaal,ridge,3220,0.16413242677660014,0.1429401090678431,-3.3567392886254144,0.12979404469640976,0.20957273176841093,False,102.43386264894268,0.0710840585273205,2.308990653840022
maasduinen,ahn4_height_cv,single_source,leenderbos_groote_heide_and_de_plateaux,ridge,3220,0.08710994676254119,0.06943481124415912,-0.22718005208370595,-0.01006600376815736,0.3545077130118887,True,49.055265379331594,0.0710840585273205,1.2254498204975353
maasduinen,ahn4_height_cv,single_source,loonse_en_drunense_duinen_and_leemkuilen,ridge,3220,0.14290548123427152,0.12693360890937128,-2.3027109326960056,0.12118333915446201,0.27850811391840524,True,69.19401320170307,0.0710840585273205,2.0103731299943592
maasduinen,ahn4_height_cv,single_source,meinweg,ridge,3220,0.11739395106996214,0.09742823299630325,-1.228764747791844,0.07922165892272036,0.3459370757257719,True,44.05820623020335,0.0710840585273205,1.651480704704598
maasduinen,ahn4_height_cv,single_source,noordhollands_duinreservaat,ridge,3220,0.08718916406172351,0.06675083901549998,-0.22941304833350706,-0.03495488699809944,0.23108213403224975,False,151.0449336869765,0.0710840585273205,1.2265642377216428
maasduinen,ahn4_height_cv,single_source,rijntakken,ridge,3220,0.332511775300276,0.3212307868508598,-16.880796060117937,0.3210080418510597,0.016500382420653773,False,58.66429245901174,0.0710840585273205,4.677726373381989
maasduinen,ahn4_height_cv,single_source,sallandse_heuvelrug,ridge,3220,0.09314828466322055,0.07339470480183706,-0.4032094925125027,0.042683440415031956,0.29922260346172874,True,88.61214430143724,0.0710840585273205,1.3103962631427393
maasduinen,ahn4_height_cv,single_source,savelsbos,ridge,3220,0.09801357435899871,0.0804472419186109,-0.553621580675066,0.047875801910086245,0.2130291872639013,False,87.08174684375118,0.0710840585273205,1.3788404374987693
maasduinen,ahn4_height_cv,single_source,schoorlse_duinen,ridge,3220,0.09275181391532306,0.07566640206710641,-0.3912898409379868,0.04789106100901638,0.30729784151241224,True,160.28967722080034,0.0710840585273205,1.3048187714222135
maasduinen,ahn4_height_cv,single_source,springendal_and_dal_van_de_mosbeek,ridge,3220,0.08530844409723444,0.06746371623847747,-0.17694680092714554,-0.003057518279696415,0.1335336586144658,False,110.77748327548385,0.0710840585273205,1.2001065480025586
maasduinen,ahn4_height_cv,single_source,vecht_en_beneden_reggegebied,ridge,3220,0.07878088994338037,0.061450424442591065,-0.0037245704459076823,0.002724652841943398,0.40864624945847705,True,107.73905963157961,0.0710840585273205,1.1082778836143925
maasduinen,ahn4_height_cv,single_source,veluwe,ridge,3220,0.07543038455492636,0.058446968812886205,0.07983558471065044,-0.027610583168674315,0.45137826439539047,True,73.80588307641666,0.0710840585273205,1.0611434703877436
maasduinen,ahn4_height_cv,single_source,voornes_duin,ridge,3220,0.10052209333949741,0.07640633039430983,-0.6341647514676685,-0.010705468258820735,0.14159632125880534,False,146.50634316344045,0.0710840585273205,1.4141299107290375
maasduinen,ahn4_height_sd_m,single_source,brabantse_wal,ridge,3220,0.8269091633475145,0.6545145847026811,0.23313350458029192,0.07951488784963814,0.3473316656283516,True,122.7687336179703,0.7608823851701574,1.086776589213051
maasduinen,ahn4_height_sd_m,single_source,drents_friese_wold_and_leggelderveld,ridge,3220,0.9576867922554048,0.7704277389077129,-0.028610967327744596,0.3447702528890977,0.18632170232648806,True,149.51913350383418,0.7608823851701574,1.258652862677634
maasduinen,ahn4_height_sd_m,single_source,drentsche_aa,ridge,3220,1.0939069845216212,0.8796917533090668,-0.34203840811190145,0.3714533673487839,0.0643456791762178,False,168.78849013123448,0.7608823851701574,1.437682098892313
maasduinen,ahn4_height_sd_m,single_source,geleenbeekdal,ridge,3220,4.261746537218199,4.041184477576241,-19.3694540263068,4.038622874701014,0.07455317407305136,False,73.69396600909198,0.7608823851701574,5.601058219090113
maasduinen,ahn4_height_sd_m,single_source,geuldal,ridge,3220,2.260356793263553,2.0078469395052285,-4.7300465345106675,1.9595315913715037,0.12276836106515164,False,84.28068449377152,0.7608823851701574,2.970704588933368
maasduinen,ahn4_height_sd_m,single_source,kennemerland_zuid,ridge,3220,1.5124138824465434,1.2514666513270256,-1.5653431417996817,-1.1506159076559868,0.2684285247178188,False,139.3405768525379,0.7608823851701574,1.9877104686926348
maasduinen,ahn4_height_sd_m,single_source,landgoederen_oldenzaal,ridge,3220,1.5976413187369873,1.3790464181404405,-1.86261354818549,1.1747184818357796,0.11860879147756329,False,102.43386264894268,0.7608823851701574,2.0997217833866717
maasduinen,ahn4_height_sd_m,single_source,leenderbos_groote_heide_and_de_plateaux,ridge,3220,0.8087419073113352,0.6435740573765978,0.2664595785360321,-0.11257485315264487,0.2998677787825407,True,49.055265379331594,0.7608823851701574,1.0629000264350645
maasduinen,ahn4_height_sd_m,single_source,loonse_en_drunense_duinen_and_leemkuilen,ridge,3220,1.0437159790972952,0.8552452648105592,-0.22171194354851687,0.6408799924748536,0.347266734180297,True,69.19401320170307,0.7608823851701574,1.3717178889137869
maasduinen,ahn4_height_sd_m,single_source,meinweg,ridge,3220,2.0527696769082784,1.8740237911427204,-3.725900809979529,1.8475176159455327,0.3478497192243338,True,44.05820623020335,0.7608823851701574,2.69788040427459
maasduinen,ahn4_height_sd_m,single_source,noordhollands_duinreservaat,ridge,3220,1.7256580868717626,1.484309203338227,-2.3397476783642626,-1.453598725128936,0.22002858573837475,False,151.0449336869765,0.7608823851701574,2.267969558114886
maasduinen,ahn4_height_sd_m,single_source,rijntakken,ridge,3220,4.608723488800024,4.451637278220033,-22.821300046495445,4.4498018096673535,-0.09432562920944436,False,58.66429245901174,0.7608823851701574,6.0570773862367275
maasduinen,ahn4_height_sd_m,single_source,sallandse_heuvelrug,ridge,3220,0.8849721681845815,0.6984858732104292,0.12165854645411645,-0.2837487115208736,0.29880697095795455,True,88.61214430143724,0.7608823851701574,1.1630866812440055
maasduinen,ahn4_height_sd_m,single_source,savelsbos,ridge,3220,1.176693396495491,0.9211227483104615,-0.5528545792456407,0.19106544167228368,0.19619971701307576,False,87.08174684375118,0.7608823851701574,1.5464852642532199
maasduinen,ahn4_height_sd_m,single_source,schoorlse_duinen,ridge,3220,1.1988959073785388,0.9799145073034118,-0.6120076926023394,0.6420574183169911,0.2416769978053521,True,160.28967722080034,0.7608823851701574,1.5756652154727273
maasduinen,ahn4_height_sd_m,single_source,springendal_and_dal_van_de_mosbeek,ridge,3220,0.9593579937067378,0.7430195701536924,-0.03220403351818457,0.04149991676961534,0.11220194262368151,False,110.77748327548385,0.7608823851701574,1.2608492618635072
maasduinen,ahn4_height_sd_m,single_source,vecht_en_beneden_reggegebied,ridge,3220,0.930900153215242,0.7542602559359205,0.028125117525519494,0.39483186959323346,0.38839632188614687,True,107.73905963157961,0.7608823851701574,1.2234481588203192
maasduinen,ahn4_height_sd_m,single_source,veluwe,ridge,3220,0.8947676550261412,0.708164371264565,0.10210674859870084,-0.4180189962735226,0.3920442579030765,True,73.80588307641666,0.7608823851701574,1.1759605327517773
maasduinen,ahn4_height_sd_m,single_source,voornes_duin,ridge,3220,1.3187316520613395,0.9753184940394843,-0.9503700309495615,-0.6287868297574895,0.0652428558922402,False,146.50634316344045,0.7608823851701574,1.7331609691114473
maasduinen,ahn4_p95_height_m,single_source,brabantse_wal,ridge,3220,2.5443949840765057,1.9977569143455969,-0.013192297294941646,-1.6020405401688094,0.31591419105122176,True,122.7687336179703,1.8330299756135702,1.3880814923524751
maasduinen,ahn4_p95_height_m,single_source,drents_friese_wold_and_leggelderveld,ridge,3220,2.540864892298777,2.015580505545571,-0.01038284303072623,-1.4314433723356257,0.25876404715145024,True,149.51913350383418,1.8330299756135702,1.3861556690846113
maasduinen,ahn4_p95_height_m,single_source,drentsche_aa,ridge,3220,2.6999126015810915,2.205327186816601,-0.1408334060367502,1.2067329628485426,0.20599201798148006,False,168.78849013123448,1.8330299756135702,1.4729233223135643
maasduinen,ahn4_p95_height_m,single_source,geleenbeekdal,ridge,3220,6.967170268041703,6.368431637266057,-6.596886997394873,6.32216025097259,0.27332781868207834,False,73.69396600909198,1.8330299756135702,3.8009036189981464
maasduinen,ahn4_p95_height_m,single_source,geuldal,ridge,3220,3.2482602523865576,2.696090406965296,-0.6512941931513361,1.9922206633447046,0.27165907240087994,False,84.28068449377152,1.8330299756135702,1.7720715403463423
maasduinen,ahn4_p95_height_m,single_source,kennemerland_zuid,ridge,3220,3.545871419675313,2.8285528606316848,-0.9677448493277254,-2.5170691528175886,0.2602423244483361,False,139.3405768525379,1.8330299756135702,1.9344317697196434
maasduinen,ahn4_p95_height_m,single_source,landgoederen_oldenzaal,ridge,3220,3.079341429042492,2.5254027980528684,-0.48401574214497445,1.4010540124445061,0.07718935963170596,False,102.43386264894268,1.8330299756135702,1.6799187520169954
maasduinen,ahn4_p95_height_m,single_source,leenderbos_groote_heide_and_de_plateaux,ridge,3220,1.9110834722477226,1.525348929087237,0.42841327861148715,-0.4399835514150623,0.30014774114262216,True,49.055265379331594,1.8330299756135702,1.0425816804267074
maasduinen,ahn4_p95_height_m,single_source,loonse_en_drunense_duinen_and_leemkuilen,ridge,3220,2.0332957417738524,1.5982019010700512,0.35297074090185676,-0.4117997433401296,0.3515072568709598,True,69.19401320170307,1.8330299756135702,1.1092539504670387
maasduinen,ahn4_p95_height_m,single_source,meinweg,ridge,3220,5.18383460654887,4.688379715842075,-3.2055721808664766,4.588775344124357,0.3310120378251005,True,44.05820623020335,1.8330299756135702,2.828014094430553
maasduinen,ahn4_p95_height_m,single_source,noordhollands_duinreservaat,ridge,3220,5.323100862890402,4.787638196267356,-3.4345770857373834,-4.763747329414544,0.21829085877797208,False,151.0449336869765,1.8330299756135702,2.903990078563009
maasduinen,ahn4_p95_height_m,single_source,rijntakken,ridge,3220,9.579296861648777,9.171050126243786,-13.361178570983798,9.130317982994292,0.12426582849422575,False,58.66429245901174,1.8330299756135702,5.225935739780959
maasduinen,ahn4_p95_height_m,single_source,sallandse_heuvelrug,ridge,3220,2.7429316839243234,2.2156798917621487,-0.17747799627353467,-1.9363604846770506,0.3284844504023166,True,88.61214430143724,1.8330299756135702,1.4963921596569536
maasduinen,ahn4_p95_height_m,single_source,savelsbos,ridge,3220,3.4343133869994427,2.6519578416838434,-0.8458765962049568,-1.0265444124678866,0.037772080378390756,False,87.08174684375118,1.8330299756135702,1.8735718633569398
maasduinen,ahn4_p95_height_m,single_source,schoorlse_duinen,ridge,3220,3.0017588455955115,2.5070358867523397,-0.4101795621323896,1.3141310173891245,0.08801184878302715,True,160.28967722080034,1.8330299756135702,1.637593975838138
maasduinen,ahn4_p95_height_m,single_source,springendal_and_dal_van_de_mosbeek,ridge,3220,2.879589586827991,2.333917641833797,-0.29772899083212767,1.2068210451958634,0.20275073749171316,False,110.77748327548385,1.8330299756135702,1.57094517009418
maasduinen,ahn4_p95_height_m,single_source,vecht_en_beneden_reggegebied,ridge,3220,2.143438821207248,1.7474889299532812,0.2809733250983413,0.4902810677144758,0.3373169443347703,True,107.73905963157961,1.8330299756135702,1.169341936424021
maasduinen,ahn4_p95_height_m,single_source,veluwe,ridge,3220,2.2302043295983482,1.799870218892968,0.2215833313647888,-0.8927366438446599,0.33307774363807385,True,73.80588307641666,1.8330299756135702,1.2166764096980094
maasduinen,ahn4_p95_height_m,single_source,voornes_duin,ridge,3220,3.5714018889619386,2.7696248887668906,-0.9961826011084167,-2.2015334678882343,0.08291439724705155,False,146.50634316344045,1.8330299756135702,1.948359784878304
maasduinen,ahn4_pulse_penetration,single_source,brabantse_wal,ridge,3220,0.0539601571060306,0.043151046300187824,0.21369484029940378,-0.012235535154543073,0.4901995680259999,True,122.7687336179703,0.030973301114556737,1.7421506640979438
maasduinen,ahn4_pulse_penetration,single_source,drents_friese_wold_and_leggelderveld,ridge,3220,0.06767529446389957,0.05809363904098625,-0.2368157948945422,-0.05281039114543793,0.6061842058665371,True,149.51913350383418,0.030973301114556737,2.1849558177088766
maasduinen,ahn4_pulse_penetration,single_source,drentsche_aa,ridge,3220,0.05185688504475459,0.04013190850319028,0.2737977898166184,0.003152346738248028,0.3514663218490511,False,168.78849013123448,0.030973301114556737,1.6742446939368387
maasduinen,ahn4_pulse_penetration,single_source,geleenbeekdal,ridge,3220,0.12546315070055783,0.11636526566246969,-3.2508628563383013,-0.11445276108102452,0.43331100651050913,False,73.69396600909198,0.030973301114556737,4.050687081642487
maasduinen,ahn4_pulse_penetration,single_source,geuldal,ridge,3220,0.06276887149608641,0.05291487225029117,-0.0639797340703312,-0.03221827438245074,0.3740264429067235,False,84.28068449377152,0.030973301114556737,2.02654767936849
maasduinen,ahn4_pulse_penetration,single_source,kennemerland_zuid,ridge,3220,0.06591469265872253,0.05674285451276979,-0.17330028844011314,-0.04333055296706018,0.5657437085380699,False,139.3405768525379,0.030973301114556737,2.1281132551849358
maasduinen,ahn4_pulse_penetration,single_source,landgoederen_oldenzaal,ridge,3220,0.07102273401257395,0.05502042616296888,-0.36219564470128507,0.0438078700653017,0.27771303456565866,False,102.43386264894268,0.030973301114556737,2.293030818700655
maasduinen,ahn4_pulse_penetration,single_source,leenderbos_groote_heide_and_de_plateaux,ridge,3220,0.05028491037968188,0.04193588475745034,0.317158236200076,-0.03723073041126474,0.7077166381445288,True,49.055265379331594,0.030973301114556737,1.6234921228996522
maasduinen,ahn4_pulse_penetration,single_source,loonse_en_drunense_duinen_and_leemkuilen,ridge,3220,0.0458020071765491,0.037702325613292814,0.4334819710020553,-0.026006910394840703,0.6758885848181485,True,69.19401320170307,0.030973301114556737,1.478757688989864
maasduinen,ahn4_pulse_penetration,single_source,meinweg,ridge,3220,0.050348070109411606,0.04200630044735981,0.3154418092967083,-0.03530300889254477,0.7094288133702669,True,44.05820623020335,0.030973301114556737,1.6255312897774779
maasduinen,ahn4_pulse_penetration,single_source,noordhollands_duinreservaat,ridge,3220,0.052581866892598174,0.03917928182597015,0.25335060508519236,0.024825185777677162,0.6030820504782041,False,151.0449336869765,0.030973301114556737,1.6976513642546778
maasduinen,ahn4_pulse_penetration,single_source,rijntakken,ridge,3220,0.12961636112283026,0.12020059030857373,-3.536953876864943,-0.11715013688644312,0.36966957577497644,False,58.66429245901174,0.030973301114556737,4.184777097004799
maasduinen,ahn4_pulse_penetration,single_source,sallandse_heuvelrug,ridge,3220,0.04042095886474106,0.03207271891077129,0.5587772086417315,-0.017682950885028907,0.6847040126586064,True,88.61214430143724,0.030973301114556737,1.3050258580847278
maasduinen,ahn4_pulse_penetration,single_source,savelsbos,ridge,3220,0.06745134113374282,0.05038128385204765,-0.22864351555313833,0.020345971445162023,-0.060345479671871385,False,87.08174684375118,0.030973301114556737,2.1777252894119914
maasduinen,ahn4_pulse_penetration,single_source,schoorlse_duinen,ridge,3220,0.0692939809961732,0.0596667982993188,-0.29668874069732487,-0.04682647892568949,0.47879755725961537,True,160.28967722080034,0.030973301114556737,2.237216522058304
maasduinen,ahn4_pulse_penetration,single_source,springendal_and_dal_van_de_mosbeek,ridge,3220,0.06437588430667587,0.048462449897567615,-0.11915729581745516,0.040296111729152165,0.3987835996441833,False,110.77748327548385,0.030973301114556737,2.0784314874471255
maasduinen,ahn4_pulse_penetration,single_source,vecht_en_beneden_reggegebied,ridge,3220,0.037519857547625345,0.029760358553058943,0.6198394246778524,-0.005517429826089527,0.6560090938090399,True,107.73905963157961,0.030973301114556737,1.2113612755984824
maasduinen,ahn4_pulse_penetration,single_source,veluwe,ridge,3220,0.03744400603904831,0.02937037800491068,0.6213749638466511,0.00029120746930506565,0.6287774192748903,True,73.80588307641666,0.030973301114556737,1.2089123435877647
maasduinen,ahn4_pulse_penetration,single_source,voornes_duin,ridge,3220,0.0646621288260425,0.053848806206948686,-0.1291319893728109,-0.028198171047241687,0.3260476930224487,False,146.50634316344045,0.030973301114556737,2.087673141034773
maasduinen,ahn4_sigma_z,single_source,brabantse_wal,ridge,3220,0.7533179030011884,0.5810844485664237,0.11679212342602308,-0.10039470339216146,0.34454958445894135,True,122.7687336179703,0.6321793840217579,1.1916204831115804
maasduinen,ahn4_sigma_z,single_source,drents_friese_wold_and_leggelderveld,ridge,3220,0.9886351814620518,0.8172232395324491,-0.5211725443349247,0.5385943649878274,0.15719811329013997,True,149.51913350383418,0.6321793840217579,1.5638522964362054
maasduinen,ahn4_sigma_z,single_source,drentsche_aa,ridge,3220,1.2036854995120956,1.011171343975699,-1.2549266187789412,0.7763466758912974,-0.038755349540559605,False,168.78849013123448,0.6321793840217579,1.9040252338735995
maasduinen,ahn4_sigma_z,single_source,geleenbeekdal,ridge,3220,4.833948434555606,4.6320127227435295,-35.36724334436445,4.63116876108349,-0.06263950959090431,False,73.69396600909198,0.6321793840217579,7.646482243383683
maasduinen,ahn4_sigma_z,single_source,geuldal,ridge,3220,2.8204182171674756,2.607094345656409,-11.380362986501948,2.6005770056663158,0.025308789414735064,False,84.28068449377152,0.6321793840217579,4.461420742993423
maasduinen,ahn4_sigma_z,single_source,kennemerland_zuid,ridge,3220,1.0190692948994327,0.807078312282464,-0.6162695403188392,-0.6125963927431359,0.34883016018374047,False,139.3405768525379,0.6321793840217579,1.6119938749289537
maasduinen,ahn4_sigma_z,single_source,landgoederen_oldenzaal,ridge,3220,1.323544718859873,1.1228282780771013,-1.7263624703740112,0.9257288727178419,0.18899473708667822,False,102.43386264894268,0.6321793840217579,2.0936220830863417
maasduinen,ahn4_sigma_z,single_source,leenderbos_groote_heide_and_de_plateaux,ridge,3220,0.7191727786371883,0.5688981209254631,0.19504271146731544,0.06380427476033783,0.23550146670874295,True,49.055265379331594,0.6321793840217579,1.1376087180540457
maasduinen,ahn4_sigma_z,single_source,loonse_en_drunense_duinen_and_leemkuilen,ridge,3220,0.7651459639661902,0.6159079153718926,0.08883938424570825,0.29758886348391944,0.31631543801552947,True,69.19401320170307,0.6321793840217579,1.210330458893699
maasduinen,ahn4_sigma_z,single_source,meinweg,ridge,3220,1.9976818460825312,1.8549182072681671,-5.210963855321501,1.8399391136136534,0.3611843607186738,True,44.05820623020335,0.6321793840217579,3.159992079105472
maasduinen,ahn4_sigma_z,single_source,noordhollands_duinreservaat,ridge,3220,1.2341378462524324,1.01031049319492,-1.3704658181634821,-0.9563773710552652,0.24453713030668986,False,151.0449336869765,0.6321793840217579,1.9521956543428767
maasduinen,ahn4_sigma_z,single_source,rijntakken,ridge,3220,4.725101410462704,4.60097258220874,-33.74790484241629,4.600964810513221,-0.1068446756922785,False,58.66429245901174,0.6321793840217579,7.474304809503372
maasduinen,ahn4_sigma_z,single_source,sallandse_heuvelrug,ridge,3220,0.7024122468195119,0.5587488894073661,0.23212503945359142,0.07097053713104061,0.23023621152917284,True,88.61214430143724,0.6321793840217579,1.1110964143609858
maasduinen,ahn4_sigma_z,single_source,savelsbos,ridge,3220,1.4184797064574142,1.2117649815453668,-2.1315013968395506,1.0198526604484959,0.21274717219371225,False,87.08174684375118,0.6321793840217579,2.2437930472098313
maasduinen,ahn4_sigma_z,single_source,schoorlse_duinen,ridge,3220,0.8702860729949162,0.7049482307241506,-0.17877366097014957,0.2461263464910095,0.32549153981973306,True,160.28967722080034,0.6321793840217579,1.3766441851652715
maasduinen,ahn4_sigma_z,single_source,springendal_and_dal_van_de_mosbeek,ridge,3220,1.055198311581808,0.8604460679432651,-0.7329041076423053,0.5579187920121687,0.002784166132973513,False,110.77748327548385,0.6321793840217579,1.6691438193838521
maasduinen,ahn4_sigma_z,single_source,vecht_en_beneden_reggegebied,ridge,3220,0.7340908753079101,0.5767538728327113,0.1613012270454477,-0.024659077289781145,0.36513776102170403,True,107.73905963157961,0.6321793840217579,1.1612066034767192
maasduinen,ahn4_sigma_z,single_source,veluwe,ridge,3220,0.709310883457398,0.5684672087608941,0.21696783332027214,0.17345792079525393,0.359985868669749,True,73.80588307641666,0.6321793840217579,1.12200888131617
maasduinen,ahn4_sigma_z,single_source,voornes_duin,ridge,3220,1.0925827018506196,0.8238349128166742,-0.8578686078457338,-0.41467619338213546,0.09118199003050287,False,146.50634316344045,0.6321793840217579,1.7282795508134063
meinweg,ahn4_entropy,single_source,brabantse_wal,ridge,1401,0.2679294567557781,0.21795444899154,0.09247212536623706,0.14971819122458088,0.5682927643740446,True,125.98399695871667,0.19826632874976527,1.3513613655192842
meinweg,ahn4_entropy,single_source,drents_friese_wold_and_leggelderveld,ridge,1401,0.2731835770555783,0.21909621119836947,0.05652972699775394,0.05031586359177078,0.4574907174933778,True,193.42813929498493,0.19826632874976527,1.3778616811953335
meinweg,ahn4_entropy,single_source,drentsche_aa,ridge,1401,0.2433690767596697,0.19319666310282577,0.2512275869979663,0.04164553050589331,0.4735777366440056,False,211.98643853437497,0.19826632874976527,1.2274856668518297
meinweg,ahn4_entropy,single_source,geleenbeekdal,ridge,1401,0.628210372573322,0.5533142486451962,-3.9891809101348352,0.5518337425621488,0.17929530918951492,False,31.79672444571944,0.19826632874976527,3.168517703105277
meinweg,ahn4_entropy,single_source,geuldal,ridge,1401,0.29345035231937405,0.22780618854674028,-0.08865009976980143,0.16868211609704684,0.39234431191477137,False,42.084013696434106,0.19826632874976527,1.4800816365028975
meinweg,ahn4_entropy,single_source,kennemerland_zuid,ridge,1401,0.33945929359658344,0.2800835043839165,-0.4567816168131744,-0.2401860068973415,0.4358838076313003,False,172.12269452377822,0.19826632874976527,1.712137889157265
meinweg,ahn4_entropy,single_source,landgoederen_oldenzaal,ridge,1401,0.24523996699745101,0.19150618685830942,0.23967101960682136,-0.06533136750406413,0.480571880190587,False,140.8237188776803,0.19826632874976527,1.236921914799622
meinweg,ahn4_entropy,single_source,leenderbos_groote_heide_and_de_plateaux,ridge,1401,0.32301852582508883,0.25399664368276936,-0.31908841994388437,0.21473792978246228,0.5611330680156337,True,46.85412139419674,0.19826632874976527,1.6292152472988748
meinweg,ahn4_entropy,single_source,loonse_en_drunense_duinen_and_leemkuilen,ridge,1401,0.23624304431306725,0.18640854912198093,0.29443487343223707,0.0703843764644754,0.48422262470812655,True,88.16489653032832,0.19826632874976527,1.1915439490042352
meinweg,ahn4_entropy,single_source,maasduinen,ridge,1401,0.2834996195615358,0.22616262627185837,-0.016070884972645416,-0.16914807959745448,0.518381660125584,True,44.05820623020335,0.19826632874976527,1.4298929190308691
meinweg,ahn4_entropy,single_source,noordhollands_duinreservaat,ridge,1401,0.5400546562954859,0.48101755713727934,-2.6871811588414443,-0.47187754202935617,0.39782890299064794,False,186.58856196337987,0.19826632874976527,2.723884886056959
meinweg,ahn4_entropy,single_source,rijntakken,ridge,1401,0.3729226621966719,0.30378383727490177,-0.75815272418155,0.2738012264944669,0.3158462848936828,False,101.84608612624353,0.19826632874976527,1.8809177763479086
meinweg,ahn4_entropy,single_source,sallandse_heuvelrug,ridge,1401,0.2657824155682571,0.21484713093965754,0.10695871926116207,-0.13425734067826045,0.5199494619655932,True,131.93876327953978,0.19826632874976527,1.3405322892910618
meinweg,ahn4_entropy,single_source,savelsbos,ridge,1401,0.6343905209660098,0.5693890784601219,-4.087827946340694,0.567745647105585,0.13417980010392544,False,47.045263961560266,0.19826632874976527,3.199688645905594
meinweg,ahn4_entropy,single_source,schoorlse_duinen,ridge,1401,0.365442913629368,0.2983259066970198,-0.6883331033164055,-0.263281053051204,0.4142554264011743,True,197.2556062192079,0.19826632874976527,1.8431920131561959
meinweg,ahn4_entropy,single_source,springendal_and_dal_van_de_mosbeek,ridge,1401,0.2448489128419284,0.19467450747702958,0.2420938934414626,0.011991258028784072,0.4269312882323069,False,151.16002097332327,0.19826632874976527,1.234949546833823
meinweg,ahn4_entropy,single_source,vecht_en_beneden_reggegebied,ridge,1401,0.28244787677658695,0.22295625792349824,-0.008545915705080676,-0.13252192559402948,0.4906004113997084,True,150.95312768692125,0.19826632874976527,1.4245882221033528
meinweg,ahn4_entropy,single_source,veluwe,ridge,1401,0.21257421802555437,0.17733010794562162,0.4287315671372107,-0.11128846080670614,0.6148956945574382,True,116.99126103271104,0.19826632874976527,1.0721649982930148
meinweg,ahn4_entropy,single_source,voornes_duin,ridge,1401,0.3635678872870676,0.29748263047239654,-0.6710524410466876,-0.21935420816780282,0.282072339976948,False,164.30286147475647,0.19826632874976527,1.8337349038521402
meinweg,ahn4_height_cv,single_source,brabantse_wal,ridge,1401,0.1521336601358148,0.1312110140180281,-0.8333152036915619,0.10684047220383477,0.3998033066544594,True,125.98399695871667,0.10037480429031859,1.5156558581752422
meinweg,ahn4_height_cv,single_source,drents_friese_wold_and_leggelderveld,ridge,1401,0.11360895088850533,0.09096235067891431,-0.02237827169236417,0.027912520269244723,0.2574322352772349,True,193.42813929498493,0.10037480429031859,1.1318472966573268
meinweg,ahn4_height_cv,single_source,drentsche_aa,ridge,1401,0.12769927867027267,0.09277166516322326,-0.2917051774813937,-0.053199552805204976,-0.00486903236864852,False,211.98643853437497,0.10037480429031859,1.2722244349380973
meinweg,ahn4_height_cv,single_source,geleenbeekdal,ridge,1401,0.2993860481391223,0.2826480367976175,-6.099857424028741,0.2755374963016059,0.2025862778418135,False,31.79672444571944,0.10037480429031859,2.982681264047046
meinweg,ahn4_height_cv,single_source,geuldal,ridge,1401,0.16615226757019858,0.14664831966001193,-1.1867496091891634,0.12645847293906717,0.3209708229178436,False,42.084013696434106,0.10037480429031859,1.6553184710540392
meinweg,ahn4_height_cv,single_source,kennemerland_zuid,ridge,1401,0.16586846396462607,0.12962285009300822,-1.1792856436966432,-0.12204392384856699,0.30630883958861993,False,172.12269452377822,0.10037480429031859,1.652491032359846
meinweg,ahn4_height_cv,single_source,landgoederen_oldenzaal,ridge,1401,0.15098263012346835,0.12856256929762172,-0.8056787421495226,0.09285574374639863,0.31145496436030623,False,140.8237188776803,0.10037480429031859,1.5041885380595559
meinweg,ahn4_height_cv,single_source,leenderbos_groote_heide_and_de_plateaux,ridge,1401,0.1348629708813546,0.10517369675010821,-0.4406946953766515,0.06175613594338842,0.3926310304017454,True,46.85412139419674,0.10037480429031859,1.3435938613766492
meinweg,ahn4_height_cv,single_source,loonse_en_drunense_duinen_and_leemkuilen,ridge,1401,0.11186608784421077,0.09355974715943993,0.008749515131685315,0.062343541062182296,0.4645699300308889,True,88.16489653032832,0.10037480429031859,1.1144837455488872
meinweg,ahn4_height_cv,single_source,maasduinen,ridge,1401,0.10931919810336826,0.07709960394965026,0.053371911431108976,-0.0389335187894052,0.45174108861897594,True,44.05820623020335,0.10037480429031859,1.089109950213994
meinweg,ahn4_height_cv,single_source,noordhollands_duinreservaat,ridge,1401,0.1301511542372306,0.0926154090634244,-0.34178384940449735,-0.06699696271662095,0.20550433944657157,False,186.58856196337987,0.10037480429031859,1.2966516364085605
meinweg,ahn4_height_cv,single_source,rijntakken,ridge,1401,0.3402463150345936,0.3233263836983408,-8.17008524530321,0.3173180957610119,0.15043290852098828,False,101.84608612624353,0.10037480429031859,3.3897581912138413
meinweg,ahn4_height_cv,single_source,sallandse_heuvelrug,ridge,1401,0.10603030671725037,0.08512210048517586,0.10947411516919503,-0.0007955379877723988,0.31781377384740767,True,131.93876327953978,0.10037480429031859,1.0563438451204759
meinweg,ahn4_height_cv,single_source,savelsbos,ridge,1401,0.11195182330385636,0.08703242997929925,0.007229521281081452,0.026898211816564967,0.33691365808327123,False,47.045263961560266,0.10037480429031859,1.1153378987425275
meinweg,ahn4_height_cv,single_source,schoorlse_duinen,ridge,1401,0.1081385245851528,0.0809838977029732,0.07370911192599205,0.007661528936308986,0.3771422741392309,True,197.2556062192079,0.10037480429031859,1.077347301942217
meinweg,ahn4_height_cv,single_source,springendal_and_dal_van_de_mosbeek,ridge,1401,0.1194001496892498,0.09012831775739076,-0.12926600547887568,-0.0332258286732367,0.1873510378792409,False,151.16002097332327,0.10037480429031859,1.1895430385488308
meinweg,ahn4_height_cv,single_source,vecht_en_beneden_reggegebied,ridge,1401,0.12265937710551038,0.08909958720512144,-0.19175785193461192,-0.05758855509143981,0.35958510024667806,True,150.95312768692125,0.10037480429031859,1.2220136116105105
meinweg,ahn4_height_cv,single_source,veluwe,ridge,1401,0.1110663516478876,0.07747064068509465,0.02287185091394406,-0.04716733602461387,0.4619976809574023,True,116.99126103271104,0.10037480429031859,1.1065162461153635
meinweg,ahn4_height_cv,single_source,voornes_duin,ridge,1401,0.14718464557303057,0.10412599553384112,-0.7159772467419576,-0.06325941964697177,0.1309580350938427,False,164.30286147475647,0.10037480429031859,1.466350511103581
meinweg,ahn4_height_sd_m,single_source,brabantse_wal,ridge,1401,1.2092022575080308,0.953328484773601,-0.06290408496625943,-0.5700852833052544,0.3321383244616766,True,125.98399695871667,0.9423336799651465,1.2831996597561437
meinweg,ahn4_height_sd_m,single_source,drents_friese_wold_and_leggelderveld,ridge,1401,1.3073254681690523,1.009963636954002,-0.2424062318856801,-0.6387926668599013,0.1937230400925338,True,193.42813929498493,0.9423336799651465,1.3873275422113804
meinweg,ahn4_height_sd_m,single_source,drentsche_aa,ridge,1401,1.3484705523268308,1.0313957093055253,-0.3218406737359454,-0.497092848388467,-0.013632465272466913,False,211.98643853437497,0.9423336799651465,1.4309905089847854
meinweg,ahn4_height_sd_m,single_source,geleenbeekdal,ridge,1401,4.58541334491073,4.304635955360373,-14.284567656412893,4.290968637508229,-0.07573303869922476,False,31.79672444571944,0.9423336799651465,4.866018738797841
meinweg,ahn4_height_sd_m,single_source,geuldal,ridge,1401,1.2740736457842508,1.0198577756713543,-0.18000878985799318,0.4297538399413296,0.10980383061149125,False,42.084013696434106,0.9423336799651465,1.3520408671282704
meinweg,ahn4_height_sd_m,single_source,kennemerland_zuid,ridge,1401,2.1887338037656114,1.8428270982665333,-2.482427376799506,-1.7867614327737917,0.19484496511812935,False,172.12269452377822,0.9423336799651465,2.3226738577852433
meinweg,ahn4_height_sd_m,single_source,landgoederen_oldenzaal,ridge,1401,1.3462642991391027,1.0466062603819015,-0.3175188448591708,0.040066321404090485,0.04503776583949879,False,140.8237188776803,0.9423336799651465,1.4286492436404228
meinweg,ahn4_height_sd_m,single_source,leenderbos_groote_heide_and_de_plateaux,ridge,1401,1.102877727451134,0.8807110508128126,0.11579918668905587,-0.04209438345192032,0.3306918149534416,True,46.85412139419674,0.9423336799651465,1.1703685763326697
meinweg,ahn4_height_sd_m,single_source,loonse_en_drunense_duinen_and_leemkuilen,ridge,1401,1.0820864698017616,0.8616481871321964,0.14882254698538966,-0.44347562570315185,0.3625531778224827,True,88.16489653032832,0.9423336799651465,1.1483049930272937
meinweg,ahn4_height_sd_m,single_source,maasduinen,ridge,1401,1.1807733163030498,0.9282246828588937,-0.013512799969003675,-0.6909303660401144,0.41678520641614414,True,44.05820623020335,0.9423336799651465,1.253031003143942
meinweg,ahn4_height_sd_m,single_source,noordhollands_duinreservaat,ridge,1401,2.806754359028928,2.522497001707421,-4.726707337453256,-2.5137073796240266,0.08566373565377676,False,186.58856196337987,0.9423336799651465,2.9785143189753547
meinweg,ahn4_height_sd_m,single_source,rijntakken,ridge,1401,4.221626855901781,3.9857571737448154,-11.955550318106528,3.9610322160123914,-0.10911614996482147,False,101.84608612624353,0.9423336799651465,4.47997025433488
meinweg,ahn4_height_sd_m,single_source,sallandse_heuvelrug,ridge,1401,1.294690647150146,1.0395480404662878,-0.21850747816991656,-0.661357408951124,0.19608352343092608,True,131.93876327953978,0.9423336799651465,1.373919530497978
meinweg,ahn4_height_sd_m,single_source,savelsbos,ridge,1401,1.6034948685612618,1.2846394109247343,-0.869094787931548,-0.8145111111336832,0.14331372615021895,False,47.045263961560266,0.9423336799651465,1.7016210952160484
meinweg,ahn4_height_sd_m,single_source,schoorlse_duinen,ridge,1401,1.2019930556599496,0.8810913747258942,-0.05026790642201995,-0.4559243422994469,0.3622370500232465,True,197.2556062192079,0.9423336799651465,1.2755492891906475
meinweg,ahn4_height_sd_m,single_source,springendal_and_dal_van_de_mosbeek,ridge,1401,1.8641459618899563,1.5029767538065355,-1.526131802501232,-1.2675768464634058,-0.12442370990586067,False,151.16002097332327,0.9423336799651465,1.9782227904227134
meinweg,ahn4_height_sd_m,single_source,vecht_en_beneden_reggegebied,ridge,1401,1.5119530013427043,1.2165429847970095,-0.6617770636808151,-1.0587333381714776,0.3310768793953506,True,150.95312768692125,0.9423336799651465,1.604477302985314
meinweg,ahn4_height_sd_m,single_source,veluwe,ridge,1401,1.6187166426943405,1.3638756976321045,-0.9047493819540653,-1.2838014053755358,0.37380149761034825,True,116.99126103271104,0.9423336799651465,1.7177743692172935
meinweg,ahn4_height_sd_m,single_source,voornes_duin,ridge,1401,2.1572431346628878,1.7575862142654295,-2.382940571882961,-1.6163305850159626,0.025587352877892086,False,164.30286147475647,0.9423336799651465,2.289256110152697
meinweg,ahn4_p95_height_m,single_source,brabantse_wal,ridge,1401,4.058350710224234,3.527372311115786,-1.6371184964867838,-3.2264459558703944,0.292541284403649,True,125.98399695871667,2.2019997396498874,1.843029604930608
meinweg,ahn4_p95_height_m,single_source,drents_friese_wold_and_leggelderveld,ridge,1401,3.541252647078012,2.9876207047233976,-1.007910356461029,-2.5218244101842076,0.28442297424391705,True,193.42813929498493,2.2019997396498874,1.6081984858186509
meinweg,ahn4_p95_height_m,single_source,drentsche_aa,ridge,1401,3.0447526292614504,2.4611135647013924,-0.48434387168007853,-1.5514743039365444,0.17333207934948092,False,211.98643853437497,2.2019997396498874,1.3827216118315975
meinweg,ahn4_p95_height_m,single_source,geleenbeekdal,ridge,1401,8.242249770302598,7.506503450842373,-9.87732331566062,7.461180689108998,0.15813198204012924,False,31.79672444571944,2.2019997396498874,3.743074815991166
meinweg,ahn4_p95_height_m,single_source,geuldal,ridge,1401,3.4021660316831848,2.7885927792378222,-0.8532819829332892,-2.0770361801082315,0.2832984426248933,False,42.084013696434106,2.2019997396498874,1.5450347111413014
meinweg,ahn4_p95_height_m,single_source,kennemerland_zuid,ridge,1401,5.678733361145227,4.962291277553255,-4.163372413138291,-4.91798688522713,0.16012402824267052,False,172.12269452377822,2.2019997396498874,2.5788982890834182
meinweg,ahn4_p95_height_m,single_source,landgoederen_oldenzaal,ridge,1401,3.4358545964384923,2.6937008762006918,-0.8901664413506485,-1.756819710417526,0.12682505914634054,False,140.8237188776803,2.2019997396498874,1.560333788679187
meinweg,ahn4_p95_height_m,single_source,leenderbos_groote_heide_and_de_plateaux,ridge,1401,2.962058109421079,2.486375634179984,-0.40481017406760866,-1.8904002141768357,0.33955924632140233,True,46.85412139419674,2.2019997396498874,1.3451673295347615
meinweg,ahn4_p95_height_m,single_source,loonse_en_drunense_duinen_and_leemkuilen,ridge,1401,4.0341856942145515,3.4801693399847617,-1.6058071139275896,-2.9567822750048793,0.18224577874451348,True,88.16489653032832,2.2019997396498874,1.8320554819211639
meinweg,ahn4_p95_height_m,single_source,maasduinen,ridge,1401,2.691292507436542,2.2524248259640016,-0.15971773872255168,-1.4546545023179258,0.378918116850775,True,44.05820623020335,2.2019997396498874,1.2222038263566966
meinweg,ahn4_p95_height_m,single_source,noordhollands_duinreservaat,ridge,1401,8.506737136634781,7.996664594533386,-10.586613533913052,-7.996021356266957,0.05525986393709422,False,186.58856196337987,2.2019997396498874,3.8631871673097162
meinweg,ahn4_p95_height_m,single_source,rijntakken,ridge,1401,7.914044448908749,7.404146135603645,-9.028303420741697,7.354952081157551,0.0858472085854942,False,101.84608612624353,2.2019997396498874,3.594026060224268
meinweg,ahn4_p95_height_m,single_source,sallandse_heuvelrug,ridge,1401,3.478773454457896,2.967162097272619,-0.9376832732225053,-2.368573675707519,0.21148800303230833,True,131.93876327953978,2.2019997396498874,1.579824643853506
meinweg,ahn4_p95_height_m,single_source,savelsbos,ridge,1401,5.58237830815584,4.8049906277289605,-3.989637838571195,-4.184572585102606,-0.020157261810448922,False,47.045263961560266,2.2019997396498874,2.5351403125249345
meinweg,ahn4_p95_height_m,single_source,schoorlse_duinen,ridge,1401,3.206533933099189,2.5047082485266876,-0.6462742141065003,-1.6935122832948823,0.14244997539171805,True,197.2556062192079,2.2019997396498874,1.456191785748812
meinweg,ahn4_p95_height_m,single_source,springendal_and_dal_van_de_mosbeek,ridge,1401,3.6905941725092712,3.1044277004676535,-1.1808363569759965,-2.303427274863511,0.16225212770185124,False,151.16002097332327,2.2019997396498874,1.6760193500731597
meinweg,ahn4_p95_height_m,single_source,vecht_en_beneden_reggegebied,ridge,1401,3.6519105260115916,3.132939715416285,-1.1353582755985192,-2.7981147980951238,0.29143752088972097,True,150.95312768692125,2.2019997396498874,1.658451842774621
meinweg,ahn4_p95_height_m,single_source,veluwe,ridge,1401,4.270327908882102,3.7645796046417277,-1.919798929642365,-3.524798304968358,0.29205710997401957,True,116.99126103271104,2.2019997396498874,1.939295374104392
meinweg,ahn4_p95_height_m,single_source,voornes_duin,ridge,1401,5.555598523041699,4.8712301011316885,-3.941880084654387,-4.60325231527373,0.040322722130698464,False,164.30286147475647,2.2019997396498874,2.5229787374657118
meinweg,ahn4_pulse_penetration,single_source,brabantse_wal,ridge,1401,0.07559536656877214,0.059953453391208236,-0.18164297327215295,-0.03100131932941146,0.43553373803034623,True,125.98399695871667,0.0359685412056936,2.101707882353757
meinweg,ahn4_pulse_penetration,single_source,drents_friese_wold_and_leggelderveld,ridge,1401,0.061456499896262666,0.051125593341259594,0.21903500681388477,-0.04025348737905471,0.7502585430075762,True,193.42813929498493,0.0359685412056936,1.7086180822516783
meinweg,ahn4_pulse_penetration,single_source,drentsche_aa,ridge,1401,0.06343939905263288,0.04834438919189176,0.1678261915531457,0.030671497551726844,0.532746885047792,False,211.98643853437497,0.0359685412056936,1.7637467888909213
meinweg,ahn4_pulse_penetration,single_source,geleenbeekdal,ridge,1401,0.09460339778870823,0.0844354273309227,-0.8505865093008311,-0.07344205351850155,0.4894146527355819,False,31.79672444571944,0.0359685412056936,2.6301705495282386
meinweg,ahn4_pulse_penetration,single_source,geuldal,ridge,1401,0.057236496637999595,0.04518894509999162,0.322604965409359,-0.010775812072748874,0.48194845161429184,False,42.084013696434106,0.0359685412056936,1.5912932445794996
meinweg,ahn4_pulse_penetration,single_source,kennemerland_zuid,ridge,1401,0.056003504486810685,0.044752664239829314,0.35147558465565265,-0.008726362810918327,0.6742373478249338,False,172.12269452377822,0.0359685412056936,1.5570135070683844
meinweg,ahn4_pulse_penetration,single_source,landgoederen_oldenzaal,ridge,1401,0.09687346412385624,0.08145834991099027,-0.9404639653985694,0.07604454358747895,0.5377644972270235,False,140.8237188776803,0.0359685412056936,2.6932830989687666
meinweg,ahn4_pulse_penetration,single_source,leenderbos_groote_heide_and_de_plateaux,ridge,1401,0.048968781109662476,0.03879322688013322,0.5041680474843357,-0.0236694904558917,0.7229435816527794,True,46.85412139419674,0.0359685412056936,1.3614336158262381
meinweg,ahn4_pulse_penetration,single_source,loonse_en_drunense_duinen_and_leemkuilen,ridge,1401,0.038754464993021896,0.029611979798682516,0.6894443650902429,0.007281263882041863,0.7556875507954506,True,88.16489653032832,0.0359685412056936,1.0774544558645403
meinweg,ahn4_pulse_penetration,single_source,maasduinen,ridge,1401,0.07312358471281453,0.06319111300341532,-0.10563268556533223,0.06046835423366325,0.7270599229445428,True,44.05820623020335,0.0359685412056936,2.0329872233250184
meinweg,ahn4_pulse_penetration,single_source,noordhollands_duinreservaat,ridge,1401,0.05864889809498473,0.043138501625160385,0.28876087991682997,0.027064608580501744,0.614319531270163,False,186.58856196337987,0.0359685412056936,1.63056093266582
meinweg,ahn4_pulse_penetration,single_source,rijntakken,ridge,1401,0.09508150559020218,0.08489916709690042,-0.8693388083459515,-0.07241650406598796,0.46989474718843044,False,101.84608612624353,0.0359685412056936,2.64346293741686
meinweg,ahn4_pulse_penetration,single_source,sallandse_heuvelrug,ridge,1401,0.06406236114351953,0.052033436864353286,0.15140238875325196,0.0367839740617962,0.6804335683580557,True,131.93876327953978,0.0359685412056936,1.781066426274159
meinweg,ahn4_pulse_penetration,single_source,savelsbos,ridge,1401,0.09525565400689526,0.07385462864406686,-0.8761927284332829,0.06794560630147878,0.08241370030435637,False,47.045263961560266,0.0359685412056936,2.648304624370389
meinweg,ahn4_pulse_penetration,single_source,schoorlse_duinen,ridge,1401,0.07091230448932517,0.06027834594912808,-0.03977439982607467,-0.04102712414356366,0.5590958789558264,True,197.2556062192079,0.0359685412056936,1.9715090496386378
meinweg,ahn4_pulse_penetration,single_source,springendal_and_dal_van_de_mosbeek,ridge,1401,0.08575145081987352,0.06890010280934075,-0.5204735697638243,0.06409781850766717,0.5085809327763756,False,151.16002097332327,0.0359685412056936,2.3840680757522517
meinweg,ahn4_pulse_penetration,single_source,vecht_en_beneden_reggegebied,ridge,1401,0.05309071515861653,0.04050484485568465,0.41718184301586725,0.02406459380059517,0.7057467369959552,True,150.95312768692125,0.0359685412056936,1.476031926204797
meinweg,ahn4_pulse_penetration,single_source,veluwe,ridge,1401,0.05476602412218935,0.04253959380971402,0.37981915436683855,0.03597007888265202,0.7576586732350222,True,116.99126103271104,0.0359685412056936,1.5226089879208173
meinweg,ahn4_pulse_penetration,single_source,voornes_duin,ridge,1401,0.06984039477916942,0.05708089657585563,-0.008577541586722193,-0.021783841092476774,0.46853667479218414,False,164.30286147475647,0.0359685412056936,1.9417077378749548
meinweg,ahn4_sigma_z,single_source,brabantse_wal,ridge,1401,1.2804879687183552,1.0442946333426621,-0.6165965422554978,-0.7772337646334722,0.2974840428619951,True,125.98399695871667,0.8460490570525291,1.5134913963255596
meinweg,ahn4_sigma_z,single_source,drents_friese_wold_and_leggelderveld,ridge,1401,1.1909530677415858,0.9395877469016036,-0.3984274361553919,-0.7257527961029531,0.26668667226090803,True,193.42813929498493,0.8460490570525291,1.4076643166421525
meinweg,ahn4_sigma_z,single_source,drentsche_aa,ridge,1401,1.1559378360158874,0.8870724856517753,-0.31740588611041987,-0.368726702822847,-0.027435502300145066,False,211.98643853437497,0.8460490570525291,1.3662775537425107
meinweg,ahn4_sigma_z,single_source,geleenbeekdal,ridge,1401,4.768772886048097,4.5333988786320925,-21.421461618727623,4.527897057420196,-0.028111565000285027,False,31.79672444571944,0.8460490570525291,5.6365205377824985
meinweg,ahn4_sigma_z,single_source,geuldal,ridge,1401,1.3337596317142535,1.075151819719787,-0.753903837919885,0.7480265761490258,0.08900640919734917,False,42.084013696434106,0.8460490570525291,1.5764566139472025
meinweg,ahn4_sigma_z,single_source,kennemerland_zuid,ridge,1401,1.885851886847062,1.5808313220943537,-2.506435078022691,-1.4969512298192469,0.16463129102094934,False,172.12269452377822,0.8460490570525291,2.2290100924135587
meinweg,ahn4_sigma_z,single_source,landgoederen_oldenzaal,ridge,1401,1.2840601764528152,0.9912746083719063,-0.625628839141531,-0.3891382132172852,0.036722169918448774,False,140.8237188776803,0.8460490570525291,1.5177136192624952
meinweg,ahn4_sigma_z,single_source,leenderbos_groote_heide_and_de_plateaux,ridge,1401,1.0511257593442769,0.8499222686764488,-0.08933134264418863,-0.46418370206000126,0.3312388558751679,True,46.85412139419674,0.8460490570525291,1.2423933938372265
meinweg,ahn4_sigma_z,single_source,loonse_en_drunense_duinen_and_leemkuilen,ridge,1401,1.2779581963280002,1.0588214202239048,-0.6102152538617271,-0.9024677041152425,0.3219468009853091,True,88.16489653032832,0.8460490570525291,1.5105012950196515
meinweg,ahn4_sigma_z,single_source,maasduinen,ridge,1401,1.303939353522282,1.0727167438893253,-0.6763528090546578,-0.9534841154289193,0.3682511966677214,True,44.05820623020335,0.8460490570525291,1.5412101020063234
meinweg,ahn4_sigma_z,single_source,noordhollands_duinreservaat,ridge,1401,2.502197455147469,2.2452857982549936,-5.172964752419487,-2.2359607116279268,0.031964163545840425,False,186.58856196337987,0.8460490570525291,2.9575087097959067
meinweg,ahn4_sigma_z,single_source,rijntakken,ridge,1401,4.1085284218223395,3.916872538390224,-15.642678834346174,3.905427093116925,-0.017836718820923594,False,101.84608612624353,0.8460490570525291,4.856134981268883
meinweg,ahn4_sigma_z,single_source,sallandse_heuvelrug,ridge,1401,1.175413766665438,0.9372967043346713,-0.36217274647139797,-0.702212371932937,0.24053168318492862,True,131.93876327953978,0.8460490570525291,1.3892974135097458
meinweg,ahn4_sigma_z,single_source,savelsbos,ridge,1401,1.2770161685225165,0.9861303577644704,-0.6078422365311495,-0.13912113782144378,0.07167989575617123,False,47.045263961560266,0.8460490570525291,1.509387851540658
meinweg,ahn4_sigma_z,single_source,schoorlse_duinen,ridge,1401,1.386242531983833,1.1238920544225386,-0.8946503746516106,-1.00714009321836,0.34372354540971667,True,197.2556062192079,0.8460490570525291,1.6384895419814463
meinweg,ahn4_sigma_z,single_source,springendal_and_dal_van_de_mosbeek,ridge,1401,1.6654699096564143,1.3554637517765977,-1.7347915055602678,-1.084003086425992,-0.13992278569579047,False,151.16002097332327,0.8460490570525291,1.9685264060911416
meinweg,ahn4_sigma_z,single_source,vecht_en_beneden_reggegebied,ridge,1401,1.7021962741020555,1.474744732097211,-1.8567347137274708,-1.4208429736381964,0.37824314809400755,True,150.95312768692125,0.8460490570525291,2.011935667220264
meinweg,ahn4_sigma_z,single_source,veluwe,ridge,1401,1.3026437538910163,1.0837266131878616,-0.6730232016157396,-0.9793477892509747,0.39847836797492353,True,116.99126103271104,0.8460490570525291,1.5396787491604502
meinweg,ahn4_sigma_z,single_source,voornes_duin,ridge,1401,2.0944388311164768,1.7582962324575402,-3.324998919805881,-1.6638954665847283,0.04723492827968485,False,164.30286147475647,0.8460490570525291,2.4755524678593646
noordhollands_duinreservaat,ahn4_entropy,single_source,brabantse_wal,ridge,1064,0.2571817708240849,0.20835706348819105,-0.5598001605513729,0.11547130771474823,0.13738091805496214,False,129.21155263808558,0.1601055227106328,1.6063266679994739
noordhollands_duinreservaat,ahn4_entropy,single_source,drents_friese_wold_and_leggelderveld,ridge,1064,0.2449944685255736,0.20246913163328786,-0.41547158021230923,0.11542543195876805,0.18743013967869146,False,118.09775561338225,0.1601055227106328,1.5302062313513387
noordhollands_duinreservaat,ahn4_entropy,single_source,drentsche_aa,ridge,1064,0.1780327088127755,0.13841902226918615,0.25253958848775115,0.02391870802764506,0.2300077633923164,True,145.14909001165265,0.1601055227106328,1.111971066323199
noordhollands_duinreservaat,ahn4_entropy,single_source,geleenbeekdal,ridge,1064,0.35159827699464946,0.2972929994553252,-1.9152920771561863,0.27035548916106406,0.17250873211931367,True,204.4386034917299,0.1601055227106328,2.19604090503556
noordhollands_duinreservaat,ahn4_entropy,single_source,geuldal,ridge,1064,0.5173175726688349,0.4759194776828876,-5.311070887674619,0.47532526770737205,0.26781955165396043,True,213.06177776379698,0.1601055227106328,3.2311038614439953
noordhollands_duinreservaat,ahn4_entropy,single_source,kennemerland_zuid,ridge,1064,0.18387781062281994,0.15223005783310845,0.20265322086101178,-0.07339162911377688,0.38823372645364534,True,20.72653781797028,0.1601055227106328,1.1484788751175814
noordhollands_duinreservaat,ahn4_entropy,single_source,landgoederen_oldenzaal,ridge,1064,0.18088088479530512,0.14571163093017445,0.22843246884927004,0.017947846074428096,0.27807104279139716,True,160.4639181112071,0.1601055227106328,1.129760433824764
noordhollands_duinreservaat,ahn4_entropy,single_source,leenderbos_groote_heide_and_de_plateaux,ridge,1064,0.5468681262492177,0.49207210014838093,-6.052674156613145,0.48721877158145493,0.06598435712805958,False,149.60894911615108,0.1601055227106328,3.4156730947851273
noordhollands_duinreservaat,ahn4_entropy,single_source,loonse_en_drunense_duinen_and_leemkuilen,ridge,1064,0.3801924499715804,0.3229187125351447,-2.4087533084284667,-0.30744148965388157,0.13848400386020832,False,106.8284405509999,0.1601055227106328,2.374636699189461
noordhollands_duinreservaat,ahn4_entropy,single_source,maasduinen,ridge,1064,0.39050693129594344,0.32229052219680226,-2.596218655497339,-0.30451215636682744,0.1673023794878183,False,151.0449336869765,0.1601055227106328,2.439059719393486
noordhollands_duinreservaat,ahn4_entropy,single_source,meinweg,ridge,1064,0.4980309133023576,0.4345224348653979,-4.849263653505036,-0.42360314836071483,0.273123976075976,False,186.58856196337987,0.1601055227106328,3.1106416872481986
noordhollands_duinreservaat,ahn4_entropy,single_source,rijntakken,ridge,1064,0.23730718993566455,0.1905408342007709,-0.32803765582562217,0.10116764039802964,0.25035460855652963,True,101.47183895591417,0.1601055227106328,1.4821924060955873
noordhollands_duinreservaat,ahn4_entropy,single_source,sallandse_heuvelrug,ridge,1064,0.23847448946583932,0.1883242773967706,-0.3411348607198348,-0.08862352271312467,0.14164807603294036,False,121.71555315299713,0.1601055227106328,1.4894832197440615
noordhollands_duinreservaat,ahn4_entropy,single_source,savelsbos,ridge,1064,0.6406637909002578,0.5900897122369786,-8.67941152342902,0.5900424236601469,0.22076256518160883,True,210.0292762461857,0.1601055227106328,4.001509629734406
noordhollands_duinreservaat,ahn4_entropy,single_source,schoorlse_duinen,ridge,1064,0.28963581195557925,0.2502333145746304,-0.9783043877489244,0.2300872428017076,0.202663751336107,False,14.005656012434015,0.1601055227106328,1.8090307383028468
noordhollands_duinreservaat,ahn4_entropy,single_source,springendal_and_dal_van_de_mosbeek,ridge,1064,0.19730697818090984,0.1569104975937027,0.08193488207420485,-0.0664385898309316,0.21666343281568376,True,151.38937572999416,0.1601055227106328,1.232355854067028
noordhollands_duinreservaat,ahn4_entropy,single_source,vecht_en_beneden_reggegebied,ridge,1064,0.33088749484041197,0.2775927696271649,-1.5819587797625676,-0.2477753423950366,0.2541776772799172,False,124.08236112800249,0.1601055227106328,2.0666838297542207
noordhollands_duinreservaat,ahn4_entropy,single_source,veluwe,ridge,1064,0.2124738608861154,0.17163395959576944,-0.06463224378529753,0.027369362584972627,0.27016341681336203,False,91.13089085707071,0.1601055227106328,1.3270863945782223
noordhollands_duinreservaat,ahn4_entropy,single_source,voornes_duin,ridge,1064,0.18107596202600926,0.1467999366524086,0.2267673241698357,0.001724821874350221,0.33903802520410803,True,84.49665788322316,0.1601055227106328,1.13097886294202
noordhollands_duinreservaat,ahn4_height_cv,single_source,brabantse_wal,ridge,1064,0.12856767365043495,0.10653309260518466,-4.182891686600679,0.0847380055496105,0.14770156150754274,False,129.21155263808558,0.04922750525655615,2.6117040256333572
noordhollands_duinreservaat,ahn4_height_cv,single_source,drents_friese_wold_and_leggelderveld,ridge,1064,0.08039697959138781,0.06611953888438231,-1.026693281985826,-0.033793508757541654,0.1469614969755856,False,118.09775561338225,0.04922750525655615,1.6331719263933344
noordhollands_duinreservaat,ahn4_height_cv,single_source,drentsche_aa,ridge,1064,0.07913636292891918,0.06516976913295418,-0.9636348642346235,0.0538879002268642,0.20001169394264917,True,145.14909001165265,0.04922750525655615,1.607563952641694
noordhollands_duinreservaat,ahn4_height_cv,single_source,geleenbeekdal,ridge,1064,0.13687758258408564,0.11120741414976662,-4.874531196703896,-0.013626583196605478,0.11423625687134809,True,204.4386034917299,0.04922750525655615,2.7805102426119026
noordhollands_duinreservaat,ahn4_height_cv,single_source,geuldal,ridge,1064,0.14257063477143758,0.11132664310053998,-5.373364074683408,0.05474159611845043,0.09924838518753856,True,213.06177776379698,0.04922750525655615,2.896158032555386
noordhollands_duinreservaat,ahn4_height_cv,single_source,kennemerland_zuid,ridge,1064,0.06341202492634986,0.04982148232909193,-0.26081627120599005,0.021902893670675584,0.24455467209212975,True,20.72653781797028,0.04922750525655615,1.2881421594669293
noordhollands_duinreservaat,ahn4_height_cv,single_source,landgoederen_oldenzaal,ridge,1064,0.2105973157443862,0.17213848258727113,-12.90638422003324,0.16509455016731953,0.07850838257970136,True,160.4639181112071,0.04922750525655615,4.278041607975629
noordhollands_duinreservaat,ahn4_height_cv,single_source,leenderbos_groote_heide_and_de_plateaux,ridge,1064,0.1784376319133438,0.15157786192246775,-8.983468765274091,0.14257140308232452,-0.046099820506645385,False,149.60894911615108,0.04922750525655615,3.6247547175789365
noordhollands_duinreservaat,ahn4_height_cv,single_source,loonse_en_drunense_duinen_and_leemkuilen,ridge,1064,0.07910862494517662,0.06075882809930176,-0.9622585632700964,-0.017168433285443537,0.22369961834170293,False,106.8284405509999,0.04922750525655615,1.607000487489479
noordhollands_duinreservaat,ahn4_height_cv,single_source,maasduinen,ridge,1064,0.0981982372398478,0.07885554346799663,-2.023541578264605,0.0053206714886968876,0.03847435437624867,False,151.0449336869765,0.04922750525655615,1.9947839470652375
noordhollands_duinreservaat,ahn4_height_cv,single_source,meinweg,ridge,1064,0.18943834729417922,0.16193649737676757,-10.252379060656857,0.15056725251266478,0.09337429159214225,False,186.58856196337987,0.04922750525655615,3.8482215644870545
noordhollands_duinreservaat,ahn4_height_cv,single_source,rijntakken,ridge,1064,0.22173098371952707,0.20734084543077785,-14.415631813191377,0.20688268588684966,0.2208833638288024,True,101.47183895591417,0.04922750525655615,4.504209233515786
noordhollands_duinreservaat,ahn4_height_cv,single_source,sallandse_heuvelrug,ridge,1064,0.10038343261036269,0.08237521710663659,-2.1596039357871484,-0.012876699312408342,0.01501000525860091,False,121.71555315299713,0.04922750525655615,2.03917367104427
noordhollands_duinreservaat,ahn4_height_cv,single_source,savelsbos,ridge,1064,0.09166939623171472,0.0727566296275586,-1.6348585375776152,-0.020618093069669816,0.13556574759461726,True,210.0292762461857,0.04922750525655615,1.862158071061424
noordhollands_duinreservaat,ahn4_height_cv,single_source,schoorlse_duinen,ridge,1064,0.07355900054614992,0.060392872261016466,-0.6966028849390096,0.017509894655826308,0.13614721415491185,False,14.005656012434015,0.04922750525655615,1.4942662676645244
noordhollands_duinreservaat,ahn4_height_cv,single_source,springendal_and_dal_van_de_mosbeek,ridge,1064,0.08291654208653822,0.06607576511264814,-1.1557129263930221,0.010310849302800884,0.06927479616817837,True,151.38937572999416,0.04922750525655615,1.6843539329163006
noordhollands_duinreservaat,ahn4_height_cv,single_source,vecht_en_beneden_reggegebied,ridge,1064,0.14407192758812118,0.1197719948352383,-5.508295977729548,-0.09917222853411288,0.18575807657130056,False,124.08236112800249,0.04922750525655615,2.9266550648315373
noordhollands_duinreservaat,ahn4_height_cv,single_source,veluwe,ridge,1064,0.11824072003296937,0.09606808174404036,-3.383718851087864,-0.08456511165448044,0.16163641887449723,False,91.13089085707071,0.04922750525655615,2.4019238719642817
noordhollands_duinreservaat,ahn4_height_cv,single_source,voornes_duin,ridge,1064,0.0981753361734671,0.08187910319333562,-2.0221314867142244,-0.07088236199972724,0.2266648421525351,True,84.49665788322316,0.04922750525655615,1.9943187383112828
noordhollands_duinreservaat,ahn4_height_sd_m,single_source,brabantse_wal,ridge,1064,1.8776944852470334,1.6976586374536227,-6.081744250525254,1.6696192041468596,0.13667544752928515,False,129.21155263808558,0.6038335411035627,3.109622698029278
noordhollands_duinreservaat,ahn4_height_sd_m,single_source,drents_friese_wold_and_leggelderveld,ridge,1064,0.9155051555592915,0.7377762014904207,-0.6834955228950801,0.47162418183591814,0.055091172634185476,False,118.09775561338225,0.6038335411035627,1.516154855999088
noordhollands_duinreservaat,ahn4_height_sd_m,single_source,drentsche_aa,ridge,1064,0.8969434068031532,0.7235661513931471,-0.6159222495736645,0.4996147153526723,0.17646653070512916,True,145.14909001165265,0.6038335411035627,1.4854150121636247
noordhollands_duinreservaat,ahn4_height_sd_m,single_source,geleenbeekdal,ridge,1064,2.801837650473995,2.5296768036720128,-14.767989097991446,2.526274816275942,0.173806988747168,True,204.4386034917299,0.6038335411035627,4.640082836990759
noordhollands_duinreservaat,ahn4_height_sd_m,single_source,geuldal,ridge,1064,1.8958622093250999,1.643260430274441,-6.219446736843212,1.559222098374154,0.22841092745262587,True,213.06177776379698,0.6038335411035627,3.1397100032903653
noordhollands_duinreservaat,ahn4_height_sd_m,single_source,kennemerland_zuid,ridge,1064,0.8018521966909514,0.643349555028409,-0.2914542437313974,0.4451257947909314,0.30785432848833966,True,20.72653781797028,0.6038335411035627,1.3279358334839946
noordhollands_duinreservaat,ahn4_height_sd_m,single_source,landgoederen_oldenzaal,ridge,1064,1.73934736053422,1.6011077853531805,-5.076633199860076,1.5831741209666153,0.1342210919000291,True,160.4639181112071,0.6038335411035627,2.8805080243727414
noordhollands_duinreservaat,ahn4_height_sd_m,single_source,leenderbos_groote_heide_and_de_plateaux,ridge,1064,2.3702728404782207,2.114686233274509,-10.284623076613757,2.062197070402654,-0.12614895107511942,False,149.60894911615108,0.6038335411035627,3.925374592716933
noordhollands_duinreservaat,ahn4_height_sd_m,single_source,loonse_en_drunense_duinen_and_leemkuilen,ridge,1064,1.0235366847705607,0.8178772491417349,-1.1042493559753477,0.4459987454561287,0.11131572804886265,False,106.8284405509999,0.6038335411035627,1.695064310107635
noordhollands_duinreservaat,ahn4_height_sd_m,single_source,maasduinen,ridge,1064,1.059387425905587,0.853514377939724,-1.2542392376197031,-0.05840958713393538,0.0020265644075934874,False,151.0449336869765,0.6038335411035627,1.7544362043377995
noordhollands_duinreservaat,ahn4_height_sd_m,single_source,meinweg,ridge,1064,1.3812716889904015,1.1332695550794942,-2.832203807417631,-0.666224210617197,0.0803696160698271,False,186.58856196337987,0.6038335411035627,2.287504080124462
noordhollands_duinreservaat,ahn4_height_sd_m,single_source,rijntakken,ridge,1064,1.8502786673441223,1.5738826251613782,-5.876455874094175,1.4571109364373382,0.17019178036577606,True,101.47183895591417,0.6038335411035627,3.0642197582508643
noordhollands_duinreservaat,ahn4_height_sd_m,single_source,sallandse_heuvelrug,ridge,1064,1.2222970529149086,1.0267135214015384,-2.0008473673015104,0.782070674678248,-0.0005313760941501095,False,121.71555315299713,0.6038335411035627,2.0242284830369734
noordhollands_duinreservaat,ahn4_height_sd_m,single_source,savelsbos,ridge,1064,2.6498067274663475,2.4513083357199656,-13.103236016460633,2.447968996805801,0.22290515785450432,True,210.0292762461857,0.6038335411035627,4.388306622754967
noordhollands_duinreservaat,ahn4_height_sd_m,single_source,schoorlse_duinen,ridge,1064,1.2978266989920055,1.1264252670550121,-2.383169723759046,1.0088846496328756,0.06787580845577333,False,14.005656012434015,0.6038335411035627,2.149312038248331
noordhollands_duinreservaat,ahn4_height_sd_m,single_source,springendal_and_dal_van_de_mosbeek,ridge,1064,0.9826593946164017,0.7975131261901093,-0.9395295385618518,0.6169604836515616,0.2024622002335994,True,151.38937572999416,0.6038335411035627,1.6273680206973913
noordhollands_duinreservaat,ahn4_height_sd_m,single_source,vecht_en_beneden_reggegebied,ridge,1064,1.4583148045506291,1.1983125976413078,-3.2716232976094908,-1.0093334124350672,0.14557671449851678,False,124.08236112800249,0.6038335411035627,2.4150940702721173
noordhollands_duinreservaat,ahn4_height_sd_m,single_source,veluwe,ridge,1064,0.9443554976870364,0.7466370739623265,-0.7912714460521413,-0.28100862675348576,0.1630477310647919,False,91.13089085707071,0.6038335411035627,1.5639334906125582
noordhollands_duinreservaat,ahn4_height_sd_m,single_source,voornes_duin,ridge,1064,0.7682407676738294,0.6218561065186792,-0.18545501094933314,0.1037259369482216,0.21367222675907463,True,84.49665788322316,0.6038335411035627,1.2722724316867147
noordhollands_duinreservaat,ahn4_p95_height_m,single_source,brabantse_wal,ridge,1064,5.434785059604727,4.935153633051191,-6.101117642267868,4.797014265686461,0.03626516178169425,False,129.21155263808558,1.766928488168157,3.0758375882202107
noordhollands_duinreservaat,ahn4_p95_height_m,single_source,drents_friese_wold_and_leggelderveld,ridge,1064,3.3462556267281722,2.8751348788346607,-1.6920318312226565,2.1100220987035176,0.06088641412215908,False,118.09775561338225,1.766928488168157,1.8938262918593636
noordhollands_duinreservaat,ahn4_p95_height_m,single_source,drentsche_aa,ridge,1064,2.5773791801569135,2.019534739835233,-0.5970502969243603,1.1866069292759842,0.16992882212376992,True,145.14909001165265,1.766928488168157,1.4586776982859007
noordhollands_duinreservaat,ahn4_p95_height_m,single_source,geleenbeekdal,ridge,1064,8.875778374066536,8.306885365543236,-17.939776980843632,8.282302450106362,0.04620323395079298,True,204.4386034917299,1.766928488168157,5.023281040235193
noordhollands_duinreservaat,ahn4_p95_height_m,single_source,geuldal,ridge,1064,5.823437149412155,5.310074218959309,-7.153062040870347,5.248727910680833,0.07066351102432525,True,213.06177776379698,1.766928488168157,3.295796739034717
noordhollands_duinreservaat,ahn4_p95_height_m,single_source,kennemerland_zuid,ridge,1064,1.9625510009381784,1.5622878123164907,0.07401518454381895,0.683816152627135,0.3393035761777071,True,20.72653781797028,1.766928488168157,1.1107133164018599
noordhollands_duinreservaat,ahn4_p95_height_m,single_source,landgoederen_oldenzaal,ridge,1064,3.419133516811949,2.9220271013038714,-1.810567904061943,2.3242767880050526,0.08438258193096528,True,160.4639181112071,1.766928488168157,1.9350718151342372
noordhollands_duinreservaat,ahn4_p95_height_m,single_source,leenderbos_groote_heide_and_de_plateaux,ridge,1064,5.275782571303993,4.356994894072708,-5.691688859173929,3.7153197444124952,-0.11989997837537052,False,149.60894911615108,1.766928488168157,2.9858495160568723
noordhollands_duinreservaat,ahn4_p95_height_m,single_source,loonse_en_drunense_duinen_and_leemkuilen,ridge,1064,3.508545797205347,2.863210616996345,-1.9594858060171942,2.088550230252028,0.054295010889729156,False,106.8284405509999,1.766928488168157,1.9856750404442183
noordhollands_duinreservaat,ahn4_p95_height_m,single_source,maasduinen,ridge,1064,3.0729769527013207,2.4996121152028605,-1.2702859841242637,1.0559806839711616,0.07724413137429742,False,151.0449336869765,1.766928488168157,1.7391631711633075
noordhollands_duinreservaat,ahn4_p95_height_m,single_source,meinweg,ridge,1064,6.536390023291685,5.801882650661821,-9.271594799797757,-5.772303898224964,0.12779153930570497,False,186.58856196337987,1.766928488168157,3.699295170722055
noordhollands_duinreservaat,ahn4_p95_height_m,single_source,rijntakken,ridge,1064,3.5326816450185947,2.8889851788702434,-2.000343409893875,1.8350628965938816,0.18992875644428597,True,101.47183895591417,1.766928488168157,1.9993348167027756
noordhollands_duinreservaat,ahn4_p95_height_m,single_source,sallandse_heuvelrug,ridge,1064,3.90662733762062,3.33136420102731,-2.6691539271175526,2.2928807754052003,-0.013444365334017959,False,121.71555315299713,1.766928488168157,2.210970825237399
noordhollands_duinreservaat,ahn4_p95_height_m,single_source,savelsbos,ridge,1064,9.839186424031373,9.405252233544061,-22.274498953801896,9.403047771018423,0.11879591949819378,True,210.0292762461857,1.766928488168157,5.56852554583691
noordhollands_duinreservaat,ahn4_p95_height_m,single_source,schoorlse_duinen,ridge,1064,4.653747445435505,4.153767291959689,-4.206760284395488,3.9223722484289025,-0.0676928012772588,False,14.005656012434015,1.766928488168157,2.6338063348903407
noordhollands_duinreservaat,ahn4_p95_height_m,single_source,springendal_and_dal_van_de_mosbeek,ridge,1064,3.9926596596299238,3.349926227532458,-2.8325386701596895,2.8947039122703955,0.02413294803866126,True,151.38937572999416,1.766928488168157,2.259661150049863
noordhollands_duinreservaat,ahn4_p95_height_m,single_source,vecht_en_beneden_reggegebied,ridge,1064,2.769302511033329,2.1875040362769846,-0.843753088501924,-0.5620458635455149,0.07344336342896145,False,124.08236112800249,1.766928488168157,1.5672974484125115
noordhollands_duinreservaat,ahn4_p95_height_m,single_source,veluwe,ridge,1064,4.3130651999931695,3.7711582904075223,-3.472331722029975,3.302996279841899,0.11971915069281865,False,91.13089085707071,1.766928488168157,2.440995902706108
noordhollands_duinreservaat,ahn4_p95_height_m,single_source,voornes_duin,ridge,1064,2.9737146402618118,2.402824687560599,-1.1259867026481207,1.7201535786106639,0.12019082070224506,True,84.49665788322316,1.766928488168157,1.6829852821857982
noordhollands_duinreservaat,ahn4_pulse_penetration,single_source,brabantse_wal,ridge,1064,0.11044001107094444,0.09851997408790766,-3.9343891915068205,-0.09752629804289482,0.3643721163786608,False,129.21155263808558,0.029822159462196733,3.703286853218687
noordhollands_duinreservaat,ahn4_pulse_penetration,single_source,drents_friese_wold_and_leggelderveld,ridge,1064,0.05522445156003806,0.04194737010477391,-0.23379595141298282,-0.020954833631046256,0.3539790018026399,False,118.09775561338225,0.029822159462196733,1.8517925112043567
noordhollands_duinreservaat,ahn4_pulse_penetration,single_source,drentsche_aa,ridge,1064,0.04418696458882871,0.034083591647388695,0.21010592638363768,-0.00971567006263538,0.36622430956255947,True,145.14909001165265,0.029822159462196733,1.4816822586184994
noordhollands_duinreservaat,ahn4_pulse_penetration,single_source,geleenbeekdal,ridge,1064,0.05892713314434829,0.04929739198063499,-0.4047891470417282,0.019916229814296818,0.3182284849812462,True,204.4386034917299,0.029822159462196733,1.9759512458863249
noordhollands_duinreservaat,ahn4_pulse_penetration,single_source,geuldal,ridge,1064,0.05726734405400401,0.04579429543016663,-0.32676681811302943,-0.007546083207770916,0.4067384662868702,True,213.06177776379698,0.029822159462196733,1.9202950117209798
noordhollands_duinreservaat,ahn4_pulse_penetration,single_source,kennemerland_zuid,ridge,1064,0.07135779425893894,0.06253109395230858,-1.0599816508067565,0.057788659212557825,0.4928322843330129,True,20.72653781797028,0.029822159462196733,2.392777570296133
noordhollands_duinreservaat,ahn4_pulse_penetration,single_source,landgoederen_oldenzaal,ridge,1064,0.09723705128676624,0.07940983637371657,-2.8251113184507592,0.05894339390682695,0.324241786727996,True,160.4639181112071,0.029822159462196733,3.260563723094104
noordhollands_duinreservaat,ahn4_pulse_penetration,single_source,leenderbos_groote_heide_and_de_plateaux,ridge,1064,0.06851932595560653,0.05610752728354825,-0.8993573504012071,-0.04581388378477905,0.2997553545488155,False,149.60894911615108,0.029822159462196733,2.2975977323997356
noordhollands_duinreservaat,ahn4_pulse_penetration,single_source,loonse_en_drunense_duinen_and_leemkuilen,ridge,1064,0.06477393668224973,0.05257086529236674,-0.6973879024245231,0.024376754781489523,0.30411915813387247,False,106.8284405509999,0.029822159462196733,2.172006918692749
noordhollands_duinreservaat,ahn4_pulse_penetration,single_source,maasduinen,ridge,1064,0.12181963116262183,0.11532754561828232,-5.0036460234992,0.11526543817959885,0.3490542925025554,False,151.0449336869765,0.029822159462196733,4.084869552020311
noordhollands_duinreservaat,ahn4_pulse_penetration,single_source,meinweg,ridge,1064,0.07255403474748387,0.06156548646856257,-1.1296275433068481,0.05668737676993854,0.4366663402288381,False,186.58856196337987,0.029822159462196733,2.43289004069122
noordhollands_duinreservaat,ahn4_pulse_penetration,single_source,rijntakken,ridge,1064,0.09254092494432464,0.08130437061620818,-2.4645608192067856,0.07379914760937553,0.2808108747351653,True,101.47183895591417,0.029822159462196733,3.1030926872224556
noordhollands_duinreservaat,ahn4_pulse_penetration,single_source,sallandse_heuvelrug,ridge,1064,0.07859925203300767,0.06297894803658706,-1.4992939861149503,-0.021186049276278315,0.31988113910677857,False,121.71555315299713,0.029822159462196733,2.6355989455640167
noordhollands_duinreservaat,ahn4_pulse_penetration,single_source,savelsbos,ridge,1064,0.04601143143290126,0.035990362904841575,0.14353029287004737,0.016366384582245878,0.3243414230970226,True,210.0292762461857,0.029822159462196733,1.5428604857145383
noordhollands_duinreservaat,ahn4_pulse_penetration,single_source,schoorlse_duinen,ridge,1064,0.08367856947898412,0.07385346824799617,-1.8327549819193067,-0.06993873232060364,0.38972841075049963,False,14.005656012434015,0.029822159462196733,2.8059191885502806
noordhollands_duinreservaat,ahn4_pulse_penetration,single_source,springendal_and_dal_van_de_mosbeek,ridge,1064,0.09130529336143972,0.07959201361679098,-2.37265897658407,0.0755187677306087,0.39701486783904516,True,151.38937572999416,0.029822159462196733,3.0616593502284917
noordhollands_duinreservaat,ahn4_pulse_penetration,single_source,vecht_en_beneden_reggegebied,ridge,1064,0.05924851022040995,0.04487358165594832,-0.4201538223926571,0.018586955358128494,0.43593331644971195,False,124.08236112800249,0.029822159462196733,1.9867276980902322
noordhollands_duinreservaat,ahn4_pulse_penetration,single_source,veluwe,ridge,1064,0.08361598873292772,0.07024067083652734,-1.8285194976958512,0.06361697724169069,0.38557259486189943,False,91.13089085707071,0.029822159462196733,2.8038207239459405
noordhollands_duinreservaat,ahn4_pulse_penetration,single_source,voornes_duin,ridge,1064,0.04902941933253166,0.03883400806396929,0.02749013067008277,0.014616117311958774,0.47058282192998363,True,84.49665788322316,0.029822159462196733,1.6440599948733592
noordhollands_duinreservaat,ahn4_sigma_z,single_source,brabantse_wal,ridge,1064,1.5959212083696916,1.4146399934439957,-4.353421419641941,1.3615285630076681,0.07750015022060225,False,129.21155263808558,0.5780012492758277,2.761103389256003
noordhollands_duinreservaat,ahn4_sigma_z,single_source,drents_friese_wold_and_leggelderveld,ridge,1064,0.9216385063834894,0.7541868934491088,-0.7853762892688654,0.5299071891200866,0.024267508720622652,False,118.09775561338225,0.5780012492758277,1.594526841487283
noordhollands_duinreservaat,ahn4_sigma_z,single_source,drentsche_aa,ridge,1064,0.8178417779332021,0.6568878625536414,-0.40587634544614737,0.3976965045994379,0.10889141162021886,True,145.14909001165265,0.5780012492758277,1.4149481146586937
noordhollands_duinreservaat,ahn4_sigma_z,single_source,geleenbeekdal,ridge,1064,2.7432431323756004,2.4617024364502105,-14.817474435165309,2.4581358161847313,0.10538295616597346,True,204.4386034917299,0.5780012492758277,4.7460851266542825
noordhollands_duinreservaat,ahn4_sigma_z,single_source,geuldal,ridge,1064,1.9827960520198693,1.734890673062005,-7.263511407382632,1.6802420327850829,0.12136754724426277,True,213.06177776379698,0.5780012492758277,3.4304355821100656
noordhollands_duinreservaat,ahn4_sigma_z,single_source,kennemerland_zuid,ridge,1064,0.7856665671408192,0.6305887967344731,-0.29743343491619134,0.44585473071359444,0.2516599603571036,True,20.72653781797028,0.5780012492758277,1.359281780316519
noordhollands_duinreservaat,ahn4_sigma_z,single_source,landgoederen_oldenzaal,ridge,1064,1.6675735582081308,1.5403307725754034,-4.844919581751615,1.525265298087092,0.16280632854968868,True,160.4639181112071,0.5780012492758277,2.885069124500021
noordhollands_duinreservaat,ahn4_sigma_z,single_source,leenderbos_groote_heide_and_de_plateaux,ridge,1064,2.015887100835754,1.7922775110111455,-7.541633869351539,1.7473207080528605,-0.16392916144382946,False,149.60894911615108,0.5780012492758277,3.4876864078779066
noordhollands_duinreservaat,ahn4_sigma_z,single_source,loonse_en_drunense_duinen_and_leemkuilen,ridge,1064,0.8969471483246331,0.7368193170959125,-0.6909947016808524,0.3814221774330285,0.1117494470075069,False,106.8284405509999,0.5780012492758277,1.5518083212595295
noordhollands_duinreservaat,ahn4_sigma_z,single_source,maasduinen,ridge,1064,1.0184529962885847,0.8242727229489681,-1.1801708086405944,0.10181671844692676,-0.03474621262155434,False,151.0449336869765,0.5780012492758277,1.762025596942212
noordhollands_duinreservaat,ahn4_sigma_z,single_source,meinweg,ridge,1064,1.278290611155182,1.048437920287215,-2.4345333527044564,-0.7717270397158345,-0.023495396217757716,False,186.58856196337987,0.5780012492758277,2.21157067178789
noordhollands_duinreservaat,ahn4_sigma_z,single_source,rijntakken,ridge,1064,1.9862329141617616,1.721769578990834,-7.292183204875716,1.648216162445094,0.08075652100905197,True,101.47183895591417,0.5780012492758277,3.4363816975314396
noordhollands_duinreservaat,ahn4_sigma_z,single_source,sallandse_heuvelrug,ridge,1064,0.7891314608951371,0.6217622715047183,-0.3089023760700098,0.00912989074643357,0.015306181182071924,False,121.71555315299713,0.5780012492758277,1.3652763932324237
noordhollands_duinreservaat,ahn4_sigma_z,single_source,savelsbos,ridge,1064,2.841822577594262,2.6607172425120487,-15.974713795998397,2.6597230101306186,0.18304915679608208,True,210.0292762461857,0.5780012492758277,4.916637431415165
noordhollands_duinreservaat,ahn4_sigma_z,single_source,schoorlse_duinen,ridge,1064,1.1387557107516058,0.9880215139818213,-1.7256474166099647,0.8861016787034407,0.13428124284621665,False,14.005656012434015,0.5780012492758277,1.9701613312745292
noordhollands_duinreservaat,ahn4_sigma_z,single_source,springendal_and_dal_van_de_mosbeek,ridge,1064,0.8974632270362848,0.7244924149952725,-0.6929411651453867,0.5133396277338955,0.14919131478012254,True,151.38937572999416,0.5780012492758277,1.5527011890730478
noordhollands_duinreservaat,ahn4_sigma_z,single_source,vecht_en_beneden_reggegebied,ridge,1064,1.339937769309829,1.0898629964745201,-2.773790594663666,-0.9065254740881532,0.012937692698301298,False,124.08236112800249,0.5780012492758277,2.3182264242311317
noordhollands_duinreservaat,ahn4_sigma_z,single_source,veluwe,ridge,1064,1.0755175408219884,0.8781895561250039,-1.4313279098549292,-0.7154768271260824,0.06374491521082384,False,91.13089085707071,0.5780012492758277,1.8607529692530838
noordhollands_duinreservaat,ahn4_sigma_z,single_source,voornes_duin,ridge,1064,0.7518194478637144,0.6042893481998654,-0.18805255167991342,0.14465108870787902,0.24287986387678606,True,84.49665788322316,0.5780012492758277,1.300722876993193
rijntakken,ahn4_entropy,single_source,brabantse_wal,ridge,403,0.387436435464812,0.3214960077799674,-1.6358190423317729,-0.24600207046800612,0.06440799411225083,False,127.4399869807963,0.2274643121580916,1.7032844923626393
rijntakken,ahn4_entropy,single_source,drents_friese_wold_and_leggelderveld,ridge,403,0.45900997290804507,0.3875415349165769,-2.6996352904024965,-0.33560710669740984,0.17416160851128387,False,96.77598459240478,0.2274643121580916,2.017942808492197
rijntakken,ahn4_entropy,single_source,drentsche_aa,ridge,403,0.3116118832482983,0.24728007362739843,-0.7050718814191634,-0.16275046500698245,0.2689932590346398,True,120.09610612674089,0.2274643121580916,1.3699374653186154
rijntakken,ahn4_entropy,single_source,geleenbeekdal,ridge,403,0.322381966458007,0.2549457270067922,-0.8249717684502567,0.008463183724485462,0.2868101670716872,True,128.81797124784237,0.2274643121580916,1.417285917950707
rijntakken,ahn4_entropy,single_source,geuldal,ridge,403,0.23522929908826726,0.17482420224420156,0.02837764289860345,0.008113023472492252,0.3556160362787472,True,139.18209704605272,0.2274643121580916,1.0341371657668166
rijntakken,ahn4_entropy,single_source,kennemerland_zuid,ridge,403,0.2470282643960873,0.1937873453200428,-0.07153895592870052,0.04112989703818355,0.31483908365768765,True,95.2541735755889,0.2274643121580916,1.0860088866353612
rijntakken,ahn4_entropy,single_source,landgoederen_oldenzaal,ridge,403,0.26645804022814407,0.20856025222261346,-0.2467297678070688,-0.059635361886341456,0.27607434243745715,True,78.89114159087373,0.2274643121580916,1.1714278943368979
rijntakken,ahn4_entropy,single_source,leenderbos_groote_heide_and_de_plateaux,ridge,403,0.470478071568615,0.37006251439532833,-2.8868111770104625,-0.2299840722631479,0.0011755296022112728,False,85.50498669686564,0.2274643121580916,2.0683599422911874
rijntakken,ahn4_entropy,single_source,loonse_en_drunense_duinen_and_leemkuilen,ridge,403,0.46173907780524936,0.4022321135332186,-2.743759422783641,-0.3848185453864013,0.009132798679818184,False,69.27494533614546,0.2274643121580916,2.0299407560880707
rijntakken,ahn4_entropy,single_source,maasduinen,ridge,403,0.6606933291658736,0.585701288213233,-6.6650415632567865,-0.5747220525202171,-0.06724283190661773,False,58.66429245901174,0.2274643121580916,2.9046021457057423
rijntakken,ahn4_entropy,single_source,meinweg,ridge,403,0.7399672530026102,0.663240630477729,-8.614787088213518,-0.65801209843501,0.22737016629714155,False,101.84608612624353,0.2274643121580916,3.253113624647722
rijntakken,ahn4_entropy,single_source,noordhollands_duinreservaat,ridge,403,0.27729982658551977,0.21656632410303567,-0.35024900629871936,-0.06121008217605599,0.12223129034104704,True,101.47183895591417,0.2274643121580916,1.2190915750897733
rijntakken,ahn4_entropy,single_source,sallandse_heuvelrug,ridge,403,0.8284199695823228,0.7530305647024789,-11.050797507252483,-0.7490977702421936,0.000949333493710747,False,45.90162610448867,0.2274643121580916,3.641977775425961
rijntakken,ahn4_entropy,single_source,savelsbos,ridge,403,0.2564196531034038,0.20576593108596722,-0.15456207311702386,-0.0029477013431111177,0.23358789403317096,True,140.04302342183664,0.2274643121580916,1.127296192842716
rijntakken,ahn4_entropy,single_source,schoorlse_duinen,ridge,403,0.34235293217452634,0.26705180487398406,-1.058082472673247,-0.15800160145943878,-0.06545141641181168,False,108.09316932820258,0.2274643121580916,1.5050841555161636
rijntakken,ahn4_entropy,single_source,springendal_and_dal_van_de_mosbeek,ridge,403,0.25541256869584145,0.19792220927504495,-0.14551083135470444,-0.10704717582635306,0.253896162433023,True,78.69945348718957,0.2274643121580916,1.1228687536633233
rijntakken,ahn4_entropy,single_source,vecht_en_beneden_reggegebied,ridge,403,0.5703136151698553,0.47996841823765696,-4.711394378224733,-0.4527529303629546,0.03690731401747833,False,62.73630978298761,0.2274643121580916,2.5072663476698605
rijntakken,ahn4_entropy,single_source,veluwe,ridge,403,0.6779047937760648,0.5961056218051434,-7.069601348656098,-0.58915930103068,0.18352098756680366,False,15.16356205583436,0.2274643121580916,2.9802688050022956
rijntakken,ahn4_entropy,single_source,voornes_duin,ridge,403,0.4016468579707937,0.3473800127895394,-1.8327184952823816,-0.27205709545508705,0.2039602912842016,True,126.41288951626922,0.2274643121580916,1.7657576881407324
rijntakken,ahn4_height_cv,single_source,brabantse_wal,ridge,403,0.20135860703161962,0.16789744764266135,-1.2519487857352969,-0.09775991361893774,0.06742905636876977,False,127.4399869807963,0.12736978206185887,1.5808977904494417
rijntakken,ahn4_height_cv,single_source,drents_friese_wold_and_leggelderveld,ridge,403,0.23311289606593455,0.19493341208085296,-2.0182187506575073,-0.18771146424451557,0.14878198574413284,False,96.77598459240478,0.12736978206185887,1.8302056601833558
rijntakken,ahn4_height_cv,single_source,drentsche_aa,ridge,403,0.17553633998161605,0.1373228781560649,-0.7114026135120468,-0.10443433680987778,-0.0877848363660499,True,120.09610612674089,0.12736978206185887,1.3781631493752926
rijntakken,ahn4_height_cv,single_source,geleenbeekdal,ridge,403,0.13711800458800177,0.10582155860000023,-0.04425624757496904,-0.06285092183212511,0.21979860299869133,True,128.81797124784237,0.12736978206185887,1.07653481358246
rijntakken,ahn4_height_cv,single_source,geuldal,ridge,403,0.20853400756913087,0.1709967339451983,-1.4153045091596117,-0.13423944663958742,0.10317432382813023,True,139.18209704605272,0.12736978206185887,1.6372329778177175
rijntakken,ahn4_height_cv,single_source,kennemerland_zuid,ridge,403,0.1874051072544322,0.14864300944068964,-0.950657212121458,-0.12702088178817775,-0.04869817608591059,True,95.2541735755889,0.12736978206185887,1.4713466900918177
rijntakken,ahn4_height_cv,single_source,landgoederen_oldenzaal,ridge,403,0.14293183877238264,0.11097694142755893,-0.13468698834108705,-0.01923409670178124,0.16301780278027891,True,78.89114159087373,0.12736978206185887,1.1221801314142617
rijntakken,ahn4_height_cv,single_source,leenderbos_groote_heide_and_de_plateaux,ridge,403,0.20212486280447545,0.1590775061903504,-1.26912065682595,-0.12240246746497402,0.07110162647524224,False,85.50498669686564,0.12736978206185887,1.5869137838856533
rijntakken,ahn4_height_cv,single_source,loonse_en_drunense_duinen_and_leemkuilen,ridge,403,0.217853675460985,0.18298245760921722,-1.636015113757404,-0.1583517209197125,0.10742277523615783,False,69.27494533614546,0.12736978206185887,1.7104031422082626
rijntakken,ahn4_height_cv,single_source,maasduinen,ridge,403,0.2501099267394539,0.1993009119084769,-2.4744012384493947,-0.18128597719895953,0.10044252464572351,False,58.66429245901174,0.12736978206185887,1.963651995714216
rijntakken,ahn4_height_cv,single_source,meinweg,ridge,403,0.27842982315439546,0.2367095398864714,-3.305757990810836,-0.1520197598222354,0.0433741056588917,False,101.84608612624353,0.12736978206185887,2.185995914000797
rijntakken,ahn4_height_cv,single_source,noordhollands_duinreservaat,ridge,403,0.19937494088802102,0.15869887222758725,-1.2077975975547819,-0.1437220794852033,-0.06710971081239771,True,101.47183895591417,0.12736978206185887,1.5653237185503848
rijntakken,ahn4_height_cv,single_source,sallandse_heuvelrug,ridge,403,0.30288263394066745,0.2615250235043758,-4.095265981943654,-0.24791785493211033,0.08685195851329132,False,45.90162610448867,0.12736978206185887,2.377978740621291
rijntakken,ahn4_height_cv,single_source,savelsbos,ridge,403,0.19675644702192846,0.15968140062887007,-1.150186131151024,-0.14305477926772361,0.08768411545654187,True,140.04302342183664,0.12736978206185887,1.5447655153117168
rijntakken,ahn4_height_cv,single_source,schoorlse_duinen,ridge,403,0.19530698664702206,0.14566896950690722,-1.1186229477052887,-0.12837739057921688,-0.0022885010939059634,False,108.09316932820258,0.12736978206185887,1.5333855761185848
rijntakken,ahn4_height_cv,single_source,springendal_and_dal_van_de_mosbeek,ridge,403,0.2521911465986258,0.21628144313653055,-2.5324643332971997,-0.2117745141756348,0.06797165500822924,True,78.69945348718957,0.12736978206185887,1.9799919770306722
rijntakken,ahn4_height_cv,single_source,vecht_en_beneden_reggegebied,ridge,403,0.3482436773132662,0.3114737476359091,-5.73572880863918,-0.31126879737142155,0.17227047167839066,False,62.73630978298761,0.12736978206185887,2.7341153582577142
rijntakken,ahn4_height_cv,single_source,veluwe,ridge,403,0.2843640347672705,0.24667465013280493,-3.49125225771333,-0.2409756730485033,0.07790024122737128,False,15.16356205583436,0.12736978206185887,2.2325863337755045
rijntakken,ahn4_height_cv,single_source,voornes_duin,ridge,403,0.1639428374054651,0.12393857416004639,-0.4928047479217459,-0.09275603841074444,0.09840209570282264,True,126.41288951626922,0.12736978206185887,1.287140754671654
rijntakken,ahn4_height_sd_m,single_source,brabantse_wal,ridge,403,2.566484336984417,2.0360180792517055,-1.06187604607873,-1.791664638992605,0.09834678732307739,False,127.4399869807963,1.209113629819914,2.1226163312431354
rijntakken,ahn4_height_sd_m,single_source,drents_friese_wold_and_leggelderveld,ridge,403,3.3042990716309015,2.6599875848363532,-2.417779288449573,-2.5592098341014182,-0.1466387500948508,False,96.77598459240478,1.209113629819914,2.732827577274971
rijntakken,ahn4_height_sd_m,single_source,drentsche_aa,ridge,403,2.3611619970593836,1.7704105890017015,-0.7451665741776377,-1.5588343451464035,0.23765705509927246,True,120.09610612674089,1.209113629819914,1.9528040531732787
rijntakken,ahn4_height_sd_m,single_source,geleenbeekdal,ridge,403,1.42963763599646,1.0658013442611163,0.36021027314154275,-0.12325521845770226,0.4316577269318154,True,128.81797124784237,1.209113629819914,1.1823848484855728
rijntakken,ahn4_height_sd_m,single_source,geuldal,ridge,403,2.4387569468219588,2.0391862223714172,-0.8617542585963176,-1.5133083918086434,0.2734713484937312,True,139.18209704605272,1.209113629819914,2.0169791214620485
rijntakken,ahn4_height_sd_m,single_source,kennemerland_zuid,ridge,403,1.8776638789673243,1.370864987421467,-0.10362370545833754,-0.9274561635854903,0.2430125650228017,True,95.2541735755889,1.209113629819914,1.552925905935726
rijntakken,ahn4_height_sd_m,single_source,landgoederen_oldenzaal,ridge,403,1.7375568933174919,1.3510447640128143,0.05493129021387988,0.004829484697740803,0.21883675953112175,True,78.89114159087373,1.209113629819914,1.4370501253685184
rijntakken,ahn4_height_sd_m,single_source,leenderbos_groote_heide_and_de_plateaux,ridge,403,3.270982796034913,2.3663988250651786,-2.3492058166790217,-2.147756867945384,-0.24580755032516297,False,85.50498669686564,1.209113629819914,2.705273280661053
rijntakken,ahn4_height_sd_m,single_source,loonse_en_drunense_duinen_and_leemkuilen,ridge,403,2.5784332701767156,2.0753097592879834,-1.0811199364465414,-1.989776403562622,0.05263891022180522,False,69.27494533614546,1.209113629819914,2.1324987218618556
rijntakken,ahn4_height_sd_m,single_source,maasduinen,ridge,403,3.4570700144436497,2.6376599416531117,-2.7411202454716417,-2.517950148853251,-0.13531974982873687,False,58.66429245901174,1.209113629819914,2.859177110557051
rijntakken,ahn4_height_sd_m,single_source,meinweg,ridge,403,3.5467399692441917,3.0051726953918627,-2.9377125993826967,-2.8296049348794234,-0.0786315499867428,False,101.84608612624353,1.209113629819914,2.9333388374527254
rijntakken,ahn4_height_sd_m,single_source,noordhollands_duinreservaat,ridge,403,2.2431069386872364,1.6924054881422548,-0.5750171043970043,-1.5662518198918525,0.08821556147977726,True,101.47183895591417,1.209113629819914,1.8551663659777995
rijntakken,ahn4_height_sd_m,single_source,sallandse_heuvelrug,ridge,403,4.1255310799635305,3.5982733321972646,-4.3277647908346335,-3.4124566668462544,-0.09191040084414553,False,45.90162610448867,1.209113629819914,3.4120292569838857
rijntakken,ahn4_height_sd_m,single_source,savelsbos,ridge,403,2.6756659500065876,2.2003662494578697,-1.241037381404785,-1.7011674190532045,0.22093766545365243,True,140.04302342183664,1.209113629819914,2.2129152165831614
rijntakken,ahn4_height_sd_m,single_source,schoorlse_duinen,ridge,403,2.4046657397640727,1.6351180286255973,-0.8100674083943948,-1.1384314697090614,-0.17520266362065906,False,108.09316932820258,1.209113629819914,1.988783916133858
rijntakken,ahn4_height_sd_m,single_source,springendal_and_dal_van_de_mosbeek,ridge,403,2.292744340956892,1.7136565314088914,-0.6454950390280789,-1.3574441541451585,0.1786995619484798,True,78.69945348718957,1.209113629819914,1.896219085131291
rijntakken,ahn4_height_sd_m,single_source,vecht_en_beneden_reggegebied,ridge,403,4.128545357442913,3.481330231629864,-4.335552989695784,-3.4619199963772487,-0.2009872890097955,False,62.73630978298761,1.209113629819914,3.4145222215862545
rijntakken,ahn4_height_sd_m,single_source,veluwe,ridge,403,4.1681134689020665,3.59099520306205,-4.438315302667913,-3.541757891300543,-0.03922819673314642,False,15.16356205583436,1.209113629819914,3.4472471123519357
rijntakken,ahn4_height_sd_m,single_source,voornes_duin,ridge,403,2.425229541306086,2.038516603993522,-0.8411578174141403,-1.9673408056541029,0.297541217391975,True,126.41288951626922,1.209113629819914,2.0057912519498275
rijntakken,ahn4_p95_height_m,single_source,brabantse_wal,ridge,403,5.654467272198386,3.9570110318092535,-0.6177514033118641,-3.045221641454625,0.25982648401609554,False,127.4399869807963,3.096073262096378,1.8263351004716526
rijntakken,ahn4_p95_height_m,single_source,drents_friese_wold_and_leggelderveld,ridge,403,7.861106179397809,6.189675547842733,-2.126768444236246,-5.583892988993018,0.07272180709999164,False,96.77598459240478,3.096073262096378,2.539056900118373
rijntakken,ahn4_p95_height_m,single_source,drentsche_aa,ridge,403,5.740735528264136,4.086040953678262,-0.6674909099505932,-3.683676897424299,0.3010951809948772,True,120.09610612674089,3.096073262096378,1.8541988649122065
rijntakken,ahn4_p95_height_m,single_source,geleenbeekdal,ridge,403,3.8467232667533517,3.0349057794139287,0.2512957742553593,0.8072167380176246,0.5100770063754841,True,128.81797124784237,3.096073262096378,1.2424522745785098
rijntakken,ahn4_p95_height_m,single_source,geuldal,ridge,403,5.164796540167453,4.1439393681106,-0.3496924897753655,-2.7246264093627515,0.3932813873198759,True,139.18209704605272,3.096073262096378,1.668176461906565
rijntakken,ahn4_p95_height_m,single_source,kennemerland_zuid,ridge,403,4.558204076685805,3.250448980605216,-0.05127400614593336,-1.9756350251612669,0.0648236199933042,True,95.2541735755889,3.096073262096378,1.4722532998458202
rijntakken,ahn4_p95_height_m,single_source,landgoederen_oldenzaal,ridge,403,4.826704227464855,3.6815963905022255,-0.17877188610023298,-0.005628796293503936,0.3115042015037284,True,78.89114159087373,3.096073262096378,1.558976102586362
rijntakken,ahn4_p95_height_m,single_source,leenderbos_groote_heide_and_de_plateaux,ridge,403,8.300682868868828,6.048789269094514,-2.4862300280692082,-5.438676418997142,-0.15104466785531592,False,85.50498669686564,3.096073262096378,2.6810356752502567
rijntakken,ahn4_p95_height_m,single_source,loonse_en_drunense_duinen_and_leemkuilen,ridge,403,6.13310816766115,4.572460417457414,-0.903222854847417,-3.9585116711522343,0.054695218425055765,False,69.27494533614546,3.096073262096378,1.980931214627773
rijntakken,ahn4_p95_height_m,single_source,maasduinen,ridge,403,7.723724858188443,5.893321489362357,-2.0184360896145397,-5.536916980674227,-0.0010104278580651037,False,58.66429245901174,3.096073262096378,2.4946841383716616
rijntakken,ahn4_p95_height_m,single_source,meinweg,ridge,403,9.182408700208084,7.450108498941963,-3.26620414701108,-7.420705729560043,0.06103289780184975,False,101.84608612624353,3.096073262096378,2.9658241013297584
rijntakken,ahn4_p95_height_m,single_source,noordhollands_duinreservaat,ridge,403,4.962093984590716,3.6470380176371915,-0.24582880285449482,-2.9145354529817333,0.05327924519586252,True,101.47183895591417,3.096073262096378,1.6027056095019014
rijntakken,ahn4_p95_height_m,single_source,sallandse_heuvelrug,ridge,403,8.877684694157711,7.692765451363406,-2.9877491238275597,-7.097590307823803,0.010045706454581416,False,45.90162610448867,3.096073262096378,2.867401363799303
rijntakken,ahn4_p95_height_m,single_source,savelsbos,ridge,403,7.094594775816294,5.7522861618817185,-1.546733993709997,-2.843927679305976,0.13661371248506207,True,140.04302342183664,3.096073262096378,2.2914815559023567
rijntakken,ahn4_p95_height_m,single_source,schoorlse_duinen,ridge,403,4.976896665334807,3.4819590561742424,-0.25327288317422947,-1.6461816101845115,-0.15296733550473712,False,108.09316932820258,3.096073262096378,1.6074867239946729
rijntakken,ahn4_p95_height_m,single_source,springendal_and_dal_van_de_mosbeek,ridge,403,4.852029907107624,3.672763476192849,-0.191174352669937,-0.26043381163207874,0.33030093068998995,True,78.69945348718957,3.096073262096378,1.5671560381043026
rijntakken,ahn4_p95_height_m,single_source,vecht_en_beneden_reggegebied,ridge,403,7.485516790803412,5.703533966699521,-1.8351234455930285,-5.275569295802934,-0.16091413105901833,False,62.73630978298761,3.096073262096378,2.4177453687691175
rijntakken,ahn4_p95_height_m,single_source,veluwe,ridge,403,9.19039822052375,7.511592356091585,-3.273631338348255,-7.294026775824405,0.08636560278397677,False,15.16356205583436,3.096073262096378,2.9684046346825954
rijntakken,ahn4_p95_height_m,single_source,voornes_duin,ridge,403,6.783000447836424,5.977685924709615,-1.3279416324749787,-5.784312346246409,0.32697673546258277,True,126.41288951626922,3.096073262096378,2.1908397746517134
rijntakken,ahn4_pulse_penetration,single_source,brabantse_wal,ridge,403,0.15185468566389135,0.1319649455952709,-3.787147763799312,-0.12221905912280775,0.2263822779403954,False,127.4399869807963,0.06535633155386514,2.323488513714028
rijntakken,ahn4_pulse_penetration,single_source,drents_friese_wold_and_leggelderveld,ridge,403,0.12483270345981776,0.10718460862819788,-2.2350216435858448,-0.10126425481017115,0.37875137815056237,False,96.77598459240478,0.06535633155386514,1.910032287490518
rijntakken,ahn4_pulse_penetration,single_source,drentsche_aa,ridge,403,0.0770070776200096,0.06212153133419923,-0.23106709575479845,-0.0019684346843912787,0.34320614439230807,True,120.09610612674089,0.06535633155386514,1.1782649942116503
rijntakken,ahn4_pulse_penetration,single_source,geleenbeekdal,ridge,403,0.07614012212877164,0.06157230889969527,-0.20350410746062297,-0.021046081540708108,0.2990880864439028,True,128.81797124784237,0.06535633155386514,1.1649999367852946
rijntakken,ahn4_pulse_penetration,single_source,geuldal,ridge,403,0.08375566941733069,0.06454659628928025,-0.45629335148890227,0.01865706386616242,0.45413141598850365,True,139.18209704605272,0.06535633155386514,1.2815234182521589
rijntakken,ahn4_pulse_penetration,single_source,kennemerland_zuid,ridge,403,0.0710415838667659,0.055057645455729186,-0.047721146561230166,0.03194151897181378,0.32140963010966017,True,95.2541735755889,0.06535633155386514,1.0869885469048262
rijntakken,ahn4_pulse_penetration,single_source,landgoederen_oldenzaal,ridge,403,0.07868970255691844,0.059895457391339404,-0.28545312990311644,0.017232115953669736,0.4374743297834638,True,78.89114159087373,0.06535633155386514,1.2040103948010645
rijntakken,ahn4_pulse_penetration,single_source,leenderbos_groote_heide_and_de_plateaux,ridge,403,0.11316302624332439,0.09348596105293659,-1.6584564156813073,-0.08081629516098833,0.20957305753471214,False,85.50498669686564,0.06535633155386514,1.7314776327379713
rijntakken,ahn4_pulse_penetration,single_source,loonse_en_drunense_duinen_and_leemkuilen,ridge,403,0.07370222509257948,0.06160927096528207,-0.1276689896990446,-0.023022157436612293,0.28443632040210215,False,69.27494533614546,0.06535633155386514,1.1276983169080697
rijntakken,ahn4_pulse_penetration,single_source,maasduinen,ridge,403,0.08031371610893791,0.06498968477462613,-0.33905951842479043,0.037279170782877284,0.2829415468246665,False,58.66429245901174,0.06535633155386514,1.228858998041303
rijntakken,ahn4_pulse_penetration,single_source,meinweg,ridge,403,0.08293216073335621,0.06260850084006932,-0.4277967863487082,0.038451564881433,0.3227228876293048,False,101.84608612624353,0.06535633155386514,1.2689231289703813
rijntakken,ahn4_pulse_penetration,single_source,noordhollands_duinreservaat,ridge,403,0.08599757540105718,0.07311938465800151,-0.5352985956010321,-0.04493928660138268,0.21047389801854213,True,101.47183895591417,0.06535633155386514,1.315826230702377
rijntakken,ahn4_pulse_penetration,single_source,sallandse_heuvelrug,ridge,403,0.12350822386414774,0.1046017110364501,-2.1667384209884637,-0.09321712162393236,0.20362881341607428,False,45.90162610448867,0.06535633155386514,1.8897667743538389
rijntakken,ahn4_pulse_penetration,single_source,savelsbos,ridge,403,0.07794688591738383,0.06123929883039795,-0.2612987841876757,0.011604377409289447,0.34939606406191226,True,140.04302342183664,0.06535633155386514,1.1926447532193856
rijntakken,ahn4_pulse_penetration,single_source,schoorlse_duinen,ridge,403,0.1295001189072215,0.11487324874573449,-2.4814548958435396,-0.1073837432496201,0.3360444004276439,False,108.09316932820258,0.06535633155386514,1.9814471808364973
rijntakken,ahn4_pulse_penetration,single_source,springendal_and_dal_van_de_mosbeek,ridge,403,0.0688666245474979,0.05341197612916804,0.015449420031717453,0.022762626990358317,0.49224713372379986,True,78.69945348718957,0.06535633155386514,1.0537100677191416
rijntakken,ahn4_pulse_penetration,single_source,vecht_en_beneden_reggegebied,ridge,403,0.09248326709798792,0.0775561556497931,-0.7756066604809835,-0.056273858763902396,0.42017753465449437,False,62.73630978298761,0.06535633155386514,1.4150620896120125
rijntakken,ahn4_pulse_penetration,single_source,veluwe,ridge,403,0.07968168432831653,0.06494425989109052,-0.31806688834631935,-0.04144985633548818,0.410897991957769,False,15.16356205583436,0.06535633155386514,1.219188446380972
rijntakken,ahn4_pulse_penetration,single_source,voornes_duin,ridge,403,0.13451117439176927,0.11552900866514124,-2.7561001853045926,-0.10907027511233369,0.3935999110768853,True,126.41288951626922,0.06535633155386514,2.058120019801117
rijntakken,ahn4_sigma_z,single_source,brabantse_wal,ridge,403,2.7445247184046395,2.2970256281177845,-1.580634575806723,-2.0633921006695273,0.16252750320178766,False,127.4399869807963,1.1442498432371917,2.398536241560775
rijntakken,ahn4_sigma_z,single_source,drents_friese_wold_and_leggelderveld,ridge,403,3.088018914112836,2.487202614862469,-2.2670224739825593,-2.4034952849787556,-0.0427088861921131,False,96.77598459240478,1.1442498432371917,2.698727845464708
rijntakken,ahn4_sigma_z,single_source,drentsche_aa,ridge,403,2.274789284379121,1.7221022977045088,-0.7728605093150502,-1.5303501687912457,0.3553826645700802,True,120.09610612674089,1.1442498432371917,1.9880179995861091
rijntakken,ahn4_sigma_z,single_source,geleenbeekdal,ridge,403,1.3420636553535326,1.0038944910505039,0.38292429337499245,-0.07669992426875195,0.49002591595040174,True,128.81797124784237,1.1442498432371917,1.1728764161825942
rijntakken,ahn4_sigma_z,single_source,geuldal,ridge,403,2.2357159421451382,1.8469064736117742,-0.7124798334128275,-1.3354218393877848,0.4494864583559664,True,139.18209704605272,1.1442498432371917,1.953870437788381
rijntakken,ahn4_sigma_z,single_source,kennemerland_zuid,ridge,403,1.7270818928619096,1.271758608115966,-0.021922780506028916,-0.7223527543588697,0.3141912297799867,True,95.2541735755889,1.1442498432371917,1.5093573340380197
rijntakken,ahn4_sigma_z,single_source,landgoederen_oldenzaal,ridge,403,1.6633320332897028,1.2919833178370421,0.05212706798077604,0.06685653146649774,0.3501498452010768,True,78.89114159087373,1.1442498432371917,1.4536440997745546
rijntakken,ahn4_sigma_z,single_source,leenderbos_groote_heide_and_de_plateaux,ridge,403,2.980941196133055,2.197613450380594,-2.0443812358116067,-2.026423968046498,-0.27103209919910476,False,85.50498669686564,1.1442498432371917,2.6051488787620793
rijntakken,ahn4_sigma_z,single_source,loonse_en_drunense_duinen_and_leemkuilen,ridge,403,2.4776502890947443,1.975651379045583,-1.1031596122985898,-1.8789996311601092,0.03898036969791534,False,69.27494533614546,1.1442498432371917,2.1653053340914044
rijntakken,ahn4_sigma_z,single_source,maasduinen,ridge,403,3.6452641137264865,2.9540084560107367,-3.5525027713045327,-2.907851499448783,-0.22697288873055826,False,58.66429245901174,1.1442498432371917,3.1857239354420077
rijntakken,ahn4_sigma_z,single_source,meinweg,ridge,403,3.562884985916231,3.0241081773770673,-3.3490642598376894,-2.8989761477031064,-0.042610967904248474,False,101.84608612624353,1.1442498432371917,3.113729931425195
rijntakken,ahn4_sigma_z,single_source,noordhollands_duinreservaat,ridge,403,2.0531367093826254,1.5333334000486307,-0.4442020421545576,-1.3631975949906512,0.24437837750549452,True,101.47183895591417,1.1442498432371917,1.7943080538897924
rijntakken,ahn4_sigma_z,single_source,sallandse_heuvelrug,ridge,403,3.9170167960300515,3.3428197663621315,-4.256577673797323,-3.185877533963109,-0.22726743456972648,False,45.90162610448867,1.1442498432371917,3.4232181189978914
rijntakken,ahn4_sigma_z,single_source,savelsbos,ridge,403,2.4734106041100223,2.0123081941057683,-1.0959680362828421,-1.466172438826193,0.35154710350259033,True,140.04302342183664,1.1442498432371917,2.1616001249451853
rijntakken,ahn4_sigma_z,single_source,schoorlse_duinen,ridge,403,2.4080369475389527,1.6643930675288068,-0.9866369600566156,-1.3731899528360165,-0.07848913247028727,False,108.09316932820258,1.1442498432371917,2.1044677976327155
rijntakken,ahn4_sigma_z,single_source,springendal_and_dal_van_de_mosbeek,ridge,403,2.1490261994638913,1.6016214058964997,-0.5822519473669934,-1.2116387351628435,0.4039485838397879,True,78.69945348718957,1.1442498432371917,1.8781092365143714
rijntakken,ahn4_sigma_z,single_source,vecht_en_beneden_reggegebied,ridge,403,3.90935896153279,3.1968813531091844,-4.23604436729766,-3.179920555298677,-0.18530538759970908,False,62.73630978298761,1.1442498432371917,3.4165256693178487
rijntakken,ahn4_sigma_z,single_source,veluwe,ridge,403,3.802010942279007,3.2828622655746686,-3.952436816019823,-3.2424373130073607,0.018617313408080295,False,15.16356205583436,1.1442498432371917,3.3227104768681954
rijntakken,ahn4_sigma_z,single_source,voornes_duin,ridge,403,2.3223101406321707,1.9534509626540104,-0.8477050922401848,-1.8666319722898908,0.32157968545473764,True,126.41288951626922,1.1442498432371917,2.0295481396459136
sallandse_heuvelrug,ahn4_entropy,single_source,brabantse_wal,ridge,1166,0.3040243663532136,0.2500259544785098,0.27471978560637966,0.22474107247329414,0.6238362689063535,True,173.06290492636307,0.18998503184638593,1.6002543116082701
sallandse_heuvelrug,ahn4_entropy,single_source,drents_friese_wold_and_leggelderveld,ridge,1166,0.34550644885372145,0.28123318334222897,0.06329818480578597,0.2525941371000688,0.5632537585274998,True,62.70154772338452,0.18998503184638593,1.8185982626941037
sallandse_heuvelrug,ahn4_entropy,single_source,drentsche_aa,ridge,1166,0.27856153888316415,0.22205953648520108,0.3911205002889161,0.062348169734411686,0.4926136184422724,False,80.17643854368437,0.18998503184638593,1.4662288716955214
sallandse_heuvelrug,ahn4_entropy,single_source,geleenbeekdal,ridge,1166,0.648282569007063,0.556568331695708,-2.297750045820768,0.5403401836197295,0.23932226720804278,False,162.29758365753034,0.18998503184638593,3.412282339859477
sallandse_heuvelrug,ahn4_entropy,single_source,geuldal,ridge,1166,0.3839241716519976,0.30630721526249854,-0.15659139792285948,0.24627603418147148,0.3882962055623059,False,172.8844823612834,0.18998503184638593,2.0208127341443554
sallandse_heuvelrug,ahn4_entropy,single_source,kennemerland_zuid,ridge,1166,0.39767196814186173,0.31244045377576574,-0.24090634009802048,-0.2795953406842569,0.38260311850975764,False,122.83354037679364,0.18998503184638593,2.09317525847722
sallandse_heuvelrug,ahn4_entropy,single_source,landgoederen_oldenzaal,ridge,1166,0.3199501681202339,0.23579933930604463,0.1967444563186136,-0.09297358888203898,0.33009536322123817,False,39.16126172268215,0.18998503184638593,1.6840809247484951
sallandse_heuvelrug,ahn4_entropy,single_source,leenderbos_groote_heide_and_de_plateaux,ridge,1166,0.20653086749325877,0.16906507255928327,0.6652974782049083,-0.0002505531108378446,0.6384461081826882,True,127.07611764177557,0.18998503184638593,1.0870902064550596
sallandse_heuvelrug,ahn4_entropy,single_source,loonse_en_drunense_duinen_and_leemkuilen,ridge,1166,0.19387462384968165,0.1543285253567345,0.7050618291301423,-0.008036265097382912,0.5847220886498345,True,115.176424616165,0.18998503184638593,1.0204731497291886
sallandse_heuvelrug,ahn4_entropy,single_source,maasduinen,ridge,1166,0.19092775927668984,0.15103309922245509,0.7139597179903716,-0.044377194780526395,0.6180753930084724,True,88.61214430143724,0.18998503184638593,1.0049621142315368
sallandse_heuvelrug,ahn4_entropy,single_source,meinweg,ridge,1166,0.2023521623804346,0.16586713799729658,0.6787044240992561,-0.016810601032152876,0.606335415252776,True,131.93876327953978,0.18998503184638593,1.0650952888964864
sallandse_heuvelrug,ahn4_entropy,single_source,noordhollands_duinreservaat,ridge,1166,0.47288843857226526,0.4025909181354288,-0.7547143941577241,-0.39065329627191736,0.5048381874621755,False,121.71555315299713,0.18998503184638593,2.489082608121588
sallandse_heuvelrug,ahn4_entropy,single_source,rijntakken,ridge,1166,0.46023567417786565,0.3873338579391917,-0.6620711233908496,0.313989388557222,0.20550708947260984,False,45.90162610448867,0.18998503184638593,2.422483864676209
sallandse_heuvelrug,ahn4_entropy,single_source,savelsbos,ridge,1166,0.724677891078043,0.6448478146841722,-3.1207765903004345,0.642519120851675,0.20017347459881402,False,175.53394694003867,0.18998503184638593,3.8143946606487806
sallandse_heuvelrug,ahn4_entropy,single_source,schoorlse_duinen,ridge,1166,0.38041436292730485,0.2759939954596179,-0.13554109980988782,-0.1845590888064352,0.22919874767525508,True,123.34587826945302,0.18998503184638593,2.002338601258294
sallandse_heuvelrug,ahn4_entropy,single_source,springendal_and_dal_van_de_mosbeek,ridge,1166,0.2687702319442913,0.21011248409501054,0.43317189160236214,-0.03640891053897967,0.4602670764860417,False,34.05101469411936,0.18998503184638593,1.414691617188073
sallandse_heuvelrug,ahn4_entropy,single_source,vecht_en_beneden_reggegebied,ridge,1166,0.2031190173192058,0.15865234078871898,0.6762645789950227,0.013554562114351111,0.6226728356213841,True,19.14903267170579,0.18998503184638593,1.0691316855079378
sallandse_heuvelrug,ahn4_entropy,single_source,veluwe,ridge,1166,0.2143597158765799,0.17083863327174748,0.6394417878613556,-0.034088740339588745,0.6588156509540962,True,40.823787315215306,0.18998503184638593,1.1282979179638863
sallandse_heuvelrug,ahn4_entropy,single_source,voornes_duin,ridge,1166,0.451504759482663,0.3592918482291577,-0.5996085307854062,-0.3066946300740274,0.28434341849924916,False,166.7139433223516,0.18998503184638593,2.376528061682939
sallandse_heuvelrug,ahn4_height_cv,single_source,brabantse_wal,ridge,1166,0.165768007790662,0.1456605402251746,-1.4623628343111474,0.13558652814793432,0.4110426401457701,True,173.06290492636307,0.08779991361936815,1.8880201694651162
sallandse_heuvelrug,ahn4_height_cv,single_source,drents_friese_wold_and_leggelderveld,ridge,1166,0.10176092649628556,0.08226704667180149,0.07207534075850841,0.04089934234419935,0.36614692785645775,True,62.70154772338452,0.08779991361936815,1.159009414718122
sallandse_heuvelrug,ahn4_height_cv,single_source,drentsche_aa,ridge,1166,0.1100964312588549,0.08723520194210531,-0.08616822729535922,-0.03479573387376243,0.049607916803806974,False,80.17643854368437,0.08779991361936815,1.253946919995241
sallandse_heuvelrug,ahn4_height_cv,single_source,geleenbeekdal,ridge,1166,0.23665331140755003,0.21585738271501997,-4.018521427732905,0.2071799640343857,0.10129887762995776,False,162.29758365753034,0.08779991361936815,2.6953706632730183
sallandse_heuvelrug,ahn4_height_cv,single_source,geuldal,ridge,1166,0.18443582890455973,0.16419851615850256,-2.048184111805339,0.1521576308207506,0.24484366314491549,False,172.8844823612834,0.08779991361936815,2.100637931195803
sallandse_heuvelrug,ahn4_height_cv,single_source,kennemerland_zuid,ridge,1166,0.19209664592882583,0.16781552551820877,-2.30666482276213,-0.16527229475866453,0.28120648826264644,False,122.83354037679364,0.08779991361936815,2.18789105831706
sallandse_heuvelrug,ahn4_height_cv,single_source,landgoederen_oldenzaal,ridge,1166,0.1538124516224039,0.13000106085326957,-1.119988964110032,0.09467559690178616,0.23530140347096917,False,39.16126172268215,0.08779991361936815,1.7518519698005006
sallandse_heuvelrug,ahn4_height_cv,single_source,leenderbos_groote_heide_and_de_plateaux,ridge,1166,0.09183206308644777,0.07416179290859114,0.24431762404802282,0.009739467439301982,0.4605346963617073,True,127.07611764177557,0.08779991361936815,1.0459242987932753
sallandse_heuvelrug,ahn4_height_cv,single_source,loonse_en_drunense_duinen_and_leemkuilen,ridge,1166,0.08361800446801165,0.0659400686425546,0.37345797099197375,0.00898043932109102,0.37380781406532837,True,115.176424616165,0.08779991361936815,0.9523700083637213
sallandse_heuvelrug,ahn4_height_cv,single_source,maasduinen,ridge,1166,0.088717384084143,0.06586969350101167,0.29470944697984713,-0.020161976378488797,0.3928071869544614,True,88.61214430143724,0.08779991361936815,1.0104495599933307
sallandse_heuvelrug,ahn4_height_cv,single_source,meinweg,ridge,1166,0.16481231078082567,0.14337984720558247,-1.4340523152327913,0.13372260814202225,0.40320159655787774,True,131.93876327953978,0.08779991361936815,1.8771352269812376
sallandse_heuvelrug,ahn4_height_cv,single_source,noordhollands_duinreservaat,ridge,1166,0.12259201567942027,0.0933583120144073,-0.34671278450844745,-0.06174005540529446,0.2050550169873755,False,121.71555315299713,0.08779991361936815,1.3962657891770087
sallandse_heuvelrug,ahn4_height_cv,single_source,rijntakken,ridge,1166,0.22449813416213046,0.20143605868147288,-3.5162303293261976,0.19003316327302172,-0.013648923985269469,False,45.90162610448867,0.08779991361936815,2.556928872793418
sallandse_heuvelrug,ahn4_height_cv,single_source,savelsbos,ridge,1166,0.1069849143975932,0.08417257806276841,-0.02564176716885691,0.016048660900090807,0.20138126873804166,False,175.53394694003867,0.08779991361936815,1.2185081965045685
sallandse_heuvelrug,ahn4_height_cv,single_source,schoorlse_duinen,ridge,1166,0.11272024027622593,0.0822027549997649,-0.13855606988799973,-0.01713061904432689,0.26483529730852784,True,123.34587826945302,0.08779991361936815,1.2838308789789117
sallandse_heuvelrug,ahn4_height_cv,single_source,springendal_and_dal_van_de_mosbeek,ridge,1166,0.08987656492431423,0.06859536697343135,0.2761583948521438,-0.010454468192973307,0.20168194771301415,False,34.05101469411936,0.08779991361936815,1.0236520882463371
sallandse_heuvelrug,ahn4_height_cv,single_source,vecht_en_beneden_reggegebied,ridge,1166,0.08642946292510838,0.0671772948148521,0.33061767625943983,-0.00024550667623505124,0.44760544977901306,True,19.14903267170579,0.08779991361936815,0.9843912068045878
sallandse_heuvelrug,ahn4_height_cv,single_source,veluwe,ridge,1166,0.11317650685474119,0.0863327526821844,-0.14779197040568515,-0.07251269378391414,0.43660975692700194,True,40.823787315215306,0.08779991361936815,1.2890275421612158
sallandse_heuvelrug,ahn4_height_cv,single_source,voornes_duin,ridge,1166,0.1661831832854569,0.1206218564242823,-1.4747125384812585,-0.08337739029706491,0.023898732891484843,False,166.7139433223516,0.08779991361936815,1.89274882439973
sallandse_heuvelrug,ahn4_height_sd_m,single_source,brabantse_wal,ridge,1166,1.1009727043462305,0.8799629253731541,0.378185781502977,0.3910872407892796,0.43416578815261747,True,173.06290492636307,0.9464341435104316,1.1632850652054858
sallandse_heuvelrug,ahn4_height_sd_m,single_source,drents_friese_wold_and_leggelderveld,ridge,1166,1.3700463760521149,1.146077652534176,0.03710688556853825,0.7669036516926082,0.37672871325597446,True,62.70154772338452,0.9464341435104316,1.4475876482757242
sallandse_heuvelrug,ahn4_height_sd_m,single_source,drentsche_aa,ridge,1166,1.3878690015797832,1.0585708345159854,0.011891816438227232,0.3555946927554405,0.1631222447831887,False,80.17643854368437,0.9464341435104316,1.4664189907942453
sallandse_heuvelrug,ahn4_height_sd_m,single_source,geleenbeekdal,ridge,1166,4.672026587711567,4.4143216237813006,-10.197424833884968,4.4052956745597305,0.05241214942934265,False,162.29758365753034,0.9464341435104316,4.936451859590029
sallandse_heuvelrug,ahn4_height_sd_m,single_source,geuldal,ridge,1166,1.9824739932361635,1.7474736287104329,-1.0161486167594753,1.4545725618807506,0.13659416001593816,False,172.8844823612834,0.9464341435104316,2.0946771699116247
sallandse_heuvelrug,ahn4_height_sd_m,single_source,kennemerland_zuid,ridge,1166,2.1810722764707458,1.7926274134518703,-1.4403249464177308,-1.7043831625688752,0.20587970575465422,False,122.83354037679364,0.9464341435104316,2.3045156299844605
sallandse_heuvelrug,ahn4_height_sd_m,single_source,landgoederen_oldenzaal,ridge,1166,2.2618855686287276,2.017575758114879,-1.6245134572323807,1.4665908939083137,0.013265103205015965,False,39.16126172268215,0.9464341435104316,2.3899027567191706
sallandse_heuvelrug,ahn4_height_sd_m,single_source,leenderbos_groote_heide_and_de_plateaux,ridge,1166,1.0273130871935805,0.8377433541318553,0.45860631457767365,0.30798169419128085,0.549231021663776,True,127.07611764177557,0.9464341435104316,1.0854564939755444
sallandse_heuvelrug,ahn4_height_sd_m,single_source,loonse_en_drunense_duinen_and_leemkuilen,ridge,1166,0.8679478494208416,0.6801244078876159,0.6135486690160614,0.241395684097618,0.46838705315852625,True,115.176424616165,0.9464341435104316,0.9170715737299211
sallandse_heuvelrug,ahn4_height_sd_m,single_source,maasduinen,ridge,1166,0.9418931381677043,0.7077184654705801,0.5448958344598438,-0.06034286554370594,0.4904543733933366,True,88.61214430143724,0.9464341435104316,0.9952019848672362
sallandse_heuvelrug,ahn4_height_sd_m,single_source,meinweg,ridge,1166,1.8686750557136702,1.6447586488895403,-0.7913280288827622,1.4969207855189344,0.3853671483039761,True,131.93876327953978,0.9464341435104316,1.9744374910044373
sallandse_heuvelrug,ahn4_height_sd_m,single_source,noordhollands_duinreservaat,ridge,1166,2.0832360216291033,1.6571798534026816,-1.2263041579603087,-1.595501322624123,0.21109040288637226,False,121.71555315299713,0.9464341435104316,2.201142082535341
sallandse_heuvelrug,ahn4_height_sd_m,single_source,rijntakken,ridge,1166,4.07372056430742,3.7811036575727224,-7.513144701452397,3.7166484403838385,-0.13502822839697293,False,45.90162610448867,0.9464341435104316,4.30428317938481
sallandse_heuvelrug,ahn4_height_sd_m,single_source,savelsbos,ridge,1166,1.5049663776651059,1.0228740669779501,-0.16187963488909363,-0.2558433880342737,0.18065389550110078,False,175.53394694003867,0.9464341435104316,1.59014379181526
sallandse_heuvelrug,ahn4_height_sd_m,single_source,schoorlse_duinen,ridge,1166,1.4779330314861308,1.0675883438204068,-0.12051340334556748,0.019079025151236665,0.12022471126117605,True,123.34587826945302,0.9464341435104316,1.56158042439626
sallandse_heuvelrug,ahn4_height_sd_m,single_source,springendal_and_dal_van_de_mosbeek,ridge,1166,1.169232347340134,0.8493478126676396,0.29869136190197276,-0.21784556179847023,0.17561337054558196,False,34.05101469411936,0.9464341435104316,1.2354080369536529
sallandse_heuvelrug,ahn4_height_sd_m,single_source,vecht_en_beneden_reggegebied,ridge,1166,1.0385178268268298,0.8275306243738098,0.4467321220605718,0.267944471600503,0.4943754906518842,True,19.14903267170579,0.9464341435104316,1.0972953944527502
sallandse_heuvelrug,ahn4_height_sd_m,single_source,veluwe,ridge,1166,0.8747489068409929,0.6758930343727853,0.6074686378012335,-0.07589656266661658,0.5492611754687868,True,40.823787315215306,0.9464341435104316,0.9242575543570839
sallandse_heuvelrug,ahn4_height_sd_m,single_source,voornes_duin,ridge,1166,2.4111156333262356,1.9202679053782046,-1.9822470832296002,-1.7270684126302438,-0.0021440675863928613,False,166.7139433223516,0.9464341435104316,2.5475788778954382
sallandse_heuvelrug,ahn4_p95_height_m,single_source,brabantse_wal,ridge,1166,2.2848940668924165,1.8145578470753418,0.5060590930229879,-0.1175933022152111,0.448507407373361,True,173.06290492636307,2.2529241247373357,1.014190421152691
sallandse_heuvelrug,ahn4_p95_height_m,single_source,drents_friese_wold_and_leggelderveld,ridge,1166,3.0535185102751847,2.5851847876295335,0.1178468911622077,1.9440828753800794,0.39774881965121184,True,62.70154772338452,2.2529241247373357,1.3553578998721
sallandse_heuvelrug,ahn4_p95_height_m,single_source,drentsche_aa,ridge,1166,3.2076801498153773,2.563166153430664,0.026524629395241694,1.1121239518702637,0.27818866862279257,False,80.17643854368437,2.2529241247373357,1.4237852551689263
sallandse_heuvelrug,ahn4_p95_height_m,single_source,geleenbeekdal,ridge,1166,9.06687752772581,8.49091639207135,-6.77782834073428,8.46775742568764,0.25838485024834673,False,162.29758365753034,2.2529241247373357,4.024493070215092
sallandse_heuvelrug,ahn4_p95_height_m,single_source,geuldal,ridge,1166,2.9966574923116807,2.384282994735246,0.15039498010342855,0.31713792439237964,0.23334739426373832,False,172.8844823612834,2.2529241247373357,1.3301191369065992
sallandse_heuvelrug,ahn4_p95_height_m,single_source,kennemerland_zuid,ridge,1166,4.562659162254041,3.578957071692014,-0.9696039655084954,-3.3077476291427574,0.2246338453294767,False,122.83354037679364,2.2529241247373357,2.0252165228982104
sallandse_heuvelrug,ahn4_p95_height_m,single_source,landgoederen_oldenzaal,ridge,1166,4.332527546108625,3.7531401958110746,-0.7759286774260483,2.257840686480621,0.10742229532693061,False,39.16126172268215,2.2529241247373357,1.923068557230593
sallandse_heuvelrug,ahn4_p95_height_m,single_source,leenderbos_groote_heide_and_de_plateaux,ridge,1166,2.2899493050522697,1.7717389691900425,0.503871025573629,0.9625128565298314,0.5259024659899104,True,127.07611764177557,2.2529241247373357,1.0164342775277666
sallandse_heuvelrug,ahn4_p95_height_m,single_source,loonse_en_drunense_duinen_and_leemkuilen,ridge,1166,2.1849955727743087,1.7227216810431645,0.5483063578676846,0.9641223565434678,0.44334869656017784,True,115.176424616165,2.2529241247373357,0.9698487173992392
sallandse_heuvelrug,ahn4_p95_height_m,single_source,maasduinen,ridge,1166,2.059209380621088,1.6094976612771315,0.5988157536198407,0.4904670730186107,0.5366937893944809,True,88.61214430143724,2.2529241247373357,0.9140163035278285
sallandse_heuvelrug,ahn4_p95_height_m,single_source,meinweg,ridge,1166,3.954467859143743,3.4137670506825,-0.47951357764945524,3.0006463716326888,0.3475100767395273,True,131.93876327953978,2.2529241247373357,1.7552601153866143
sallandse_heuvelrug,ahn4_p95_height_m,single_source,noordhollands_duinreservaat,ridge,1166,5.5236879185059236,4.674610828370574,-1.8866964754537152,-4.641470250486406,0.26208942345068764,False,121.71555315299713,2.2529241247373357,2.451786040131254
sallandse_heuvelrug,ahn4_p95_height_m,single_source,rijntakken,ridge,1166,8.947992257552862,8.349340907486528,-6.575199140011678,8.21301278230095,0.03576508535550393,False,45.90162610448867,2.2529241247373357,3.971723751946636
sallandse_heuvelrug,ahn4_p95_height_m,single_source,savelsbos,ridge,1166,3.9701533415088592,2.8559161753472417,-0.49127390053666,-1.640504153146638,0.11749883546860303,False,175.53394694003867,2.2529241247373357,1.7622223926301699
sallandse_heuvelrug,ahn4_p95_height_m,single_source,schoorlse_duinen,ridge,1166,3.4120587769326827,2.5669732418396896,-0.10147808941882719,0.40124517143239613,0.03581728355259177,True,123.34587826945302,2.2529241247373357,1.5145023036807723
sallandse_heuvelrug,ahn4_p95_height_m,single_source,springendal_and_dal_van_de_mosbeek,ridge,1166,2.9433422671861584,2.2285409110135155,0.1803576513872327,0.6478484945700618,0.2583998554655732,False,34.05101469411936,2.2529241247373357,1.306454236460057
sallandse_heuvelrug,ahn4_p95_height_m,single_source,vecht_en_beneden_reggegebied,ridge,1166,2.319655588152442,1.8731945603334712,0.4909155048766458,0.7921680029355673,0.47511558634091033,True,19.14903267170579,2.2529241247373357,1.0296199337928817
sallandse_heuvelrug,ahn4_p95_height_m,single_source,veluwe,ridge,1166,2.558965798949724,2.0213979408302585,0.3804564813684803,1.326114016005101,0.5106845120442507,True,40.823787315215306,2.2529241247373357,1.1358419801412838
sallandse_heuvelrug,ahn4_p95_height_m,single_source,voornes_duin,ridge,1166,5.556548391526127,4.700355832434908,-1.9211446083908212,-4.4555891246966866,0.22979959781507675,False,166.7139433223516,2.2529241247373357,2.466371739072196
sallandse_heuvelrug,ahn4_pulse_penetration,single_source,brabantse_wal,ridge,1166,0.0593709950790317,0.047367116934568645,0.4106268409279451,-0.01036354213090081,0.48044332504949966,True,173.06290492636307,0.049972123073514944,1.188082303241147
sallandse_heuvelrug,ahn4_pulse_penetration,single_source,drents_friese_wold_and_leggelderveld,ridge,1166,0.05531430676585065,0.042817681074634274,0.4884163625226061,-0.02139869874603149,0.5647555343714367,True,62.70154772338452,0.049972123073514944,1.1069032765423377
sallandse_heuvelrug,ahn4_pulse_penetration,single_source,drentsche_aa,ridge,1166,0.07381292324612013,0.0597110498708841,0.08902489632148136,0.03896375656929989,0.5188473539318535,False,80.17643854368437,0.049972123073514944,1.4770819950461687
sallandse_heuvelrug,ahn4_pulse_penetration,single_source,geleenbeekdal,ridge,1166,0.11058901189260387,0.09543859378369539,-1.0448697625432648,-0.07947002777732469,0.2167314912386469,False,162.29758365753034,0.049972123073514944,2.213014078467594
sallandse_heuvelrug,ahn4_pulse_penetration,single_source,geuldal,ridge,1166,0.06754552244517036,0.053991988444835104,0.23715759255746027,0.007025819405913105,0.44664456232352173,False,172.8844823612834,0.049972123073514944,1.3516640536925526
sallandse_heuvelrug,ahn4_pulse_penetration,single_source,kennemerland_zuid,ridge,1166,0.06579276825999854,0.05192470274207957,0.2762342667579899,0.012072419876964467,0.4958184441331325,False,122.83354037679364,0.049972123073514944,1.316589414526366
sallandse_heuvelrug,ahn4_pulse_penetration,single_source,landgoederen_oldenzaal,ridge,1166,0.07120577843256042,0.05642321027158986,0.15224145712618442,0.025485708443976636,0.42825368131868063,False,39.16126172268215,0.049972123073514944,1.4249100108836328
sallandse_heuvelrug,ahn4_pulse_penetration,single_source,leenderbos_groote_heide_and_de_plateaux,ridge,1166,0.04942522561399767,0.03859182752749593,0.5915498888391524,-0.007537106065750598,0.6041563109404259,True,127.07611764177557,0.049972123073514944,0.9890559490795954
sallandse_heuvelrug,ahn4_pulse_penetration,single_source,loonse_en_drunense_duinen_and_leemkuilen,ridge,1166,0.0490750865605016,0.039560984749201826,0.5973164892427218,-0.00016731102658574626,0.6132952978715169,True,115.176424616165,0.049972123073514944,0.9820492615113892
sallandse_heuvelrug,ahn4_pulse_penetration,single_source,maasduinen,ridge,1166,0.04928066155151276,0.03807256719197262,0.5939357496193289,0.009898596210846974,0.6367238521724906,True,88.61214430143724,0.049972123073514944,0.9861630549299465
sallandse_heuvelrug,ahn4_pulse_penetration,single_source,meinweg,ridge,1166,0.06012116578134123,0.04887285619141822,0.3956389262720418,-0.03670720146850162,0.6237283966974858,True,131.93876327953978,0.049972123073514944,1.2030940869351465
sallandse_heuvelrug,ahn4_pulse_penetration,single_source,noordhollands_duinreservaat,ridge,1166,0.07924805841042952,0.0623652524871719,-0.050071712152110814,0.04955707572801398,0.5106991070693164,False,121.71555315299713,0.049972123073514944,1.5858453380867206
sallandse_heuvelrug,ahn4_pulse_penetration,single_source,rijntakken,ridge,1166,0.09673376317079045,0.08231806981900848,-0.5645803231688207,-0.05504074860239155,0.2525073148673878,False,45.90162610448867,0.049972123073514944,1.9357545211453908
sallandse_heuvelrug,ahn4_pulse_penetration,single_source,savelsbos,ridge,1166,0.09958198453188917,0.07816634733834318,-0.6580714889894963,0.06010745755861564,-0.09012496140852845,False,175.53394694003867,0.049972123073514944,1.992750725947589
sallandse_heuvelrug,ahn4_pulse_penetration,single_source,schoorlse_duinen,ridge,1166,0.061442030035766974,0.04891484257938043,0.3687915410759469,-0.0035856018915193816,0.5635158359907911,True,123.34587826945302,0.049972123073514944,1.2295261088943215
sallandse_heuvelrug,ahn4_pulse_penetration,single_source,springendal_and_dal_van_de_mosbeek,ridge,1166,0.09588298471994007,0.07840311381011263,-0.5371802183015315,0.07061942149164806,0.48713205344610155,False,34.05101469411936,0.049972123073514944,1.9187294600008244
sallandse_heuvelrug,ahn4_pulse_penetration,single_source,vecht_en_beneden_reggegebied,ridge,1166,0.05508742765534357,0.04370296310557061,0.4926044149029074,-0.025142944358395328,0.643141305226505,True,19.14903267170579,0.049972123073514944,1.1023631630439916
sallandse_heuvelrug,ahn4_pulse_penetration,single_source,veluwe,ridge,1166,0.04914410505819449,0.03897847789852481,0.5961830361416848,0.01593825303641814,0.6070643055249442,True,40.823787315215306,0.049972123073514944,0.9834304015040077
sallandse_heuvelrug,ahn4_pulse_penetration,single_source,voornes_duin,ridge,1166,0.07650930648657236,0.06172296678719729,0.021253485617554246,-0.0035620577686629835,0.32717738153839115,False,166.7139433223516,0.049972123073514944,1.5310397433788847
sallandse_heuvelrug,ahn4_sigma_z,single_source,brabantse_wal,ridge,1166,0.8894468084551976,0.698072700822925,0.23076412602052,0.07304612703912915,0.4395868178542727,True,173.06290492636307,0.7936651605309442,1.120682691754011
sallandse_heuvelrug,ahn4_sigma_z,single_source,drents_friese_wold_and_leggelderveld,ridge,1166,1.218219045334141,1.0485879737666879,-0.44301331110258824,0.8739453276596894,0.3679497777637572,True,62.70154772338452,0.7936651605309442,1.5349282114376546
sallandse_heuvelrug,ahn4_sigma_z,single_source,drentsche_aa,ridge,1166,1.2939890686848976,1.0666458160329795,-0.6280988989297649,0.8019844817586526,0.11732468440175178,False,80.17643854368437,0.7936651605309442,1.6303967126631185
sallandse_heuvelrug,ahn4_sigma_z,single_source,geleenbeekdal,ridge,1166,5.2808370387175625,5.091008476143276,-26.11596715231751,5.091008476143276,-0.06690140644167218,False,162.29758365753034,0.7936651605309442,6.653734221097473
sallandse_heuvelrug,ahn4_sigma_z,single_source,geuldal,ridge,1166,2.432668332144009,2.21726653714236,-4.754205539929578,2.176546387898615,0.05218055959776007,False,172.8844823612834,0.7936651605309442,3.0651066131170586
sallandse_heuvelrug,ahn4_sigma_z,single_source,kennemerland_zuid,ridge,1166,1.5267913067402368,1.2627742628267593,-1.2666210854561482,-1.1494230930579816,0.3033655481329243,False,122.83354037679364,0.7936651605309442,1.9237222227555606
sallandse_heuvelrug,ahn4_sigma_z,single_source,landgoederen_oldenzaal,ridge,1166,1.8864776794329938,1.6685081916932518,-2.4603729594174926,1.3741332936663608,0.14403630986847502,False,39.16126172268215,0.7936651605309442,2.376918848461211
sallandse_heuvelrug,ahn4_sigma_z,single_source,leenderbos_groote_heide_and_de_plateaux,ridge,1166,0.8956473042797275,0.7181013586937934,0.22000177619267014,0.41559485576801136,0.4887047307611938,True,127.07611764177557,0.7936651605309442,1.128495175069244
sallandse_heuvelrug,ahn4_sigma_z,single_source,loonse_en_drunense_duinen_and_leemkuilen,ridge,1166,0.7118195549262972,0.5669054768580345,0.5073262800985477,-0.04921123993378625,0.44067739933624306,True,115.176424616165,0.7936651605309442,0.8968764037092241
sallandse_heuvelrug,ahn4_sigma_z,single_source,maasduinen,ridge,1166,0.720872577955353,0.555501726203001,0.49471479971279053,0.01855208594133239,0.44606325964102544,True,88.61214430143724,0.7936651605309442,0.9082830062404471
sallandse_heuvelrug,ahn4_sigma_z,single_source,meinweg,ridge,1166,1.754983838886452,1.5601947826665201,-1.9947861128964166,1.503918989318626,0.29660709539115554,True,131.93876327953978,0.7936651605309442,2.2112396085427353
sallandse_heuvelrug,ahn4_sigma_z,single_source,noordhollands_duinreservaat,ridge,1166,1.373326235933959,1.079681600474242,-0.8338634771170901,-0.9856654483201605,0.3009015660080559,False,121.71555315299713,0.7936651605309442,1.7303597338394376
sallandse_heuvelrug,ahn4_sigma_z,single_source,rijntakken,ridge,1166,4.29148781472146,4.084945001768722,-16.907515468592575,4.083388884182142,-0.20396688471784738,False,45.90162610448867,0.7936651605309442,5.407176764380776
sallandse_heuvelrug,ahn4_sigma_z,single_source,savelsbos,ridge,1166,1.2728440477586112,1.0226860180383732,-0.5753242539322023,0.6840234538079915,0.23333140153813628,False,175.53394694003867,0.7936651605309442,1.6037544685810665
sallandse_heuvelrug,ahn4_sigma_z,single_source,schoorlse_duinen,ridge,1166,1.0051506140495698,0.7458488607447722,0.017614707036722188,-0.05433817920718767,0.2020666348458391,True,123.34587826945302,0.7936651605309442,1.266466847778913
sallandse_heuvelrug,ahn4_sigma_z,single_source,springendal_and_dal_van_de_mosbeek,ridge,1166,1.0365344309272386,0.8397250969571833,-0.044689027044978014,0.46368091735447614,0.16686150463685182,False,34.05101469411936,0.7936651605309442,1.306009741228682
sallandse_heuvelrug,ahn4_sigma_z,single_source,vecht_en_beneden_reggegebied,ridge,1166,0.8699045953996402,0.7016140611634728,0.2641948593434029,0.29729640342588987,0.439666990618796,True,19.14903267170579,0.7936651605309442,1.0960599490315204
sallandse_heuvelrug,ahn4_sigma_z,single_source,veluwe,ridge,1166,0.8163373976190852,0.6794426371721093,0.35202395197653025,0.38510089302670863,0.45636317305627133,True,40.823787315215306,0.7936651605309442,1.0285665016125614
sallandse_heuvelrug,ahn4_sigma_z,single_source,voornes_duin,ridge,1166,1.909012559272612,1.5798202880164685,-2.543538361782976,-1.4051566957342585,0.09678660333578529,False,166.7139433223516,0.7936651605309442,2.4053122830735387
savelsbos,ahn4_entropy,single_source,brabantse_wal,ridge,615,0.4790958739004132,0.4187447440153925,-2.6512969265900144,-0.3800171760140314,0.008903698725955589,False,118.53412518408467,0.1884832473870736,2.5418485756271525
savelsbos,ahn4_entropy,single_source,drents_friese_wold_and_leggelderveld,ridge,615,0.3636089497550727,0.31067204381212965,-1.1031556684860098,-0.25690994199294903,0.29726742982326915,False,235.33243952185128,0.1884832473870736,1.9291313938811594
savelsbos,ahn4_entropy,single_source,drentsche_aa,ridge,615,0.22893083806956657,0.18049034367649994,0.16629791689497742,-0.04282986202295424,0.4446125371378913,True,255.65613519985618,0.1884832473870736,1.2145951496656298
savelsbos,ahn4_entropy,single_source,geleenbeekdal,ridge,615,0.25423385001680304,0.19175291010678863,-0.028179732845475813,0.09034691873588627,0.3334313801790912,True,15.848844587198823,0.1884832473870736,1.3488405656270475
savelsbos,ahn4_entropy,single_source,geuldal,ridge,615,0.19319590193684974,0.13784871352770894,0.40625753628119077,0.02347456952006615,0.6644999635641461,True,9.41802897726977,0.1884832473870736,1.025003041995017
savelsbos,ahn4_entropy,single_source,kennemerland_zuid,ridge,615,0.34358114184091876,0.28485081125048606,-0.8778501262445138,-0.2269997700681993,0.16594628291025745,True,192.6793150096547,0.1884832473870736,1.8228736325586141
savelsbos,ahn4_entropy,single_source,landgoederen_oldenzaal,ridge,615,0.352572476505539,0.3041779396591845,-0.9774208211037918,-0.27402906033125624,0.33804513488291615,True,187.37829249110678,0.1884832473870736,1.8705772602776096
savelsbos,ahn4_entropy,single_source,leenderbos_groote_heide_and_de_plateaux,ridge,615,0.43973379075607655,0.3722511403559337,-2.0759691093462904,-0.2833207557210958,-0.23145796720160777,False,60.720060800001576,0.1884832473870736,2.333012598477938
savelsbos,ahn4_entropy,single_source,loonse_en_drunense_duinen_and_leemkuilen,ridge,615,0.7126806884169087,0.6548942409857673,-7.079644863662216,-0.6531015841233863,0.0632671216127456,False,103.59747140931992,0.1884832473870736,3.7811354499497294
savelsbos,ahn4_entropy,single_source,maasduinen,ridge,615,0.9418772832544928,0.8912370494104707,-13.11207692920608,-0.8897569341882704,-0.08956914450333588,False,87.08174684375118,0.1884832473870736,4.997140575152717
savelsbos,ahn4_entropy,single_source,meinweg,ridge,615,0.7664623422430259,0.7158602241935996,-8.34509959789616,-0.714449041733105,0.14308051115038797,False,47.045263961560266,0.1884832473870736,4.066474622378513
savelsbos,ahn4_entropy,single_source,noordhollands_duinreservaat,ridge,615,0.30441517632184445,0.2527422801627662,-0.47412696440837254,-0.18024398264714098,0.260658877983243,True,210.0292762461857,0.1884832473870736,1.615078159687531
savelsbos,ahn4_entropy,single_source,rijntakken,ridge,615,0.3184126782072917,0.264032846649925,-0.612809205807511,-0.21319250609828885,0.20486337367491886,True,140.04302342183664,0.1884832473870736,1.6893420641962518
savelsbos,ahn4_entropy,single_source,sallandse_heuvelrug,ridge,615,0.6671618981882343,0.6093200762310617,-6.080513605844109,-0.5911922084510619,-0.0843761007660676,False,175.53394694003867,0.1884832473870736,3.5396349937569527
savelsbos,ahn4_entropy,single_source,schoorlse_duinen,ridge,615,0.4733536778071039,0.4258818727046473,-2.5642963178347653,-0.3940364088697519,0.08708712293592968,False,222.27579240773682,0.1884832473870736,2.511383289332944
savelsbos,ahn4_entropy,single_source,springendal_and_dal_van_de_mosbeek,ridge,615,0.3258939027959716,0.26921691035598555,-0.6894866361694203,-0.189618686839554,0.12767766662463442,True,197.102090566301,0.1884832473870736,1.7290337858340707
savelsbos,ahn4_entropy,single_source,vecht_en_beneden_reggegebied,ridge,615,0.6725382447655359,0.6181324800567517,-6.19509052782512,-0.6141671863202258,0.11851668536912728,False,194.68199073897736,0.1884832473870736,3.5681592613076942
savelsbos,ahn4_entropy,single_source,veluwe,ridge,615,0.5835821686066398,0.5276510351246354,-4.417592278005172,-0.5194586908327926,0.1858738187393789,False,154.66038420051999,0.1884832473870736,3.096201793511027
savelsbos,ahn4_entropy,single_source,voornes_duin,ridge,615,0.3337550779729865,0.2797680013192896,-0.7719768938453682,-0.22703237293357362,0.24907022886951896,True,168.4247113206963,0.1884832473870736,1.770741339614015
savelsbos,ahn4_height_cv,single_source,brabantse_wal,ridge,615,0.17184439518239653,0.15588643710611666,-3.1844300345635643,0.15354478017493933,0.5441688915243508,False,118.53412518408467,0.06602796150185754,2.602600341940923
savelsbos,ahn4_height_cv,single_source,drents_friese_wold_and_leggelderveld,ridge,615,0.08843302156136168,0.07279136124828182,-0.1081396516710822,0.041977153870873585,0.4630762492405757,False,235.33243952185128,0.06602796150185754,1.3393268480486684
savelsbos,ahn4_height_cv,single_source,drentsche_aa,ridge,615,0.09134919923116175,0.07389439207375617,-0.18242895536626258,0.043812089786950385,0.38267228603908787,True,255.65613519985618,0.06602796150185754,1.383492646953698
savelsbos,ahn4_height_cv,single_source,geleenbeekdal,ridge,615,0.14038135770289267,0.12487581535631163,-1.7924438145337769,0.12076704708504248,0.4966508446178505,True,15.848844587198823,0.06602796150185754,2.126089531007911
savelsbos,ahn4_height_cv,single_source,geuldal,ridge,615,0.07804288486256583,0.06269561029448267,0.13695747305059602,0.04082411308989703,0.5915359167245574,True,9.41802897726977,0.06602796150185754,1.181967201279874
savelsbos,ahn4_height_cv,single_source,kennemerland_zuid,ridge,615,0.10923376209743388,0.08341791522791907,-0.6907498188786905,-0.06463964742690216,0.14517957709328808,True,192.6793150096547,0.06602796150185754,1.65435611842054
savelsbos,ahn4_height_cv,single_source,landgoederen_oldenzaal,ridge,615,0.2997408206508791,0.28961508317086937,-11.730848526983943,0.28961133692120455,0.45906685178222156,True,187.37829249110678,0.06602796150185754,4.5396043408434865
savelsbos,ahn4_height_cv,single_source,leenderbos_groote_heide_and_de_plateaux,ridge,615,0.09749929871192242,0.07890898494892049,-0.3470029620499686,-0.02372795166853113,0.30774242603050916,False,60.720060800001576,0.06602796150185754,1.4766365111723085
savelsbos,ahn4_height_cv,single_source,loonse_en_drunense_duinen_and_leemkuilen,ridge,615,0.0788940055097446,0.06410463185018137,0.11803047506092701,0.022589385735952837,0.33135003455620504,False,103.59747140931992,0.06602796150185754,1.1948575075655652
savelsbos,ahn4_height_cv,single_source,maasduinen,ridge,615,0.21050009473352357,0.19352551243305632,-5.278706150039282,-0.19319803410513514,0.4351668417134628,False,87.08174684375118,0.06602796150185754,3.188044730528318
savelsbos,ahn4_height_cv,single_source,meinweg,ridge,615,0.10854493326319987,0.08757359333691157,-0.669493293435317,0.029068290682592555,0.20273453810004333,False,47.045263961560266,0.06602796150185754,1.643923737675079
savelsbos,ahn4_height_cv,single_source,noordhollands_duinreservaat,ridge,615,0.10427354019351495,0.0795104517434688,-0.5406848211957562,-0.06302700322411584,0.09830422065987254,True,210.0292762461857,0.06602796150185754,1.5792330676539434
savelsbos,ahn4_height_cv,single_source,rijntakken,ridge,615,0.18027137839381963,0.16588514635198814,-3.6048885726636186,0.16346203065806364,0.3247875953146778,True,140.04302342183664,0.06602796150185754,2.730227835199003
savelsbos,ahn4_height_cv,single_source,sallandse_heuvelrug,ridge,615,0.115802137569099,0.09616515778605622,-0.9001973973027093,-0.05777505533163657,0.2807517994881487,False,175.53394694003867,0.06602796150185754,1.7538348138438469
savelsbos,ahn4_height_cv,single_source,schoorlse_duinen,ridge,615,0.09449442333799357,0.07281553727863141,-0.2652546000476501,-0.0472214760643449,0.28713175695232007,False,222.27579240773682,0.06602796150185754,1.4311273767755983
savelsbos,ahn4_height_cv,single_source,springendal_and_dal_van_de_mosbeek,ridge,615,0.07851223704755131,0.059725784829329366,0.12654553221670062,-0.013734673883137679,0.4128923926859972,True,197.102090566301,0.06602796150185754,1.1890755864898623
savelsbos,ahn4_height_cv,single_source,vecht_en_beneden_reggegebied,ridge,615,0.2432145497036021,0.22822381966311983,-7.38194237507178,-0.2265277503373833,0.42039841234342273,False,194.68199073897736,0.06602796150185754,3.6835083829864996
savelsbos,ahn4_height_cv,single_source,veluwe,ridge,615,0.14331397394411607,0.12474188973596516,-1.9103327352189239,-0.12292363540723839,0.434182215737142,False,154.66038420051999,0.06602796150185754,2.1705042937011507
savelsbos,ahn4_height_cv,single_source,voornes_duin,ridge,615,0.09578886974680112,0.07637313398307656,-0.3001565989598558,0.038951677163774484,0.13533626149915806,True,168.4247113206963,0.06602796150185754,1.4507318955183302
savelsbos,ahn4_height_sd_m,single_source,brabantse_wal,ridge,615,1.448365882996167,1.1216487144109506,-0.013876167366801972,0.06530957673466711,0.19355978375819824,False,118.53412518408467,1.1470487071182718,1.2626890854834698
savelsbos,ahn4_height_sd_m,single_source,drents_friese_wold_and_leggelderveld,ridge,615,1.897510579171508,1.5399104825516352,-0.7401903410312449,-1.2063508884669634,0.2578975646865903,False,235.33243952185128,1.1470487071182718,1.654254581689578
savelsbos,ahn4_height_sd_m,single_source,drentsche_aa,ridge,615,1.2971331352672597,1.0314867969551413,0.18679985194366855,0.07010727066707262,0.3693874356654939,True,255.65613519985618,1.1470487071182718,1.1308439887666537
savelsbos,ahn4_height_sd_m,single_source,geleenbeekdal,ridge,615,2.2548290356876244,2.024963159966726,-1.4572852810359165,1.9098644739734738,0.46460651027972477,True,15.848844587198823,1.1470487071182718,1.9657657270303952
savelsbos,ahn4_height_sd_m,single_source,geuldal,ridge,615,1.1777610622778407,0.9740107150949074,0.32958653835351015,0.3791317739148014,0.5942443160765556,True,9.41802897726977,1.1470487071182718,1.0267751098702056
savelsbos,ahn4_height_sd_m,single_source,kennemerland_zuid,ridge,615,1.6383833119338682,1.2555147039647774,-0.2973566235908498,-0.8891646042130356,0.26307494823475874,True,192.6793150096547,1.1470487071182718,1.4283467665902134
savelsbos,ahn4_height_sd_m,single_source,landgoederen_oldenzaal,ridge,615,1.6971208065321395,1.486173946022323,-0.39204686882201045,1.2161455645555448,0.4489573468154577,True,187.37829249110678,1.1470487071182718,1.4795542647842852
savelsbos,ahn4_height_sd_m,single_source,leenderbos_groote_heide_and_de_plateaux,ridge,615,3.0296804299575566,2.5948883204065987,-3.4363110124879013,-2.5109931439554902,-0.13549250741125704,False,60.720060800001576,1.1470487071182718,2.6412831566403288
savelsbos,ahn4_height_sd_m,single_source,loonse_en_drunense_duinen_and_leemkuilen,ridge,615,1.9458579467985109,1.5584077073646219,-0.8299979645504147,-1.1454336035831305,0.08727621554710309,False,103.59747140931992,1.1470487071182718,1.6964039405851266
savelsbos,ahn4_height_sd_m,single_source,maasduinen,ridge,615,4.345891656396416,4.012489883729134,-8.128220708065122,-4.012435967822209,-0.07034726279238099,False,87.08174684375118,1.1470487071182718,3.788759474141766
savelsbos,ahn4_height_sd_m,single_source,meinweg,ridge,615,2.2403782884333587,1.8656613512820917,-1.4258897109181672,-1.5036426489573558,0.04532059209591364,False,47.045263961560266,1.1470487071182718,1.9531675285715258
savelsbos,ahn4_height_sd_m,single_source,noordhollands_duinreservaat,ridge,615,1.969393274088057,1.5647051524628983,-0.8745336578777225,-1.4126171898137618,0.22880374070766754,True,210.0292762461857,1.1470487071182718,1.7169220991807401
savelsbos,ahn4_height_sd_m,single_source,rijntakken,ridge,615,1.8373597704151348,1.554047961406047,-0.6316114645400353,0.9660565405933157,0.02917551895141203,True,140.04302342183664,1.1470487071182718,1.601814952593539
savelsbos,ahn4_height_sd_m,single_source,sallandse_heuvelrug,ridge,615,2.7406214342523714,2.320232977765527,-2.6301656413731997,-2.2017185422849836,-0.12244443420770337,False,175.53394694003867,1.1470487071182718,2.3892807840197383
savelsbos,ahn4_height_sd_m,single_source,schoorlse_duinen,ridge,615,1.976674695522674,1.5677566481748564,-0.8884206782122799,-1.3808514669852445,0.06781364967128749,False,222.27579240773682,1.1470487071182718,1.7232700610322556
savelsbos,ahn4_height_sd_m,single_source,springendal_and_dal_van_de_mosbeek,ridge,615,1.6595595392514244,1.2687118334735896,-0.3311102203628771,-0.8973663159388005,0.2402766226089588,True,197.102090566301,1.1470487071182718,1.4468082557895319
savelsbos,ahn4_height_sd_m,single_source,vecht_en_beneden_reggegebied,ridge,615,4.287566730447532,4.038263376596262,-7.884850542190524,-4.037033763476304,0.13409639545871882,False,194.68199073897736,1.1470487071182718,3.737911654352654
savelsbos,ahn4_height_sd_m,single_source,veluwe,ridge,615,2.856439622680507,2.4681443839645874,-2.9434690747275565,-2.4383366724264013,0.12497539430920553,False,154.66038420051999,1.1470487071182718,2.4902513772555785
savelsbos,ahn4_height_sd_m,single_source,voornes_duin,ridge,615,1.5837071439655053,1.225928638539899,-0.21221064534182776,-0.6790805656917472,0.17063105279572952,True,168.4247113206963,1.1470487071182718,1.3806799433515335
savelsbos,ahn4_p95_height_m,single_source,brabantse_wal,ridge,615,5.4681556869336765,4.549731103068435,-0.7015237544993036,-3.2204169484845746,-0.02318237452775231,False,118.53412518408467,3.4698977586261273,1.5758838061841742
savelsbos,ahn4_p95_height_m,single_source,drents_friese_wold_and_leggelderveld,ridge,615,6.935941785036609,5.874572934092713,-1.7375821030761505,-5.458634553772261,0.11098594628099732,False,235.33243952185128,3.4698977586261273,1.9988893816234021
savelsbos,ahn4_p95_height_m,single_source,drentsche_aa,ridge,615,4.250771990263873,3.417758001837433,-0.02823384468358281,-1.3514510782224205,0.17750223941091292,True,255.65613519985618,3.4698977586261273,1.22504243235885
savelsbos,ahn4_p95_height_m,single_source,geleenbeekdal,ridge,615,4.95661186194762,4.131007932333786,-0.39806092652477165,3.1931878160408327,0.22898253453019965,True,15.848844587198823,3.4698977586261273,1.4284604927120799
savelsbos,ahn4_p95_height_m,single_source,geuldal,ridge,615,3.6572184289091516,2.899277565257437,0.2388713436104687,0.44943742771230755,0.4668807851501611,True,9.41802897726977,3.4698977586261273,1.053984492718077
savelsbos,ahn4_p95_height_m,single_source,kennemerland_zuid,ridge,615,4.7164532781222075,3.6602686407032707,-0.2658648698376487,-2.0038885608019337,0.15668432088183082,True,192.6793150096547,3.4698977586261273,1.3592484869034418
savelsbos,ahn4_p95_height_m,single_source,landgoederen_oldenzaal,ridge,615,4.019751927610445,3.1165995069084853,0.0804935529841947,-1.8312748484623926,0.31375792333430075,True,187.37829249110678,3.4698977586261273,1.1584640837377373
savelsbos,ahn4_p95_height_m,single_source,leenderbos_groote_heide_and_de_plateaux,ridge,615,9.617516709077051,8.44395613220245,-4.263591456316118,-8.401437447420768,-0.15150950520785733,False,60.720060800001576,3.4698977586261273,2.771700314560569
savelsbos,ahn4_p95_height_m,single_source,loonse_en_drunense_duinen_and_leemkuilen,ridge,615,7.015461271022253,5.785871381857375,-1.8007138379634897,-5.403210224380938,-0.034372034594694956,False,103.59747140931992,3.4698977586261273,2.0218063352390985
savelsbos,ahn4_p95_height_m,single_source,maasduinen,ridge,615,10.510152733051235,9.449267331760462,-5.285999306279287,-9.420125225268658,-0.21637213184309784,False,87.08174684375118,3.4698977586261273,3.028951705255036
savelsbos,ahn4_p95_height_m,single_source,meinweg,ridge,615,8.387850430022668,7.1591531135830495,-3.003664060803379,-6.929794364577702,-0.05823555625589859,False,47.045263961560266,3.4698977586261273,2.417319187336447
savelsbos,ahn4_p95_height_m,single_source,noordhollands_duinreservaat,ridge,615,5.484850211102129,4.419561141574785,-0.7119292709710652,-3.6178884270252136,0.28442291578214685,True,210.0292762461857,3.4698977586261273,1.5806950500102928
savelsbos,ahn4_p95_height_m,single_source,rijntakken,ridge,615,4.4112578639546305,3.581367643775665,-0.10734045242102952,0.26132127033173624,0.04042820509423325,True,140.04302342183664,3.4698977586261273,1.2712933264354238
savelsbos,ahn4_p95_height_m,single_source,sallandse_heuvelrug,ridge,615,7.601873723434238,6.489540594563274,-2.288497958782893,-6.204579576619621,-0.06932357778704101,False,175.53394694003867,3.4698977586261273,2.190806257774041
savelsbos,ahn4_p95_height_m,single_source,schoorlse_duinen,ridge,615,4.879583898212208,3.8934585219493623,-0.35494558256887365,-2.876149462285516,0.26152852087169365,False,222.27579240773682,3.4698977586261273,1.4062615781925034
savelsbos,ahn4_p95_height_m,single_source,springendal_and_dal_van_de_mosbeek,ridge,615,4.937782682705439,3.917805862686957,-0.3874591929001625,-2.3176138324863373,0.1292638883959801,True,197.102090566301,3.4698977586261273,1.423034056386868
savelsbos,ahn4_p95_height_m,single_source,vecht_en_beneden_reggegebied,ridge,615,9.679532619533406,8.686559152159067,-4.331691957060438,-8.652128884615289,-0.09740171686207942,False,194.68199073897736,3.4698977586261273,2.7895728614683803
savelsbos,ahn4_p95_height_m,single_source,veluwe,ridge,615,7.320343776345622,6.188855453310573,-2.049433927411387,-5.709149714488661,-0.05771011462331794,False,154.66038420051999,3.4698977586261273,2.109671317590649
savelsbos,ahn4_p95_height_m,single_source,voornes_duin,ridge,615,5.772153492377838,4.66450816966521,-0.895972425847972,-3.814081096872058,0.284783620933359,True,168.4247113206963,3.4698977586261273,1.6634938242858393
savelsbos,ahn4_pulse_penetration,single_source,brabantse_wal,ridge,615,0.21054619783829295,0.20369405912060504,-31.645319950349318,-0.20369405912060504,0.24137144561851512,False,118.53412518408467,0.03699040907559562,5.691913203987802
savelsbos,ahn4_pulse_penetration,single_source,drents_friese_wold_and_leggelderveld,ridge,615,0.21077501096789258,0.20431210266188252,-31.716313744337448,-0.20431210266188252,0.1787695191099955,False,235.33243952185128,0.03699040907559562,5.698098946057645
savelsbos,ahn4_pulse_penetration,single_source,drentsche_aa,ridge,615,0.09445248287653034,0.08091869972255675,-5.569811070866292,-0.07919563902960743,0.37365413977857054,True,255.65613519985618,0.03699040907559562,2.55343169315868
savelsbos,ahn4_pulse_penetration,single_source,geleenbeekdal,ridge,615,0.05870149734255923,0.04963868670458308,-1.5376076899908697,-0.04426920031517801,0.39072615136125016,True,15.848844587198823,0.03699040907559562,1.5869383121066232
savelsbos,ahn4_pulse_penetration,single_source,geuldal,ridge,615,0.04160036722714286,0.03539487678189713,-0.2744431048453768,-0.0219096912054487,0.4624094314826704,True,9.41802897726977,0.03699040907559562,1.1246257683208118
savelsbos,ahn4_pulse_penetration,single_source,kennemerland_zuid,ridge,615,0.0450191767597871,0.03668617744181618,-0.4925236491655687,0.004860404440036611,0.2675042860900903,True,192.6793150096547,0.03699040907559562,1.2170499836263895
savelsbos,ahn4_pulse_penetration,single_source,landgoederen_oldenzaal,ridge,615,0.08108587768815118,0.06552636221243902,-3.8419083775278304,-0.05444592541778372,0.39327674273137686,True,187.37829249110678,0.03699040907559562,2.1920784255843087
savelsbos,ahn4_pulse_penetration,single_source,leenderbos_groote_heide_and_de_plateaux,ridge,615,0.14417710255370442,0.13714216043203092,-14.308009046861311,-0.13713623976928288,0.17582045978487998,False,60.720060800001576,0.03699040907559562,3.8976887835724177
savelsbos,ahn4_pulse_penetration,single_source,loonse_en_drunense_duinen_and_leemkuilen,ridge,615,0.06891757641053421,0.05821449566591335,-2.49772866383165,-0.05429365280709188,0.33934902486097973,False,103.59747140931992,0.03699040907559562,1.863120147433095
savelsbos,ahn4_pulse_penetration,single_source,maasduinen,ridge,615,0.049938230773705045,0.04098758766976033,-0.8365063197137597,-0.023765628450911715,0.1446363406283748,False,87.08174684375118,0.03699040907559562,1.3500318601951264
savelsbos,ahn4_pulse_penetration,single_source,meinweg,ridge,615,0.05272324015329177,0.043974157605572745,-1.0470587545041083,-0.03473975915159777,0.2565800803882978,False,47.045263961560266,0.03699040907559562,1.425321900213206
savelsbos,ahn4_pulse_penetration,single_source,noordhollands_duinreservaat,ridge,615,0.08492498857397762,0.07632197509802667,-4.311254565734834,-0.07428304798810928,0.10302333643921094,True,210.0292762461857,0.03699040907559562,2.2958650822276736
savelsbos,ahn4_pulse_penetration,single_source,rijntakken,ridge,615,0.058394273260515904,0.04933124804464204,-1.5111152116774909,-0.04113224370142505,0.2885868055017602,True,140.04302342183664,0.03699040907559562,1.578632805632892
savelsbos,ahn4_pulse_penetration,single_source,sallandse_heuvelrug,ridge,615,0.14330404194950827,0.13267226100020962,-14.123175890460548,-0.1322828169231211,0.14619267177693332,False,175.53394694003867,0.03699040907559562,3.8740864329627795
savelsbos,ahn4_pulse_penetration,single_source,schoorlse_duinen,ridge,615,0.181676883223285,0.1765873785885364,-23.306669987224122,-0.1765873785885364,0.05373633662395092,False,222.27579240773682,0.03699040907559562,4.911459152884744
savelsbos,ahn4_pulse_penetration,single_source,springendal_and_dal_van_de_mosbeek,ridge,615,0.041743029153162574,0.0336106039380678,-0.28319909774783136,-0.006335061693776352,0.38937940405497923,True,197.102090566301,0.03699040907559562,1.128482495769491
savelsbos,ahn4_pulse_penetration,single_source,vecht_en_beneden_reggegebied,ridge,615,0.10569731118892933,0.09363323635553178,-7.2272368893254,-0.09154292896581664,0.3249416409766502,False,194.68199073897736,0.03699040907559562,2.857424771186513
savelsbos,ahn4_pulse_penetration,single_source,veluwe,ridge,615,0.09997899796705183,0.08903074279460844,-6.361116357710688,-0.08820710962575512,0.2943729808920721,False,154.66038420051999,0.03699040907559562,2.702835693509885
savelsbos,ahn4_pulse_penetration,single_source,voornes_duin,ridge,615,0.05516839765615402,0.04500963969525508,-1.2413354680117643,-0.03563027415310799,0.20643925357518866,True,168.4247113206963,0.03699040907559562,1.4914243728261796
savelsbos,ahn4_sigma_z,single_source,brabantse_wal,ridge,615,1.6142612020996876,1.3083356623303952,-0.3351380500440859,-0.6499184111661542,0.07217347185911023,False,118.53412518408467,1.127636742959331,1.4315436351100763
savelsbos,ahn4_sigma_z,single_source,drents_friese_wold_and_leggelderveld,ridge,615,2.193191913242368,1.838007567865526,-1.464517050185949,-1.6789682450534997,0.22403358965508188,False,235.33243952185128,1.127636742959331,1.944945415211135
savelsbos,ahn4_sigma_z,single_source,drentsche_aa,ridge,615,1.248988341185469,0.9872415537666255,0.20072666558219066,-0.0662744350982528,0.3461171441768435,True,255.65613519985618,1.127636742959331,1.1076158603236597
savelsbos,ahn4_sigma_z,single_source,geleenbeekdal,ridge,615,2.154160345569019,1.9295016095857562,-1.3775771010379176,1.8166502729423872,0.43075718226741827,True,15.848844587198823,1.127636742959331,1.9103318147612987
savelsbos,ahn4_sigma_z,single_source,geuldal,ridge,615,1.145873529761974,0.9517533544334297,0.32725275248636854,0.40586354572270794,0.5464722670255484,True,9.41802897726977,1.127636742959331,1.0161725723434507
savelsbos,ahn4_sigma_z,single_source,kennemerland_zuid,ridge,615,1.5338608651501657,1.1771900762312193,-0.205453575182438,-0.782640599532053,0.2665201005273611,True,192.6793150096547,1.127636742959331,1.3602437795036317
savelsbos,ahn4_sigma_z,single_source,landgoederen_oldenzaal,ridge,615,1.598911191775935,1.3880947165407453,-0.30986711832807656,1.112637761777316,0.4337360089364856,True,187.37829249110678,1.127636742959331,1.4179310861934205
savelsbos,ahn4_sigma_z,single_source,leenderbos_groote_heide_and_de_plateaux,ridge,615,2.460381914898499,2.066965602276251,-2.101584427199205,-1.907822186840395,-0.15176736317918835,False,60.720060800001576,1.127636742959331,2.18189228956974
savelsbos,ahn4_sigma_z,single_source,loonse_en_drunense_duinen_and_leemkuilen,ridge,615,2.260918429206003,1.886622177473166,-1.619077460457068,-1.729797966858423,0.06653696447459789,False,103.59747140931992,1.127636742959331,2.0050059944592853
savelsbos,ahn4_sigma_z,single_source,maasduinen,ridge,615,4.134921402083327,3.777910669677187,-7.760180865067047,-3.7727629141673398,-0.26413023069806935,False,87.08174684375118,1.127636742959331,3.666891335264388
savelsbos,ahn4_sigma_z,single_source,meinweg,ridge,615,2.6450098240503785,2.2622784234098607,-2.584537549456996,-2.10487338077928,-0.07710149641249871,False,47.045263961560266,1.127636742959331,2.345622240996605
savelsbos,ahn4_sigma_z,single_source,noordhollands_duinreservaat,ridge,615,1.8349535068337406,1.4572099053712484,-0.7251572390191572,-1.2609634211613763,0.2894571942996054,True,210.0292762461857,1.127636742959331,1.6272558678942581
savelsbos,ahn4_sigma_z,single_source,rijntakken,ridge,615,1.7589785999344951,1.4793487057723056,-0.585256953630096,0.9202322309913631,0.10587970356839393,True,140.04302342183664,1.127636742959331,1.5598805297158838
savelsbos,ahn4_sigma_z,single_source,sallandse_heuvelrug,ridge,615,3.2023115837096894,2.835931950206529,-4.2541894487994165,-2.831926300001799,-0.07907782917689193,False,175.53394694003867,1.127636742959331,2.839843241809994
savelsbos,ahn4_sigma_z,single_source,schoorlse_duinen,ridge,615,2.4062211372062836,2.013495677736336,-1.9665360495906112,-1.9453241140284563,0.05147989895430926,False,222.27579240773682,1.127636742959331,2.1338619482116905
savelsbos,ahn4_sigma_z,single_source,springendal_and_dal_van_de_mosbeek,ridge,615,1.5935010940959686,1.2184806739349479,-0.3010179463539877,-0.8445465064810024,0.21834535875621572,True,197.102090566301,1.127636742959331,1.4131333552630072
savelsbos,ahn4_sigma_z,single_source,vecht_en_beneden_reggegebied,ridge,615,4.7512781441282455,4.514471948677661,-10.566433509627993,-4.514471948677661,-0.016431618573856662,False,194.68199073897736,1.127636742959331,4.213482909096377
savelsbos,ahn4_sigma_z,single_source,veluwe,ridge,615,2.7930272791651105,2.4062083300531882,-2.9969517917447916,-2.3594706601889017,0.0073862763315557176,False,154.66038420051999,1.127636742959331,2.476885660744954
savelsbos,ahn4_sigma_z,single_source,voornes_duin,ridge,615,1.5548464475552632,1.2044223560744578,-0.23866414583978734,-0.7216880913034447,0.24764362842934284,True,168.4247113206963,1.127636742959331,1.3788540123965611
schoorlse_duinen,ahn4_entropy,single_source,brabantse_wal,ridge,877,0.36359555980016095,0.305394533268683,-0.24272372622220106,0.26342671644416227,0.4539971488316222,True,143.21656620903207,0.17528179849753425,2.074348636976564
schoorlse_duinen,ahn4_entropy,single_source,drents_friese_wold_and_leggelderveld,ridge,877,0.2200642543611178,0.17884812523001178,0.5447641482406061,-0.021367544216295126,0.5652878467949513,True,112.46936574047614,0.17528179849753425,1.2554883407601132
schoorlse_duinen,ahn4_entropy,single_source,drentsche_aa,ridge,877,0.3551404761008118,0.29283585275518575,-0.1855989148326116,0.2546970528318271,0.4604921613482849,False,138.65363600922967,0.17528179849753425,2.026111548061322
schoorlse_duinen,ahn4_entropy,single_source,geleenbeekdal,ridge,877,1.0906604122257042,0.9958009067022437,-10.181924294284006,0.9900837412791356,-0.22633560406404513,False,216.18636116191934,0.17528179849753425,6.22232554420673
schoorlse_duinen,ahn4_entropy,single_source,geuldal,ridge,877,0.7660196721174637,0.694484204351226,-4.515911553474369,0.6891506050405105,0.006746558739229202,False,225.01787313751254,0.17528179849753425,4.370218007138029
schoorlse_duinen,ahn4_entropy,single_source,kennemerland_zuid,ridge,877,0.23899248148552046,0.19071466972103543,0.463084520307092,-0.11321336207821772,0.5414229049702116,False,34.72874579115887,0.17528179849753425,1.3634757489602234
schoorlse_duinen,ahn4_entropy,single_source,landgoederen_oldenzaal,ridge,877,0.25727809081363573,0.2088833450175528,0.37778130364061235,-0.09430328893528682,0.3785981280893272,False,161.34022110196653,0.17528179849753425,1.4677969590622095
schoorlse_duinen,ahn4_entropy,single_source,leenderbos_groote_heide_and_de_plateaux,ridge,877,0.4504916782991457,0.39114176621169183,-0.9077040151740652,0.3808951385644321,0.5041487749817885,True,161.67031110102877,0.17528179849753425,2.5700995891223863
schoorlse_duinen,ahn4_entropy,single_source,loonse_en_drunense_duinen_and_leemkuilen,ridge,877,0.2917190319947618,0.23018138642900324,0.20004238751067738,-0.0037279698800878934,0.4362686764362143,True,119.52847438193864,0.17528179849753425,1.6642859355352033
schoorlse_duinen,ahn4_entropy,single_source,maasduinen,ridge,877,0.3009488056675586,0.23848511261735114,0.14862146549264943,-0.16212784989296986,0.5104632726135392,True,160.28967722080034,0.17528179849753425,1.716942707384373
schoorlse_duinen,ahn4_entropy,single_source,meinweg,ridge,877,0.2987092546660593,0.2396720365144651,0.161245613590983,-0.18328927061666558,0.5201835994397394,True,197.2556062192079,0.17528179849753425,1.704165847375541
schoorlse_duinen,ahn4_entropy,single_source,noordhollands_duinreservaat,ridge,877,0.2814101311278315,0.2354581309565019,0.25558193270090135,-0.1723938559927513,0.43597846236043863,False,14.005656012434015,0.17528179849753425,1.6054726362919545
schoorlse_duinen,ahn4_entropy,single_source,rijntakken,ridge,877,0.7294316523538613,0.6516888701948312,-4.0015735263133605,0.6432791440955712,-0.3081571643612982,False,108.09316932820258,0.17528179849753425,4.161479734954468
schoorlse_duinen,ahn4_entropy,single_source,sallandse_heuvelrug,ridge,877,0.29939602692776834,0.24826372106002542,0.15738436438998815,-0.03790404331472345,0.39698814428944584,True,123.34587826945302,0.17528179849753425,1.7080839510668304
schoorlse_duinen,ahn4_entropy,single_source,savelsbos,ridge,877,1.7270656871632268,1.6539896487002983,-27.03852476247717,1.6539896487002983,-0.4641708110725889,False,222.27579240773682,0.17528179849753425,9.853080593462316
schoorlse_duinen,ahn4_entropy,single_source,springendal_and_dal_van_de_mosbeek,ridge,877,0.4149654818444403,0.3402303527497696,-0.618681459900595,0.2926156813131807,0.10495908231727695,False,151.14928927328833,0.17528179849753425,2.367419123955861
schoorlse_duinen,ahn4_entropy,single_source,vecht_en_beneden_reggegebied,ridge,877,0.36864173532662764,0.2985067029191215,-0.27745747397953435,-0.24987598767994448,0.5393329495409389,True,123.54179112063932,0.17528179849753425,2.1031375675427784
schoorlse_duinen,ahn4_entropy,single_source,veluwe,ridge,877,0.24445098710832142,0.20007991708288728,0.438278510720037,0.09897059623551499,0.5376192740062178,True,96.42124673909731,0.17528179849753425,1.3946170635153552
schoorlse_duinen,ahn4_entropy,single_source,voornes_duin,ridge,877,0.3727757542986738,0.3071918583863957,-0.3062694297854702,0.15813415061032834,-0.027889090642963923,False,97.7814486752631,0.17528179849753425,2.126722554731875
schoorlse_duinen,ahn4_height_cv,single_source,brabantse_wal,ridge,877,0.10637471672944726,0.0867585153289376,-0.5495708504986943,0.071258627985166,0.3529003790835842,True,143.21656620903207,0.04466636688783767,2.381539492490318
schoorlse_duinen,ahn4_height_cv,single_source,drents_friese_wold_and_leggelderveld,ridge,877,0.06558101028337919,0.05294738257849275,0.41103320529513643,0.0333465916611277,0.6186584386171028,True,112.46936574047614,0.04466636688783767,1.4682414275613813
schoorlse_duinen,ahn4_height_cv,single_source,drentsche_aa,ridge,877,0.12233851357802389,0.10361354300656855,-1.0495617333489031,0.08823432016884498,0.18494302821517833,False,138.65363600922967,0.04466636688783767,2.7389403280824207
schoorlse_duinen,ahn4_height_cv,single_source,geleenbeekdal,ridge,877,0.17265246952018987,0.15721136732778684,-3.082067616348085,0.15661235363179246,0.40819025160744155,False,216.18636116191934,0.04466636688783767,3.8653797375940573
schoorlse_duinen,ahn4_height_cv,single_source,geuldal,ridge,877,0.25137159988655444,0.24099792538476586,-7.653006371313724,0.2409356626113466,0.5126930315169416,False,225.01787313751254,0.04466636688783767,5.6277601560426245
schoorlse_duinen,ahn4_height_cv,single_source,kennemerland_zuid,ridge,877,0.07369555485083283,0.05869928166227357,0.2562667619054808,-0.028792458235524343,0.5267572271403727,False,34.72874579115887,0.04466636688783767,1.6499115550608976
schoorlse_duinen,ahn4_height_cv,single_source,landgoederen_oldenzaal,ridge,877,0.19016335687075384,0.17250019657777776,-3.9520871075141084,0.17165457105098655,0.4280328602163629,False,161.34022110196653,0.04466636688783767,4.257417160170552
schoorlse_duinen,ahn4_height_cv,single_source,leenderbos_groote_heide_and_de_plateaux,ridge,877,0.09252071898084538,0.07788576612293246,-0.17222938253706177,0.06856460974799991,0.5822108405396943,True,161.67031110102877,0.04466636688783767,2.071373282120201
schoorlse_duinen,ahn4_height_cv,single_source,loonse_en_drunense_duinen_and_leemkuilen,ridge,877,0.11438873661298242,0.09878152890740727,-0.7918478573067484,-0.09241165926846918,0.5772221345019058,True,119.52847438193864,0.04466636688783767,2.5609590522601837
schoorlse_duinen,ahn4_height_cv,single_source,maasduinen,ridge,877,0.07850516228346684,0.06423764401993406,0.1560221742562442,0.042304671422170474,0.5167903970322981,True,160.28967722080034,0.04466636688783767,1.757590056084083
schoorlse_duinen,ahn4_height_cv,single_source,meinweg,ridge,877,0.1043757956553254,0.08615500471069626,-0.4918810694346869,-0.041011930223926255,0.5125794890148154,True,197.2556062192079,0.04466636688783767,2.3367872277909885
schoorlse_duinen,ahn4_height_cv,single_source,noordhollands_duinreservaat,ridge,877,0.06374272429061942,0.051541097546024914,0.4435888215392949,0.01029211447019338,0.5548614035065935,False,14.005656012434015,0.04466636688783767,1.4270854947904013
schoorlse_duinen,ahn4_height_cv,single_source,rijntakken,ridge,877,0.23108235862056248,0.21552082215693616,-6.312538881446302,0.21552082215693616,0.37589606811897674,False,108.09316932820258,0.04466636688783767,5.173520362666536
schoorlse_duinen,ahn4_height_cv,single_source,sallandse_heuvelrug,ridge,877,0.16882279852986654,0.15097463881328566,-2.9029842190387516,0.1461183235480389,0.5094717623490327,True,123.34587826945302,0.04466636688783767,3.779640259388004
schoorlse_duinen,ahn4_height_cv,single_source,savelsbos,ridge,877,0.07832168715456837,0.06308675815027709,0.1599625008904021,-0.03434691074206482,0.5568821135011424,False,222.27579240773682,0.04466636688783767,1.753482376376011
schoorlse_duinen,ahn4_height_cv,single_source,springendal_and_dal_van_de_mosbeek,ridge,877,0.17108042895940004,0.15095955618289483,-3.008069706566803,0.1473048521409411,0.06835970074542293,False,151.14928927328833,0.04466636688783767,3.830184563454701
schoorlse_duinen,ahn4_height_cv,single_source,vecht_en_beneden_reggegebied,ridge,877,0.115061962273632,0.09537160426486291,-0.8130014749922809,0.06821891622977594,0.19979346974214876,True,123.54179112063932,0.04466636688783767,2.5760313697007344
schoorlse_duinen,ahn4_height_cv,single_source,veluwe,ridge,877,0.10747404970490199,0.09183489428688965,-0.5817645295090088,-0.08585938968367102,0.494098395550187,True,96.42124673909731,0.04466636688783767,2.406151589959881
schoorlse_duinen,ahn4_height_cv,single_source,voornes_duin,ridge,877,0.13758557389335685,0.12347895924576206,-1.592271017588072,-0.11876056090130582,0.46875995959108413,False,97.7814486752631,0.04466636688783767,3.080294715682829
schoorlse_duinen,ahn4_height_sd_m,single_source,brabantse_wal,ridge,877,1.4987492422950666,1.3488307539722524,-1.105646794708521,1.3090637968159846,0.48090028290305575,True,143.21656620903207,0.6034905235790736,2.483467732693718
schoorlse_duinen,ahn4_height_sd_m,single_source,drents_friese_wold_and_leggelderveld,ridge,877,0.6860824775692568,0.528716711905847,0.5587545645385321,0.02476391234715567,0.6111329781560172,True,112.46936574047614,0.6034905235790736,1.1368570851790043
schoorlse_duinen,ahn4_height_sd_m,single_source,drentsche_aa,ridge,877,1.9717711162277023,1.7364650384544174,-2.644521960490944,1.6365770967166327,0.0564793328864925,False,138.65363600922967,0.6034905235790736,3.2672776774254464
schoorlse_duinen,ahn4_height_sd_m,single_source,geleenbeekdal,ridge,877,7.0286459095787635,6.761483493600633,-45.3095861892611,6.761483493600633,-0.35258821801763696,False,216.18636116191934,0.6034905235790736,11.646654976277883
schoorlse_duinen,ahn4_height_sd_m,single_source,geuldal,ridge,877,2.9781572275729364,2.745896613407168,-7.314244932917287,2.7190471793825406,0.05187748452142194,False,225.01787313751254,0.6034905235790736,4.934886483238568
schoorlse_duinen,ahn4_height_sd_m,single_source,kennemerland_zuid,ridge,877,0.8270178540136791,0.6484416207571049,0.3588534034026456,-0.23284522779014466,0.470471085129736,False,34.72874579115887,0.6034905235790736,1.3703907877607582
schoorlse_duinen,ahn4_height_sd_m,single_source,landgoederen_oldenzaal,ridge,877,1.9312284004590283,1.732655833870771,-2.4961885764672624,1.6821744077325596,0.11799111628048073,False,161.34022110196653,0.6034905235790736,3.2000973089115705
schoorlse_duinen,ahn4_height_sd_m,single_source,leenderbos_groote_heide_and_de_plateaux,ridge,877,2.1565310599220737,2.0231875688693113,-3.3595233243080065,2.0159693324173205,0.5711396468244695,True,161.67031110102877,0.6034905235790736,3.5734298645362403
schoorlse_duinen,ahn4_height_sd_m,single_source,loonse_en_drunense_duinen_and_leemkuilen,ridge,877,0.9248643879057158,0.7583689479621373,0.19816744527374452,0.3068028813757733,0.5150060778081702,True,119.52847438193864,0.6034905235790736,1.532525121389969
schoorlse_duinen,ahn4_height_sd_m,single_source,maasduinen,ridge,877,0.9584071752855384,0.7724272506177735,0.13895136335953417,-0.4024600903334648,0.5599122677117296,True,160.28967722080034,0.6034905235790736,1.5881064206304163
schoorlse_duinen,ahn4_height_sd_m,single_source,meinweg,ridge,877,2.578406684148603,2.3585977595954297,-5.232042511224761,-2.3518909058343196,0.4867334544310121,True,197.2556062192079,0.6034905235790736,4.272489100337566
schoorlse_duinen,ahn4_height_sd_m,single_source,noordhollands_duinreservaat,ridge,877,0.9240440799649984,0.7205638356217252,0.19958918434175021,-0.41230832390829664,0.33739531096317793,False,14.005656012434015,0.6034905235790736,1.531165849108687
schoorlse_duinen,ahn4_height_sd_m,single_source,rijntakken,ridge,877,4.751134340594599,4.487976325510287,-20.160318066911284,4.48792341717513,-0.4610709201410766,False,108.09316932820258,0.6034905235790736,7.872757160157912
schoorlse_duinen,ahn4_height_sd_m,single_source,sallandse_heuvelrug,ridge,877,1.9923033311673366,1.7404633548700068,-2.7208185586755476,1.671903861841749,0.3286390513449758,True,123.34587826945302,0.6034905235790736,3.301300108826466
schoorlse_duinen,ahn4_height_sd_m,single_source,savelsbos,ridge,877,4.326260932891238,3.9883285645497932,-16.544984548727406,3.9862730812228055,-0.22612263853868206,False,222.27579240773682,0.6034905235790736,7.168730516651402
schoorlse_duinen,ahn4_height_sd_m,single_source,springendal_and_dal_van_de_mosbeek,ridge,877,2.5964748626507315,2.384675896765116,-5.319690580969549,2.360711710046376,-0.09107296932215761,False,151.14928927328833,0.6034905235790736,4.302428557207532
schoorlse_duinen,ahn4_height_sd_m,single_source,vecht_en_beneden_reggegebied,ridge,877,1.3354173716302618,1.0690193255729614,-0.6717125901818126,-0.8451264891533272,0.5049527453515837,True,123.54179112063932,0.6034905235790736,2.2128224378908343
schoorlse_duinen,ahn4_height_sd_m,single_source,veluwe,ridge,877,0.834589631750488,0.6804528214729126,0.34705960044346584,0.3374527728658612,0.46540928026021694,True,96.42124673909731,0.6034905235790736,1.3829374267566839
schoorlse_duinen,ahn4_height_sd_m,single_source,voornes_duin,ridge,877,1.527225725978408,1.2652479868863016,-1.1864222217170783,0.7084378472281889,-0.15197033059428625,False,97.7814486752631,0.6034905235790736,2.5306540306896803
schoorlse_duinen,ahn4_p95_height_m,single_source,brabantse_wal,ridge,877,4.470320117544978,4.171476822639132,-3.662242385626766,4.119795078666466,0.3671759502348895,True,143.21656620903207,1.6979094178355774,2.6328378125398184
schoorlse_duinen,ahn4_p95_height_m,single_source,drents_friese_wold_and_leggelderveld,ridge,877,2.142387284762454,1.6186424828577242,-0.07081282687387036,-0.021683424366501558,0.25875277830132454,True,112.46936574047614,1.6979094178355774,1.261779493215532
schoorlse_duinen,ahn4_p95_height_m,single_source,drentsche_aa,ridge,877,4.684119221302242,4.1818298513534105,-4.118862703579618,3.981973545806171,0.12505529780351057,False,138.65363600922967,1.6979094178355774,2.7587568406760816
schoorlse_duinen,ahn4_p95_height_m,single_source,geleenbeekdal,ridge,877,15.756874703999559,15.114572183512506,-56.9238958224508,15.108031755542076,-0.14341077532533447,False,216.18636116191934,1.6979094178355774,9.280162144389159
schoorlse_duinen,ahn4_p95_height_m,single_source,geuldal,ridge,877,3.90334345670466,3.2989157937540576,-2.554603253006054,2.6757629688493973,0.02419682935186208,False,225.01787313751254,1.6979094178355774,2.2989114823807717
schoorlse_duinen,ahn4_p95_height_m,single_source,kennemerland_zuid,ridge,877,2.3073709572202588,1.7513356454588869,-0.24208822405316388,-0.1588548078412273,0.2650113063510039,False,34.72874579115887,1.6979094178355774,1.3589482059423388
schoorlse_duinen,ahn4_p95_height_m,single_source,landgoederen_oldenzaal,ridge,877,3.4901318840562756,3.014343734629856,-1.8418508249574281,2.671965733628346,-0.12458746618549148,False,161.34022110196653,1.6979094178355774,2.0555465723874407
schoorlse_duinen,ahn4_p95_height_m,single_source,leenderbos_groote_heide_and_de_plateaux,ridge,877,6.812139515868146,6.558456081181199,-9.8264149488483,6.550128889655887,0.33593700026895423,True,161.67031110102877,1.6979094178355774,4.012074757528568
schoorlse_duinen,ahn4_p95_height_m,single_source,loonse_en_drunense_duinen_and_leemkuilen,ridge,877,4.4625809958178895,4.0981473840292395,-3.6461135949846124,3.940554940214852,0.2960383782406879,True,119.52847438193864,1.6979094178355774,2.6282797827381144
schoorlse_duinen,ahn4_p95_height_m,single_source,maasduinen,ridge,877,2.2296788487522856,1.7919181490745668,-0.15985107326404147,-0.06708888567178281,0.33817248946495543,True,160.28967722080034,1.6979094178355774,1.3131906951753558
schoorlse_duinen,ahn4_p95_height_m,single_source,meinweg,ridge,877,5.044268903606603,4.445398723418851,-4.93627567565933,-4.3929465209154905,0.37434520500034296,True,197.2556062192079,1.6979094178355774,2.9708704425686157
schoorlse_duinen,ahn4_p95_height_m,single_source,noordhollands_duinreservaat,ridge,877,3.037736418498115,2.433326068052867,-1.1528698528792272,-2.0607611875928233,0.12089870672519562,False,14.005656012434015,1.6979094178355774,1.7891039336895205
schoorlse_duinen,ahn4_p95_height_m,single_source,rijntakken,ridge,877,10.94615694523944,10.359492192653251,-26.953805693245613,10.352337847487844,-0.3075315722274228,False,108.09316932820258,1.6979094178355774,6.446843883576037
schoorlse_duinen,ahn4_p95_height_m,single_source,sallandse_heuvelrug,ridge,877,3.314892278356328,2.7500968286772083,-1.5636364667515261,2.2729027337426273,0.12848484488467163,True,123.34587826945302,1.6979094178355774,1.9523375296321825
schoorlse_duinen,ahn4_p95_height_m,single_source,savelsbos,ridge,877,14.914567009996228,14.247377573353852,-50.896599285431634,14.247377573353852,-0.15961626495250228,False,222.27579240773682,1.6979094178355774,8.784076967432505
schoorlse_duinen,ahn4_p95_height_m,single_source,springendal_and_dal_van_de_mosbeek,ridge,877,6.961507488452047,6.548378277829801,-10.306395936860929,6.515349360453404,0.02783612105396771,False,151.14928927328833,1.6979094178355774,4.100046454378162
schoorlse_duinen,ahn4_p95_height_m,single_source,vecht_en_beneden_reggegebied,ridge,877,4.994482037861664,4.343325337038134,-4.819672046643218,-4.237264993199609,0.45862856917939243,True,123.54179112063932,1.6979094178355774,2.9415479915462255
schoorlse_duinen,ahn4_p95_height_m,single_source,veluwe,ridge,877,5.885180730634169,5.56201371515198,-7.080480922227869,5.5276713062579175,0.20744636975010536,True,96.42124673909731,1.6979094178355774,3.4661335103119617
schoorlse_duinen,ahn4_p95_height_m,single_source,voornes_duin,ridge,877,7.129292131637667,6.202061858095175,-10.85797204766029,5.785137857852558,-0.1376855267628366,False,97.7814486752631,1.6979094178355774,4.19886482561937
schoorlse_duinen,ahn4_pulse_penetration,single_source,brabantse_wal,ridge,877,0.07201487851643028,0.06349045307981636,-1.5895205969434834,-0.061003716140118146,0.5590793310534911,True,143.21656620903207,0.02616653131097669,2.7521751989428003
schoorlse_duinen,ahn4_pulse_penetration,single_source,drents_friese_wold_and_leggelderveld,ridge,877,0.039828439332822194,0.03164921565031309,0.2079337963146084,-0.022063757789803868,0.6151238267641819,True,112.46936574047614,0.02616653131097669,1.5221138353983672
schoorlse_duinen,ahn4_pulse_penetration,single_source,drentsche_aa,ridge,877,0.037504998008555994,0.030316056970075247,0.2976506280640566,-0.0027603568517479407,0.4574873777643164,False,138.65363600922967,0.02616653131097669,1.433319440120934
schoorlse_duinen,ahn4_pulse_penetration,single_source,geleenbeekdal,ridge,877,0.06711978077321898,0.054505322167605265,-1.2494480282423384,-0.04782477234583721,0.005384861570641519,False,216.18636116191934,0.02616653131097669,2.5651004321334203
schoorlse_duinen,ahn4_pulse_penetration,single_source,geuldal,ridge,877,0.05200103162914893,0.04277811010895893,-0.35020223944749485,-0.03533861880347185,0.2991398298803444,False,225.01787313751254,0.02616653131097669,1.9873108518336489
schoorlse_duinen,ahn4_pulse_penetration,single_source,kennemerland_zuid,ridge,877,0.05168461384419402,0.0433924019361334,-0.33382071076647657,-0.026385678285403266,0.41243887965517495,False,34.72874579115887,0.02616653131097669,1.9752183898563835
schoorlse_duinen,ahn4_pulse_penetration,single_source,landgoederen_oldenzaal,ridge,877,0.07426155997590013,0.06466644461706245,-1.7536138723714494,-0.0595382337578907,0.35086262276826574,False,161.34022110196653,0.02616653131097669,2.838036081027977
schoorlse_duinen,ahn4_pulse_penetration,single_source,leenderbos_groote_heide_and_de_plateaux,ridge,877,0.053874044768369496,0.04569259009628242,-0.44921917141206436,-0.03865953470290679,0.5791155168708298,True,161.67031110102877,0.02616653131097669,2.0588913420774912
schoorlse_duinen,ahn4_pulse_penetration,single_source,loonse_en_drunense_duinen_and_leemkuilen,ridge,877,0.07971740278623107,0.07180694165183052,-2.1730812045920245,-0.07076158917660387,0.5984617838733427,True,119.52847438193864,0.02616653131097669,3.046540706478361
schoorlse_duinen,ahn4_pulse_penetration,single_source,maasduinen,ridge,877,0.05565789050901493,0.0459902240739154,-0.5467794342708108,0.0026721101643378572,0.4300545381561265,True,160.28967722080034,0.02616653131097669,2.127064143410816
schoorlse_duinen,ahn4_pulse_penetration,single_source,meinweg,ridge,877,0.12008560801917412,0.10984890378250159,-6.200403388267495,-0.10866298823348776,0.4902802059658105,True,197.2556062192079,0.02616653131097669,4.589282644765338
schoorlse_duinen,ahn4_pulse_penetration,single_source,noordhollands_duinreservaat,ridge,877,0.0353736472366381,0.028116014699746505,0.3752092575834328,0.015611911679707812,0.5711749368015836,False,14.005656012434015,0.02616653131097669,1.3518661230347748
schoorlse_duinen,ahn4_pulse_penetration,single_source,rijntakken,ridge,877,0.06734597113490107,0.05492736622124396,-1.2646346328036513,-0.03267536185617132,-0.00827300511669651,False,108.09316932820258,0.02616653131097669,2.5737446944926123
schoorlse_duinen,ahn4_pulse_penetration,single_source,sallandse_heuvelrug,ridge,877,0.046638598059341875,0.03715808984406688,-0.08609016081292276,0.016015048320805005,0.46076080854830165,True,123.34587826945302,0.02616653131097669,1.7823760247418536
schoorlse_duinen,ahn4_pulse_penetration,single_source,savelsbos,ridge,877,0.05728851758110761,0.04616002715780855,-0.6387400726289651,0.02200108934169229,-0.09893325412998866,False,222.27579240773682,0.02616653131097669,2.189381423936594
schoorlse_duinen,ahn4_pulse_penetration,single_source,springendal_and_dal_van_de_mosbeek,ridge,877,0.081684515338382,0.07424218309564382,-2.331611696127322,0.07387894436117816,0.3735362947105652,False,151.14928927328833,0.02616653131097669,3.1217173712327657
schoorlse_duinen,ahn4_pulse_penetration,single_source,vecht_en_beneden_reggegebied,ridge,877,0.03384013525096507,0.026638474559393405,0.4282066697079493,0.010565615088911464,0.6068979417487474,True,123.54179112063932,0.02616653131097669,1.2932602662841044
schoorlse_duinen,ahn4_pulse_penetration,single_source,veluwe,ridge,877,0.05151570281665243,0.041438744630265846,-0.3251168098452464,0.03648052610642057,0.5774296190215387,True,96.42124673909731,0.02616653131097669,1.9687631579597993
schoorlse_duinen,ahn4_pulse_penetration,single_source,voornes_duin,ridge,877,0.03531341542855446,0.0277081043521705,0.3773351473462463,-0.0033474625711662725,0.440264847298875,False,97.7814486752631,0.02616653131097669,1.3495642585893954
schoorlse_duinen,ahn4_sigma_z,single_source,brabantse_wal,ridge,877,1.2834825488965067,1.1200858341434994,-0.7759827904221326,1.0350137829291715,0.38474041849427226,True,143.21656620903207,0.5982704732301064,2.1453215666266963
schoorlse_duinen,ahn4_sigma_z,single_source,drents_friese_wold_and_leggelderveld,ridge,877,0.7452050964873544,0.5972939870205207,0.40129835738441644,0.28765078985582193,0.5975491094815693,True,112.46936574047614,0.5982704732301064,1.2455989888050754
schoorlse_duinen,ahn4_sigma_z,single_source,drentsche_aa,ridge,877,1.8759475063155653,1.6445659791971174,-2.794024928261178,1.5715024926436347,-0.022928115404901077,False,138.65363600922967,0.5982704732301064,3.13561773521462
schoorlse_duinen,ahn4_sigma_z,single_source,geleenbeekdal,ridge,877,7.465972827365124,7.1984961592864805,-59.09407114869365,7.1984961592864805,-0.41962824976229124,False,216.18636116191934,0.5982704732301064,12.479260069539762
schoorlse_duinen,ahn4_sigma_z,single_source,geuldal,ridge,877,3.565765189801666,3.3406115400753404,-12.707690773122541,3.328002171355033,-0.08120627244460174,False,225.01787313751254,0.5982704732301064,5.960122301456457
schoorlse_duinen,ahn4_sigma_z,single_source,kennemerland_zuid,ridge,877,0.7572318884284099,0.5914649774239416,0.3818176429228367,-0.19264888298928876,0.4581871103768818,False,34.72874579115887,0.5982704732301064,1.2657015886812182
schoorlse_duinen,ahn4_sigma_z,single_source,landgoederen_oldenzaal,ridge,877,1.457227895787538,1.2455761027221592,-1.2893583086559404,1.1454644347896523,0.1283243561596932,False,161.34022110196653,0.5982704732301064,2.4357342723598863
schoorlse_duinen,ahn4_sigma_z,single_source,leenderbos_groote_heide_and_de_plateaux,ridge,877,1.341753171634635,1.1718904831736328,-0.9409041024728453,1.1044489466542888,0.5520125946900112,True,161.67031110102877,0.5982704732301064,2.242720026596684
schoorlse_duinen,ahn4_sigma_z,single_source,loonse_en_drunense_duinen_and_leemkuilen,ridge,877,0.8105225260090156,0.6515485885824553,0.29174606614538534,0.1561508687189305,0.48812851846534033,True,119.52847438193864,0.5982704732301064,1.3547760791752679
schoorlse_duinen,ahn4_sigma_z,single_source,maasduinen,ridge,877,1.7451279292809616,1.5376394500195836,-2.283321080618639,-1.5201301873238278,0.5796580993617938,True,160.28967722080034,0.5982704732301064,2.9169548011602298
schoorlse_duinen,ahn4_sigma_z,single_source,meinweg,ridge,877,2.137177733656014,1.9285419159399695,-3.9242500559676197,-1.9207972885866795,0.47256937158076096,True,197.2556062192079,0.5982704732301064,3.5722600885135343
schoorlse_duinen,ahn4_sigma_z,single_source,noordhollands_duinreservaat,ridge,877,0.8194505521217897,0.6366055128871778,0.27605708648199745,-0.32228304575983757,0.3043860813152575,False,14.005656012434015,0.5982704732301064,1.3696991390825555
schoorlse_duinen,ahn4_sigma_z,single_source,rijntakken,ridge,877,4.840895101887294,4.610183793031159,-24.26446818476663,4.610183793031159,-0.4757983072147696,False,108.09316932820258,0.5982704732301064,8.091482562645862
schoorlse_duinen,ahn4_sigma_z,single_source,sallandse_heuvelrug,ridge,877,1.870029413943008,1.655412358020145,-2.770124501607397,1.5965694117141307,0.3286238612042691,True,123.34587826945302,0.5982704732301064,3.1257257337915765
schoorlse_duinen,ahn4_sigma_z,single_source,savelsbos,ridge,877,5.108799117893894,4.8148725559804255,-27.138210181490695,4.8148725559804255,-0.338726338897427,False,222.27579240773682,0.5982704732301064,8.539280052233083
schoorlse_duinen,ahn4_sigma_z,single_source,springendal_and_dal_van_de_mosbeek,ridge,877,2.8734881415309372,2.6538483293123307,-7.901795956125559,2.637741092900083,-0.21532163715609756,False,151.14928927328833,0.5982704732301064,4.802991740536288
schoorlse_duinen,ahn4_sigma_z,single_source,vecht_en_beneden_reggegebied,ridge,877,2.0018088908945226,1.7538500969630635,-3.320201909401776,-1.7113639573860944,0.49824341403701555,True,123.54179112063932,0.5982704732301064,3.345993125962926
schoorlse_duinen,ahn4_sigma_z,single_source,veluwe,ridge,877,0.7303470936799734,0.5703903252396897,0.42493434904347427,-0.13156675346100996,0.48387797289087536,True,96.42124673909731,0.5982704732301064,1.2207640630111254
schoorlse_duinen,ahn4_sigma_z,single_source,voornes_duin,ridge,877,1.3612486060166757,1.123621499666529,-0.9977158390249099,0.5537504400183751,-0.17647990198277477,False,97.7814486752631,0.5982704732301064,2.2753063487609446
springendal_and_dal_van_de_mosbeek,ahn4_entropy,single_source,brabantse_wal,ridge,589,0.2304655686590166,0.1864644777276491,-0.7908571844890344,0.1215970029347528,0.25077197755808306,False,206.12557525585845,0.14872567223823865,1.5496017949735104
springendal_and_dal_van_de_mosbeek,ahn4_entropy,single_source,drents_friese_wold_and_leggelderveld,ridge,589,0.21398042699865266,0.16195146524212065,-0.5438210222011337,-0.10429043895550015,0.2897588932567753,False,63.26639340139041,0.14872567223823865,1.4387591851384245
springendal_and_dal_van_de_mosbeek,ahn4_entropy,single_source,drentsche_aa,ridge,589,0.15323813823389582,0.12235984247615193,0.2082600040361695,-0.02708986650159123,0.3043318433476474,True,68.17381104651687,0.14872567223823865,1.030340868040783
springendal_and_dal_van_de_mosbeek,ahn4_entropy,single_source,geleenbeekdal,ridge,589,0.22549837158198893,0.18026010046297872,-0.7144928203219552,0.12318677436454174,0.2518350454152001,True,182.712202717817,0.14872567223823865,1.5162034112091332
springendal_and_dal_van_de_mosbeek,ahn4_entropy,single_source,geuldal,ridge,589,0.1641266717183818,0.12986158994864888,0.09174629933317102,0.0356646653270429,0.3300961196034733,True,193.16767467580047,0.14872567223823865,1.1035530668536686
springendal_and_dal_van_de_mosbeek,ahn4_entropy,single_source,kennemerland_zuid,ridge,589,0.18658565929713922,0.1509151541595684,-0.17383045661245533,-0.10251661030271819,0.28901910615712006,True,154.6797484467706,0.14872567223823865,1.2545625545955101
springendal_and_dal_van_de_mosbeek,ahn4_entropy,single_source,landgoederen_oldenzaal,ridge,589,0.15952342176270398,0.12919494768991457,0.14197930274351267,-0.0025259484122149125,0.3459786552295104,True,15.738543866366294,0.14872567223823865,1.0726017866449362
springendal_and_dal_van_de_mosbeek,ahn4_entropy,single_source,leenderbos_groote_heide_and_de_plateaux,ridge,589,0.2673392885940247,0.22503983980779002,-1.4097635271204836,0.1727078145973085,0.19526320789729926,False,154.46169762577549,0.14872567223823865,1.7975328977890441
springendal_and_dal_van_de_mosbeek,ahn4_entropy,single_source,loonse_en_drunense_duinen_and_leemkuilen,ridge,589,0.29604989010875815,0.23953616137732686,-1.9551440742501063,-0.20583362195429172,0.1661708852812238,False,147.56467304462387,0.14872567223823865,1.9905769169059515
springendal_and_dal_van_de_mosbeek,ahn4_entropy,single_source,maasduinen,ridge,589,0.28680543203331615,0.23089826011827697,-1.7734707870327129,-0.1960679538496683,0.24134279876545037,False,110.77748327548385,0.14872567223823865,1.9284191338122996
springendal_and_dal_van_de_mosbeek,ahn4_entropy,single_source,meinweg,ridge,589,0.30631655066612345,0.23792361705502185,-2.1636598040646637,-0.2013762597074189,0.2355841751089231,False,151.16002097332327,0.14872567223823865,2.059607773535192
springendal_and_dal_van_de_mosbeek,ahn4_entropy,single_source,noordhollands_duinreservaat,ridge,589,0.1832518996842857,0.15004412640470183,-0.1322591049266253,-0.09725538613956357,0.3220225609927347,True,151.38937572999416,0.14872567223823865,1.2321470592564587
springendal_and_dal_van_de_mosbeek,ahn4_entropy,single_source,rijntakken,ridge,589,0.22099904242822474,0.1862284844279,-0.6467574414472619,0.025287586616246267,0.19368408746943652,True,78.69945348718957,0.14872567223823865,1.4859508725179187
springendal_and_dal_van_de_mosbeek,ahn4_entropy,single_source,sallandse_heuvelrug,ridge,589,0.21133589173973516,0.16550872009186907,-0.5058973609389039,-0.10590976244009044,0.22698366188449765,False,34.05101469411936,0.14872567223823865,1.420977888748106
springendal_and_dal_van_de_mosbeek,ahn4_entropy,single_source,savelsbos,ridge,589,0.30411241776972847,0.2482121038720866,-2.118294715566313,0.1690884824018475,0.17520997371052677,True,197.102090566301,0.14872567223823865,2.044787649590052
springendal_and_dal_van_de_mosbeek,ahn4_entropy,single_source,schoorlse_duinen,ridge,589,0.3495092829039395,0.307080142845849,-3.1187580505770454,-0.29440851676169744,0.0967839798156796,False,151.14928927328833,0.14872567223823865,2.350026580105635
springendal_and_dal_van_de_mosbeek,ahn4_entropy,single_source,vecht_en_beneden_reggegebied,ridge,589,0.20418338746845824,0.15624767282394628,-0.40569033899017737,-0.05278905753526043,0.22686421756052622,False,27.649699786211333,0.14872567223823865,1.3728859610826551
springendal_and_dal_van_de_mosbeek,ahn4_entropy,single_source,veluwe,ridge,589,0.33466856717890314,0.29343284980788714,-2.776406178535285,-0.29058549998920585,0.373552200666686,False,74.86803944237823,0.14872567223823865,2.2502407428544604
springendal_and_dal_van_de_mosbeek,ahn4_entropy,single_source,voornes_duin,ridge,589,0.29559036991705756,0.2485114608787119,-1.94597741327518,-0.23052415250617056,0.2903366683784422,True,200.69557227650665,0.14872567223823865,1.9874872002162565
springendal_and_dal_van_de_mosbeek,ahn4_height_cv,single_source,brabantse_wal,ridge,589,0.19611922292463926,0.17556159437063795,-5.900034640271658,0.17206880318800633,0.06834295547262882,False,206.12557525585845,0.07477193325704035,2.622898919176644
springendal_and_dal_van_de_mosbeek,ahn4_height_cv,single_source,drents_friese_wold_and_leggelderveld,ridge,589,0.10048261825907844,0.07882162712317811,-0.8113101852069908,0.010663834175063718,0.13675128703218817,False,63.26639340139041,0.07477193325704035,1.3438547578227453
springendal_and_dal_van_de_mosbeek,ahn4_height_cv,single_source,drentsche_aa,ridge,589,0.07742501068402093,0.06087527378207813,-0.07540856577468746,-0.010186590444962437,0.05125800101320071,True,68.17381104651687,0.07477193325704035,1.0354822633495406
springendal_and_dal_van_de_mosbeek,ahn4_height_cv,single_source,geleenbeekdal,ridge,589,0.12972096885718493,0.11069748831037453,-2.0187789346474885,0.09705940825566234,0.21874373456647836,True,182.712202717817,0.07477193325704035,1.734888523093934
springendal_and_dal_van_de_mosbeek,ahn4_height_cv,single_source,geuldal,ridge,589,0.09001644559736645,0.07351574871599414,-0.453632633326321,0.04065338646153935,0.21665806815030259,True,193.16767467580047,0.07477193325704035,1.20388014160234
springendal_and_dal_van_de_mosbeek,ahn4_height_cv,single_source,kennemerland_zuid,ridge,589,0.08744112084272987,0.06914357174902784,-0.3716470544582322,-0.03634096765271947,0.09151543431794236,True,154.6797484467706,0.07477193325704035,1.1694377426639109
springendal_and_dal_van_de_mosbeek,ahn4_height_cv,single_source,landgoederen_oldenzaal,ridge,589,0.1562551571113015,0.1373110641543335,-3.3800560014530863,0.13260227963287066,0.15793112694377745,True,15.738543866366294,0.07477193325704035,2.0897568152230286
springendal_and_dal_van_de_mosbeek,ahn4_height_cv,single_source,leenderbos_groote_heide_and_de_plateaux,ridge,589,0.11740098858154255,0.08902469504709333,-1.4726033385992743,0.025925498062393634,0.13545329731948105,False,154.46169762577549,0.07477193325704035,1.5701210797634197
springendal_and_dal_van_de_mosbeek,ahn4_height_cv,single_source,loonse_en_drunense_duinen_and_leemkuilen,ridge,589,0.11451315315284616,0.0919269791697143,-1.3524569792116097,0.07137143689123297,0.09107897120558289,False,147.56467304462387,0.07477193325704035,1.531499162382081
springendal_and_dal_van_de_mosbeek,ahn4_height_cv,single_source,maasduinen,ridge,589,0.11904474300284865,0.09726455464380673,-1.5423268668508965,-0.0799263507629689,0.012185500779403299,False,110.77748327548385,0.07477193325704035,1.5921046550129112
springendal_and_dal_van_de_mosbeek,ahn4_height_cv,single_source,meinweg,ridge,589,0.16864480460409595,0.14340104216022748,-4.102192928796653,0.1370943149517198,0.13381154066205173,False,151.16002097332327,0.07477193325704035,2.2554559880691163
springendal_and_dal_van_de_mosbeek,ahn4_height_cv,single_source,noordhollands_duinreservaat,ridge,589,0.07781381905164991,0.05934249044816022,-0.0862365323507881,-0.02340734642345969,0.20164535925252705,True,151.38937572999416,0.07477193325704035,1.040682187314224
springendal_and_dal_van_de_mosbeek,ahn4_height_cv,single_source,rijntakken,ridge,589,0.172529294209671,0.1590367000895522,-4.339943166701045,0.15351550081689014,0.20017047623269335,True,78.69945348718957,0.07477193325704035,2.3074071606062967
springendal_and_dal_van_de_mosbeek,ahn4_height_cv,single_source,sallandse_heuvelrug,ridge,589,0.10028955922712102,0.08062751604218213,-0.8043566669887587,-0.035885639969895536,0.2228032544543084,False,34.05101469411936,0.07477193325704035,1.3412727859043017
springendal_and_dal_van_de_mosbeek,ahn4_height_cv,single_source,savelsbos,ridge,589,0.08741713995563177,0.06696336625789133,-0.37089480420551757,-0.027562610667204994,0.12631782084836132,True,197.102090566301,0.07477193325704035,1.169117022227064
springendal_and_dal_van_de_mosbeek,ahn4_height_cv,single_source,schoorlse_duinen,ridge,589,0.08008651397934348,0.06220671438274305,-0.15061418423024175,0.027913400625531277,0.2482142083550858,False,151.14928927328833,0.07477193325704035,1.0710772142808374
springendal_and_dal_van_de_mosbeek,ahn4_height_cv,single_source,vecht_en_beneden_reggegebied,ridge,589,0.11285081571764714,0.0849622726657139,-1.2846535326571096,-0.05890935859696725,0.17819772995006308,False,27.649699786211333,0.07477193325704035,1.5092670578638727
springendal_and_dal_van_de_mosbeek,ahn4_height_cv,single_source,veluwe,ridge,589,0.09084293430468399,0.07198448532605066,-0.48044831891505657,-0.04394836872854128,0.08325646136600184,False,74.86803944237823,0.07477193325704035,1.2149336033936293
springendal_and_dal_van_de_mosbeek,ahn4_height_cv,single_source,voornes_duin,ridge,589,0.0818076424009041,0.06378903860347947,-0.20060099083104577,0.007538971177360239,0.06183949204291313,True,200.69557227650665,0.07477193325704035,1.0940955895800821
springendal_and_dal_van_de_mosbeek,ahn4_height_sd_m,single_source,brabantse_wal,ridge,589,1.2914508362343053,1.0534913871227474,-0.8895834973251757,0.7816098244309735,0.06650859428166826,False,206.12557525585845,0.837659093950425,1.5417379761780954
springendal_and_dal_van_de_mosbeek,ahn4_height_sd_m,single_source,drents_friese_wold_and_leggelderveld,ridge,589,1.0831035107276712,0.8548174764954145,-0.3290773559300644,-0.4955923727095518,0.15341575628360474,False,63.26639340139041,0.837659093950425,1.2930122988574302
springendal_and_dal_van_de_mosbeek,ahn4_height_sd_m,single_source,drentsche_aa,ridge,589,0.9384405699043036,0.7412165306898937,0.002245073371160311,-0.47585220801606226,0.20067220360435412,True,68.17381104651687,0.837659093950425,1.1203132356369345
springendal_and_dal_van_de_mosbeek,ahn4_height_sd_m,single_source,geleenbeekdal,ridge,589,2.7559272859002277,2.447404505113238,-7.604900266887633,2.412022396528447,0.1664985984602264,True,182.712202717817,0.837659093950425,3.2900344612785055
springendal_and_dal_van_de_mosbeek,ahn4_height_sd_m,single_source,geuldal,ridge,589,0.9422203651259009,0.7693332084915496,-0.00580850903578356,0.2165652610430734,0.23061044994120458,True,193.16767467580047,0.837659093950425,1.1248255667856022
springendal_and_dal_van_de_mosbeek,ahn4_height_sd_m,single_source,kennemerland_zuid,ridge,589,0.8649141197374075,0.6858922998782683,0.15246760759676403,-0.22894005330607856,0.31250334396156465,True,154.6797484467706,0.837659093950425,1.0325371335234326
springendal_and_dal_van_de_mosbeek,ahn4_height_sd_m,single_source,landgoederen_oldenzaal,ridge,589,2.1198308872692384,1.837928507191596,-4.0911133140832545,1.7681948343146898,0.2102282479700017,True,15.738543866366294,0.837659093950425,2.530660626236448
springendal_and_dal_van_de_mosbeek,ahn4_height_sd_m,single_source,leenderbos_groote_heide_and_de_plateaux,ridge,589,1.1073498256809822,0.8861843733563499,-0.38924875086462163,0.07738614863568441,-0.004852658795796723,False,154.46169762577549,0.837659093950425,1.3219576241435973
springendal_and_dal_van_de_mosbeek,ahn4_height_sd_m,single_source,loonse_en_drunense_duinen_and_leemkuilen,ridge,589,0.9769651079938718,0.7800140055149911,-0.08135536262937193,0.20446281294494228,0.03356197277995427,False,147.56467304462387,0.837659093950425,1.1663039475718882
springendal_and_dal_van_de_mosbeek,ahn4_height_sd_m,single_source,maasduinen,ridge,589,1.3611138747146554,1.0916054643787252,-1.0989362773800475,-0.9133589081605502,0.0327903823975225,False,110.77748327548385,0.837659093950425,1.6249019255501689
springendal_and_dal_van_de_mosbeek,ahn4_height_sd_m,single_source,meinweg,ridge,589,1.099996361725662,0.865762073763416,-0.3708591310643452,-0.4332148553255875,0.03334937536905631,False,151.16002097332327,0.837659093950425,1.3131790362807938
springendal_and_dal_van_de_mosbeek,ahn4_height_sd_m,single_source,noordhollands_duinreservaat,ridge,589,1.1208730328959435,0.8797229481078287,-0.4233875829626468,-0.7498533814649364,0.3643614731390661,True,151.38937572999416,0.837659093950425,1.3381016704658135
springendal_and_dal_van_de_mosbeek,ahn4_height_sd_m,single_source,rijntakken,ridge,589,1.9462591709676167,1.624471475615085,-3.2915252859543926,1.3558634293326701,0.04731512248827078,True,78.69945348718957,0.837659093950425,2.3234501780300634
springendal_and_dal_van_de_mosbeek,ahn4_height_sd_m,single_source,sallandse_heuvelrug,ridge,589,0.9737491394389377,0.7486405388648415,-0.07424788041953856,-0.31348253500030454,0.03723981333085896,False,34.05101469411936,0.837659093950425,1.1624647144301963
springendal_and_dal_van_de_mosbeek,ahn4_height_sd_m,single_source,savelsbos,ridge,589,1.6520365570548452,1.3666425121303034,-2.0920722875525954,0.5066065929871408,0.03643609851296992,True,197.102090566301,0.837659093950425,1.9722063175650515
springendal_and_dal_van_de_mosbeek,ahn4_height_sd_m,single_source,schoorlse_duinen,ridge,589,1.1751098431701599,0.937761674353746,-0.5644700731711685,-0.3108462382469871,-0.05979851022150952,False,151.14928927328833,0.837659093950425,1.402849741209526
springendal_and_dal_van_de_mosbeek,ahn4_height_sd_m,single_source,vecht_en_beneden_reggegebied,ridge,589,1.6097311452834289,1.2783477885336867,-1.9357361830212305,-1.0751238388250108,-0.032700211773492194,False,27.649699786211333,0.837659093950425,1.9217019870122691
springendal_and_dal_van_de_mosbeek,ahn4_height_sd_m,single_source,veluwe,ridge,589,1.4568957048894242,1.2135577277304903,-1.4047351838282371,-1.1717779010575962,0.14189483104602757,False,74.86803944237823,0.837659093950425,1.7392465686949818
springendal_and_dal_van_de_mosbeek,ahn4_height_sd_m,single_source,voornes_duin,ridge,589,1.2688598777738327,1.0034365461295154,-0.8240538753961606,-0.7909072063543542,0.28158200930325555,True,200.69557227650665,0.837659093950425,1.514768820559032
springendal_and_dal_van_de_mosbeek,ahn4_p95_height_m,single_source,brabantse_wal,ridge,589,2.6996584824454444,2.1371197365738164,0.3128478659095748,0.11494273699970788,0.34012084706592066,False,206.12557525585845,1.993000678532468,1.3545697758785105
springendal_and_dal_van_de_mosbeek,ahn4_p95_height_m,single_source,drents_friese_wold_and_leggelderveld,ridge,589,3.2384310704602317,2.4473643265499443,0.011208875454879808,-1.1731128952263565,0.2926774838997443,False,63.26639340139041,1.993000678532468,1.6249021414507634
springendal_and_dal_van_de_mosbeek,ahn4_p95_height_m,single_source,drentsche_aa,ridge,589,2.639587636531248,2.0068016026883106,0.3430876671744423,-1.2183314777793794,0.2713715174898436,True,68.17381104651687,1.993000678532468,1.324428869976547
springendal_and_dal_van_de_mosbeek,ahn4_p95_height_m,single_source,geleenbeekdal,ridge,589,6.971458669505973,6.1645961747807,-3.582289866143876,6.0564829021532285,0.2824861962986362,True,182.712202717817,1.993000678532468,3.4979710466728777
springendal_and_dal_van_de_mosbeek,ahn4_p95_height_m,single_source,geuldal,ridge,589,2.3070965314874083,1.8301674960504923,0.49815826401847274,0.21905255012650837,0.41018405963887394,True,193.16767467580047,1.993000678532468,1.1575994711583453
springendal_and_dal_van_de_mosbeek,ahn4_p95_height_m,single_source,kennemerland_zuid,ridge,589,3.188893406839922,2.37045476314371,0.041228205074931745,-1.0815750878246873,0.16225271128343421,True,154.6797484467706,1.993000678532468,1.600046322707748
springendal_and_dal_van_de_mosbeek,ahn4_p95_height_m,single_source,landgoederen_oldenzaal,ridge,589,4.258479653989474,3.577452294076708,-0.7097963970376597,2.599700849529762,0.33208926060828886,True,15.738543866366294,1.993000678532468,2.136717613726642
springendal_and_dal_van_de_mosbeek,ahn4_p95_height_m,single_source,leenderbos_groote_heide_and_de_plateaux,ridge,589,3.1047932649712573,2.4705555825090997,0.09113240424457669,-0.34294994249673877,0.15908103540882895,False,154.46169762577549,1.993000678532468,1.5578485739691017
springendal_and_dal_van_de_mosbeek,ahn4_p95_height_m,single_source,loonse_en_drunense_duinen_and_leemkuilen,ridge,589,3.2891971460054674,2.4289802930612043,-0.02003495317557613,-1.0243084352862455,0.13038530883024,False,147.56467304462387,1.993000678532468,1.6503743232177144
springendal_and_dal_van_de_mosbeek,ahn4_p95_height_m,single_source,maasduinen,ridge,589,3.0987457636881723,2.4091645869931773,0.0946695318879921,-0.38610918908098657,0.1928755808790815,False,110.77748327548385,1.993000678532468,1.5548142040623447
springendal_and_dal_van_de_mosbeek,ahn4_p95_height_m,single_source,meinweg,ridge,589,5.659164351005654,4.589110182831551,-2.0195335383977837,-4.501207330685528,0.053881423852176376,False,151.16002097332327,1.993000678532468,2.8395195305065024
springendal_and_dal_van_de_mosbeek,ahn4_p95_height_m,single_source,noordhollands_duinreservaat,ridge,589,3.5007930848945805,2.639017274925796,-0.15549515610997733,-2.166626045692792,0.30374917522910044,True,151.38937572999416,1.993000678532468,1.7565438499862251
springendal_and_dal_van_de_mosbeek,ahn4_p95_height_m,single_source,rijntakken,ridge,589,4.891975999976111,4.1434281676648075,-1.2563365564912106,1.9931086316483169,0.0068658655207959095,True,78.69945348718957,1.993000678532468,2.454578190900709
springendal_and_dal_van_de_mosbeek,ahn4_p95_height_m,single_source,sallandse_heuvelrug,ridge,589,2.818353341844845,2.2093657536567326,0.2510960431467646,-0.1534602609933113,0.29623703401802803,False,34.05101469411936,1.993000678532468,1.414125630865374
springendal_and_dal_van_de_mosbeek,ahn4_p95_height_m,single_source,savelsbos,ridge,589,5.439828552722824,4.576641424776335,-1.7900094148563719,2.6046029253163905,0.1564168275844405,True,197.102090566301,1.993000678532468,2.7294664830362243
springendal_and_dal_van_de_mosbeek,ahn4_p95_height_m,single_source,schoorlse_duinen,ridge,589,3.5561463016598545,2.826531037616572,-0.19232454357129392,-0.6530503097732132,0.1551492390086977,False,151.14928927328833,1.993000678532468,1.7843176572716462
springendal_and_dal_van_de_mosbeek,ahn4_p95_height_m,single_source,vecht_en_beneden_reggegebied,ridge,589,3.344340924741966,2.533667403083547,-0.05452366656236296,-1.7439745342460653,0.17319147959423686,False,27.649699786211333,1.993000678532468,1.6780430437206613
springendal_and_dal_van_de_mosbeek,ahn4_p95_height_m,single_source,veluwe,ridge,589,3.545328266102558,2.7345428239117036,-0.18508131508832992,-2.3560519649880725,0.2874187583677294,False,74.86803944237823,1.993000678532468,1.7788896432855883
springendal_and_dal_van_de_mosbeek,ahn4_p95_height_m,single_source,voornes_duin,ridge,589,4.097648402603971,3.2829599120134625,-0.5830864316523388,-2.9824263520474643,0.38820162867744884,True,200.69557227650665,1.993000678532468,2.0560195722669024
springendal_and_dal_van_de_mosbeek,ahn4_pulse_penetration,single_source,brabantse_wal,ridge,589,0.12529457312282524,0.11485058541791057,-6.402144874355359,-0.11396519346645373,0.4159666173028043,False,206.12557525585845,0.035733305970712115,3.5063806641769926
springendal_and_dal_van_de_mosbeek,ahn4_pulse_penetration,single_source,drents_friese_wold_and_leggelderveld,ridge,589,0.09991568353456419,0.08969835740321738,-3.7071754577949756,-0.08880056485719426,0.5610893358224295,False,63.26639340139041,0.035733305970712115,2.796150001246946
springendal_and_dal_van_de_mosbeek,ahn4_pulse_penetration,single_source,drentsche_aa,ridge,589,0.03987600165657386,0.03202791812147007,0.25025035307825527,-0.019003787832481894,0.5146007012194475,True,68.17381104651687,0.035733305970712115,1.1159337367009141
springendal_and_dal_van_de_mosbeek,ahn4_pulse_penetration,single_source,geleenbeekdal,ridge,589,0.06312971736014829,0.05180685947407004,-0.8791469743684261,-0.03998554626145189,0.3559565486687826,True,182.712202717817,0.035733305970712115,1.7666912043316378
springendal_and_dal_van_de_mosbeek,ahn4_pulse_penetration,single_source,geuldal,ridge,589,0.043571353308412684,0.03485857229382581,0.10485135731315187,-0.022710132902768382,0.5563975323878433,True,193.16767467580047,0.035733305970712115,1.2193485076394786
springendal_and_dal_van_de_mosbeek,ahn4_pulse_penetration,single_source,kennemerland_zuid,ridge,589,0.048888607934598795,0.03843718099518243,-0.1269597406598859,0.022722415240501472,0.5230963159437282,True,154.6797484467706,0.035733305970712115,1.3681523891091714
springendal_and_dal_van_de_mosbeek,ahn4_pulse_penetration,single_source,landgoederen_oldenzaal,ridge,589,0.049150399627654114,0.03885345154683833,-0.1390614809149231,0.02344656445143967,0.4586212801205879,True,15.738543866366294,0.035733305970712115,1.3754786547860691
springendal_and_dal_van_de_mosbeek,ahn4_pulse_penetration,single_source,leenderbos_groote_heide_and_de_plateaux,ridge,589,0.05685322607048948,0.04540899890920977,-0.5240642842011731,-0.034221782222803275,0.41348042327642603,False,154.46169762577549,0.035733305970712115,1.5910429926939245
springendal_and_dal_van_de_mosbeek,ahn4_pulse_penetration,single_source,loonse_en_drunense_duinen_and_leemkuilen,ridge,589,0.04339071730410916,0.03480337123116499,0.11225809986061897,0.008811865818171049,0.4868643780028702,False,147.56467304462387,0.035733305970712115,1.2142933917078158
springendal_and_dal_van_de_mosbeek,ahn4_pulse_penetration,single_source,maasduinen,ridge,589,0.04694596309748071,0.03794986069260388,-0.039177094023141734,0.023076161521747688,0.46189282752800215,False,110.77748327548385,0.035733305970712115,1.3137872867391214
springendal_and_dal_van_de_mosbeek,ahn4_pulse_penetration,single_source,meinweg,ridge,589,0.049795754448362484,0.03839064840322889,-0.16917007911419657,0.021716403064109203,0.4052289875964797,False,151.16002097332327,0.035733305970712115,1.3935389714339976
springendal_and_dal_van_de_mosbeek,ahn4_pulse_penetration,single_source,noordhollands_duinreservaat,ridge,589,0.045216681558732846,0.0351303069841941,0.03597025989547831,-0.012277999868375467,0.40836047120002994,True,151.38937572999416,0.035733305970712115,1.2653931767688535
springendal_and_dal_van_de_mosbeek,ahn4_pulse_penetration,single_source,rijntakken,ridge,589,0.04237838787968094,0.03311380233242361,0.15319790758115537,0.00670568427195766,0.3887194714572728,True,78.69945348718957,0.035733305970712115,1.18596325552456
springendal_and_dal_van_de_mosbeek,ahn4_pulse_penetration,single_source,sallandse_heuvelrug,ridge,589,0.05156290033014127,0.04148830737849802,-0.2536252607189178,0.0052266263420391685,0.4622358805185479,False,34.05101469411936,0.035733305970712115,1.4429927186810947
springendal_and_dal_van_de_mosbeek,ahn4_pulse_penetration,single_source,savelsbos,ridge,589,0.039927782246476806,0.031007227722022433,0.2483019287800564,0.0022298499663310723,0.43932022552223277,True,197.102090566301,0.035733305970712115,1.1173828214832007
springendal_and_dal_van_de_mosbeek,ahn4_pulse_penetration,single_source,schoorlse_duinen,ridge,589,0.11357642029947654,0.10420447032405014,-5.082322056312061,-0.10355246166353647,0.3815904350236317,False,151.14928927328833,0.035733305970712115,3.1784470318130245
springendal_and_dal_van_de_mosbeek,ahn4_pulse_penetration,single_source,vecht_en_beneden_reggegebied,ridge,589,0.04743403526095279,0.037153264894230154,-0.060896956124146584,-0.00022306623670016675,0.4843817227090874,False,27.649699786211333,0.035733305970712115,1.3274460331162998
springendal_and_dal_van_de_mosbeek,ahn4_pulse_penetration,single_source,veluwe,ridge,589,0.03689328854983988,0.028442713988721984,0.3582176098585458,0.00552825615842568,0.53198290560658,False,74.86803944237823,0.035733305970712115,1.03246222390054
springendal_and_dal_van_de_mosbeek,ahn4_pulse_penetration,single_source,voornes_duin,ridge,589,0.05857419593453844,0.04752595262330619,-0.6177288492476594,-0.03195066079776387,0.4315105613765381,True,200.69557227650665,0.035733305970712115,1.6392044996493544
springendal_and_dal_van_de_mosbeek,ahn4_sigma_z,single_source,brabantse_wal,ridge,589,0.9910863534098688,0.8014229116325768,-0.15829749684277128,0.13518408686244793,0.08971309854987712,False,206.12557525585845,0.8171147295754715,1.212909665604466
springendal_and_dal_van_de_mosbeek,ahn4_sigma_z,single_source,drents_friese_wold_and_leggelderveld,ridge,589,1.3070751132608738,1.065450055576894,-1.0146435458531755,-0.9547332958358878,0.20804336389930722,False,63.26639340139041,0.8171147295754715,1.5996225082614275
springendal_and_dal_van_de_mosbeek,ahn4_sigma_z,single_source,drentsche_aa,ridge,589,0.9442884083869802,0.739039105677841,-0.05149313693914581,-0.5113856289510084,0.21390531138993568,True,68.17381104651687,0.8171147295754715,1.1556374817494495
springendal_and_dal_van_de_mosbeek,ahn4_sigma_z,single_source,geleenbeekdal,ridge,589,2.586410153594717,2.277909564800198,-6.8884543820912425,2.233855478915954,0.2021065416468266,True,182.712202717817,0.8171147295754715,3.1652962062481427
springendal_and_dal_van_de_mosbeek,ahn4_sigma_z,single_source,geuldal,ridge,589,0.92805451146329,0.7595391544287405,-0.01565005853605217,0.21535222589555417,0.2870268735027854,True,193.16767467580047,0.8171147295754715,1.1357701408044092
springendal_and_dal_van_de_mosbeek,ahn4_sigma_z,single_source,kennemerland_zuid,ridge,589,0.845582774245457,0.6705412922311991,0.15684119493573412,-0.207419920691897,0.3607762396610153,True,154.6797484467706,0.8171147295754715,1.0348397154519244
springendal_and_dal_van_de_mosbeek,ahn4_sigma_z,single_source,landgoederen_oldenzaal,ridge,589,1.8768733820545846,1.616074460936213,-3.1540055807527834,1.5119943550183796,0.29970364598439375,True,15.738543866366294,0.8171147295754715,2.2969520853328715
springendal_and_dal_van_de_mosbeek,ahn4_sigma_z,single_source,leenderbos_groote_heide_and_de_plateaux,ridge,589,0.9912484938255098,0.7939432291483809,-0.15867651971883623,0.05817335245682412,0.007309046748726652,False,154.46169762577549,0.8171147295754715,1.2131080960203824
springendal_and_dal_van_de_mosbeek,ahn4_sigma_z,single_source,loonse_en_drunense_duinen_and_leemkuilen,ridge,589,1.0297685254679676,0.8069480644977512,-0.2504788554949322,-0.5075779784906018,-7.604279249885319e-05,False,147.56467304462387,0.8171147295754715,1.260249617581829
springendal_and_dal_van_de_mosbeek,ahn4_sigma_z,single_source,maasduinen,ridge,589,1.1246073149197386,0.8498857064104669,-0.4914164651487114,-0.5704573131800995,0.059960768545595,False,110.77748327548385,0.8171147295754715,1.3763150683919547
springendal_and_dal_van_de_mosbeek,ahn4_sigma_z,single_source,meinweg,ridge,589,1.273273656836548,0.9934012775516906,-0.9117919701342287,-0.8190660711649022,0.08598642376521724,False,151.16002097332327,0.8171147295754715,1.5582556656371522
springendal_and_dal_van_de_mosbeek,ahn4_sigma_z,single_source,noordhollands_duinreservaat,ridge,589,1.0437323285985651,0.801676042932359,-0.2846221214670277,-0.6489021990518199,0.3947754741933445,True,151.38937572999416,0.8171147295754715,1.277338776086966
springendal_and_dal_van_de_mosbeek,ahn4_sigma_z,single_source,rijntakken,ridge,589,1.8841945271538165,1.5867939004809528,-3.1864759565276666,1.3258858016262862,0.10580091053575286,True,78.69945348718957,0.8171147295754715,2.305911837047341
springendal_and_dal_van_de_mosbeek,ahn4_sigma_z,single_source,sallandse_heuvelrug,ridge,589,1.2730188745022215,0.9711312202837836,-0.9110269467085217,-0.8548204727007874,-0.014963572703458817,False,34.05101469411936,0.8171147295754715,1.557943858341182
springendal_and_dal_van_de_mosbeek,ahn4_sigma_z,single_source,savelsbos,ridge,589,1.6671018954849202,1.3828386977471763,-2.2773393761826277,0.6163473686569569,0.0614085628391672,True,197.102090566301,0.8171147295754715,2.0402298907903127
springendal_and_dal_van_de_mosbeek,ahn4_sigma_z,single_source,schoorlse_duinen,ridge,589,1.5087871303482525,1.1872604793050896,-1.684436079807591,-1.0754796381985692,-0.06349362484629847,False,151.14928927328833,0.8171147295754715,1.8464813761613825
springendal_and_dal_van_de_mosbeek,ahn4_sigma_z,single_source,vecht_en_beneden_reggegebied,ridge,589,1.6966415113329973,1.3696460818695475,-2.394511641962159,-1.3001846898407856,-0.021480395299279056,False,27.649699786211333,0.8171147295754715,2.076381014713173
springendal_and_dal_van_de_mosbeek,ahn4_sigma_z,single_source,veluwe,ridge,589,1.4067212074354456,1.1716662802591187,-1.3335289599818827,-1.1405724968808129,0.19476426231185898,False,74.86803944237823,0.8171147295754715,1.7215712268047128
springendal_and_dal_van_de_mosbeek,ahn4_sigma_z,single_source,voornes_duin,ridge,589,1.297729257663019,1.024105743970664,-0.9859363148657516,-0.8552826298006089,0.316773587351273,True,200.69557227650665,0.8171147295754715,1.588184878685578
vecht_en_beneden_reggegebied,ahn4_entropy,single_source,brabantse_wal,ridge,3100,0.26661295354463654,0.21891053894846252,0.3973293152149071,0.19148168482000194,0.6542202549281718,True,188.30403132317696,0.17488039462078933,1.5245445558535027
vecht_en_beneden_reggegebied,ahn4_entropy,single_source,drents_friese_wold_and_leggelderveld,ridge,3100,0.2513095010340687,0.20060556795629972,0.4645296962166471,0.08866474916993296,0.5798632925457571,True,45.34167366129035,0.17488039462078933,1.437036447561822
vecht_en_beneden_reggegebied,ahn4_entropy,single_source,drentsche_aa,ridge,3100,0.2683104179305582,0.2074372575984836,0.38963074953512056,-0.046718529294223994,0.4442110954013357,False,61.0655797006918,0.17488039462078933,1.5342509862947333
vecht_en_beneden_reggegebied,ahn4_entropy,single_source,geleenbeekdal,ridge,3100,0.6110918326290177,0.5379201566122429,-2.16614305452474,0.5341336225721138,0.3416903737966888,False,181.4133275747965,0.17488039462078933,3.4943415695859406
vecht_en_beneden_reggegebied,ahn4_entropy,single_source,geuldal,ridge,3100,0.3181137269816505,0.25539654967807973,0.14200966726817932,0.1876584356479082,0.4483311240672342,False,191.99975678441064,0.17488039462078933,1.8190359626729364
vecht_en_beneden_reggegebied,ahn4_entropy,single_source,kennemerland_zuid,ridge,3100,0.47645150851670304,0.4006931631062536,-0.9246642855265037,-0.38540580913709077,0.4161389511863814,False,128.3014511064536,0.17488039462078933,2.7244420939799485
vecht_en_beneden_reggegebied,ahn4_entropy,single_source,landgoederen_oldenzaal,ridge,3100,0.3396174887356518,0.2504440308182192,0.022092746421261134,-0.16184718970670653,0.35860046642258625,False,39.78649194591302,0.17488039462078933,1.9419986412546608
vecht_en_beneden_reggegebied,ahn4_entropy,single_source,leenderbos_groote_heide_and_de_plateaux,ridge,3100,0.2155653444474009,0.1744354557438418,0.6060188353744815,-0.07728721902339362,0.6235762886917834,True,145.76742625948555,0.17488039462078933,1.2326444305825865
vecht_en_beneden_reggegebied,ahn4_entropy,single_source,loonse_en_drunense_duinen_and_leemkuilen,ridge,3100,0.20228736950841872,0.16244643650442692,0.6530594130883373,-0.02319988194144201,0.5849335600666855,True,131.51592217988488,0.17488039462078933,1.156718395718735
vecht_en_beneden_reggegebied,ahn4_entropy,single_source,maasduinen,ridge,3100,0.1991894422438124,0.16146757213146673,0.6636044780222699,-0.061368790053237234,0.6361112442112477,True,107.73905963157961,0.17488039462078933,1.1390038470334816
vecht_en_beneden_reggegebied,ahn4_entropy,single_source,meinweg,ridge,3100,0.20772226200590727,0.16350804020604412,0.6341663405575426,-0.02596019736926504,0.642078703086144,True,150.95312768692125,0.17488039462078933,1.1877961646663266
vecht_en_beneden_reggegebied,ahn4_entropy,single_source,noordhollands_duinreservaat,ridge,3100,0.5323820420100046,0.4684805796833453,-1.4030586486598677,-0.45812286988550643,0.46412484843295126,False,124.08236112800249,0.17488039462078933,3.0442637275860562
vecht_en_beneden_reggegebied,ahn4_entropy,single_source,rijntakken,ridge,3100,0.35273069723966183,0.292320883697532,-0.054882502181890835,0.15565513820745247,0.33737560019566226,False,62.73630978298761,0.17488039462078933,2.0169825097005476
vecht_en_beneden_reggegebied,ahn4_entropy,single_source,sallandse_heuvelrug,ridge,3100,0.19698975379512126,0.1555166301108965,0.6709932185468314,-0.02711783297229386,0.6654663029983152,True,19.14903267170579,0.17488039462078933,1.1264256020366026
vecht_en_beneden_reggegebied,ahn4_entropy,single_source,savelsbos,ridge,3100,0.6063474865366858,0.5261413598785523,-2.1171717964352013,0.5170362068038644,0.24177017074428608,False,194.68199073897736,0.17488039462078933,3.467212478857277
vecht_en_beneden_reggegebied,ahn4_entropy,single_source,schoorlse_duinen,ridge,3100,0.42968093885110736,0.3168671489131639,-0.5653438505892481,-0.27571611204707164,0.1820964505935672,True,123.54179112063932,0.17488039462078933,2.4569989093564635
vecht_en_beneden_reggegebied,ahn4_entropy,single_source,springendal_and_dal_van_de_mosbeek,ridge,3100,0.25831545422489727,0.20349623813026488,0.4342580881027195,-0.0503701355888291,0.46613896411924677,False,27.649699786211333,0.17488039462078933,1.477097846130943
vecht_en_beneden_reggegebied,ahn4_entropy,single_source,veluwe,ridge,3100,0.26349520655727415,0.21948468161805929,0.4113420509773451,-0.18180004985571904,0.6391923231947615,True,54.59238786801238,0.17488039462078933,1.5067166741511373
vecht_en_beneden_reggegebied,ahn4_entropy,single_source,voornes_duin,ridge,3100,0.530372656722291,0.4425134977733245,-1.3849530109166284,-0.4220272815797583,0.28804409959885396,False,177.53112844924425,0.17488039462078933,3.032773672957172
vecht_en_beneden_reggegebied,ahn4_height_cv,single_source,brabantse_wal,ridge,3100,0.15053964079160248,0.13163185925370857,-0.8814546701348296,0.117737271630072,0.4166970905621769,True,188.30403132317696,0.08451442299617275,1.7812301788822447
vecht_en_beneden_reggegebied,ahn4_height_cv,single_source,drents_friese_wold_and_leggelderveld,ridge,3100,0.10812817445177,0.0870907089900122,0.029334151051419455,0.023823277287265434,0.3022100740089904,True,45.34167366129035,0.08451442299617275,1.2794049893314259
vecht_en_beneden_reggegebied,ahn4_height_cv,single_source,drentsche_aa,ridge,3100,0.11950673035643712,0.09185653907854492,-0.18570523541003037,-0.05090678856419528,0.13111802746594106,False,61.0655797006918,0.08451442299617275,1.4140394753904788
vecht_en_beneden_reggegebied,ahn4_height_cv,single_source,geleenbeekdal,ridge,3100,0.20468531175087665,0.18187239619887743,-2.478286618690405,0.1624683173461657,0.07535545743277867,False,181.4133275747965,0.08451442299617275,2.421897996749571
vecht_en_beneden_reggegebied,ahn4_height_cv,single_source,geuldal,ridge,3100,0.16174273334127737,0.14051245260648093,-1.1719086988347254,0.12296921112508398,0.2723652253231835,False,191.99975678441064,0.08451442299617275,1.9137885299010078
vecht_en_beneden_reggegebied,ahn4_height_cv,single_source,kennemerland_zuid,ridge,3100,0.20433860539392712,0.17653558598522773,-2.466513201955451,-0.170878169827483,0.2939835127462688,False,128.3014511064536,0.08451442299617275,2.4177956631518462
vecht_en_beneden_reggegebied,ahn4_height_cv,single_source,landgoederen_oldenzaal,ridge,3100,0.12925444060949381,0.10450371291346808,-0.3870207346518444,0.034604475504539385,0.1690002462115091,False,39.78649194591302,0.08451442299617275,1.5293773065852574
vecht_en_beneden_reggegebied,ahn4_height_cv,single_source,leenderbos_groote_heide_and_de_plateaux,ridge,3100,0.08708155347654598,0.06940824187008648,0.3704295369906292,0.008993725513639507,0.4716051713798593,True,145.76742625948555,0.08451442299617275,1.0303750577636848
vecht_en_beneden_reggegebied,ahn4_height_cv,single_source,loonse_en_drunense_duinen_and_leemkuilen,ridge,3100,0.10382197991329464,0.08410191468734954,0.1051080076111145,0.03660504239623294,0.3812009073294775,True,131.51592217988488,0.08451442299617275,1.228452804061577
vecht_en_beneden_reggegebied,ahn4_height_cv,single_source,maasduinen,ridge,3100,0.09593071575819395,0.07365393584076232,0.2359753366572821,-0.02767291706335052,0.4287515894516071,True,107.73905963157961,0.08451442299617275,1.1350809998731008
vecht_en_beneden_reggegebied,ahn4_height_cv,single_source,meinweg,ridge,3100,0.13241330423368658,0.11069181335078812,-0.4556442681797408,0.0842110702000812,0.3806956454963099,True,150.95312768692125,0.08451442299617275,1.5667539283760235
vecht_en_beneden_reggegebied,ahn4_height_cv,single_source,noordhollands_duinreservaat,ridge,3100,0.14560755153519453,0.11041731934310778,-0.7601910426610838,-0.09395288204419194,0.19244800553032423,False,124.08236112800249,0.08451442299617275,1.7228722195948543
vecht_en_beneden_reggegebied,ahn4_height_cv,single_source,rijntakken,ridge,3100,0.22171479523916843,0.1992029361749591,-3.0811387342709677,0.1794765648380958,-0.037360563712196614,False,62.73630978298761,0.08451442299617275,2.623395952773751
vecht_en_beneden_reggegebied,ahn4_height_cv,single_source,sallandse_heuvelrug,ridge,3100,0.09229482343928934,0.07103559409114166,0.2927927647557397,0.007552291538192558,0.44050110592302605,True,19.14903267170579,0.08451442299617275,1.0920600314986346
vecht_en_beneden_reggegebied,ahn4_height_cv,single_source,savelsbos,ridge,3100,0.10586470379722354,0.08470478991538133,0.06954712541132557,0.019319603899913426,0.2573691122967852,False,194.68199073897736,0.08451442299617275,1.2526229256989383
vecht_en_beneden_reggegebied,ahn4_height_cv,single_source,schoorlse_duinen,ridge,3100,0.12088110972070042,0.08814482790763882,-0.21313430836188596,-0.02782187619254542,0.19553538794383818,True,123.54179112063932,0.08451442299617275,1.4303015442248779
vecht_en_beneden_reggegebied,ahn4_height_cv,single_source,springendal_and_dal_van_de_mosbeek,ridge,3100,0.09975618415446495,0.0815235438139576,0.17382573060734807,0.01419319154980272,0.27337950112937603,False,27.649699786211333,0.08451442299617275,1.1803450892515994
vecht_en_beneden_reggegebied,ahn4_height_cv,single_source,veluwe,ridge,3100,0.13571923312362222,0.10774188648778257,-0.5292370185741806,-0.1008393500509667,0.4963190243406635,True,54.59238786801238,0.08451442299617275,1.6058706704980792
vecht_en_beneden_reggegebied,ahn4_height_cv,single_source,voornes_duin,ridge,3100,0.17839399003955675,0.13066203093622195,-1.64211944284372,-0.10099940785491093,0.019994564959348315,False,177.53112844924425,0.08451442299617275,2.1108111931100253
vecht_en_beneden_reggegebied,ahn4_height_sd_m,single_source,brabantse_wal,ridge,3100,1.00128371618492,0.799709200573035,0.5031692767472192,-0.10065889166102943,0.5002504395849744,True,188.30403132317696,0.9473654621613133,1.0569138903381572
vecht_en_beneden_reggegebied,ahn4_height_sd_m,single_source,drents_friese_wold_and_leggelderveld,ridge,3100,1.1362354444787592,0.8743812060949944,0.3602197885723396,-0.0767634310052928,0.3973265308857755,True,45.34167366129035,0.9473654621613133,1.19936338177936
vecht_en_beneden_reggegebied,ahn4_height_sd_m,single_source,drentsche_aa,ridge,3100,1.3486664205617052,1.0151792951357594,0.09862973661461427,-0.16429379884676612,0.20012632099894714,False,61.0655797006918,0.9473654621613133,1.4235967790981807
vecht_en_beneden_reggegebied,ahn4_height_sd_m,single_source,geleenbeekdal,ridge,3100,4.208940715858531,3.930954706877333,-7.7788929795961135,3.910689921598636,0.12155011382510125,False,181.4133275747965,0.9473654621613133,4.442784631662929
vecht_en_beneden_reggegebied,ahn4_height_sd_m,single_source,geuldal,ridge,3100,1.6709223121464103,1.386118114717791,-0.3835875773851607,0.9521320842165009,0.27841086705432894,False,191.99975678441064,0.9473654621613133,1.7637568381840512
vecht_en_beneden_reggegebied,ahn4_height_sd_m,single_source,kennemerland_zuid,ridge,3100,2.5266512301217228,2.158702786024625,-2.163623061274566,-2.076675675453044,0.2979474232812949,False,128.3014511064536,0.9473654621613133,2.6670290727692745
vecht_en_beneden_reggegebied,ahn4_height_sd_m,single_source,landgoederen_oldenzaal,ridge,3100,1.85048553667188,1.5295662537792933,-0.6969362512525954,0.7296764063080947,0.05915025879920162,False,39.78649194591302,0.9473654621613133,1.9532963893893645
vecht_en_beneden_reggegebied,ahn4_height_sd_m,single_source,leenderbos_groote_heide_and_de_plateaux,ridge,3100,0.9591537382158494,0.7643202921798082,0.5440989578255289,-0.021575521658505382,0.4432242590466897,True,145.76742625948555,0.9473654621613133,1.012443219143373
vecht_en_beneden_reggegebied,ahn4_height_sd_m,single_source,loonse_en_drunense_duinen_and_leemkuilen,ridge,3100,1.0359951695987721,0.8342684486099863,0.46812497426888366,0.2610276081837137,0.45687173851235485,True,131.51592217988488,0.9473654621613133,1.0935538722672657
vecht_en_beneden_reggegebied,ahn4_height_sd_m,single_source,maasduinen,ridge,3100,1.0407781845481516,0.8028315588492012,0.4632024827254575,-0.25834035005712247,0.4846135170672906,True,107.73905963157961,0.9473654621613133,1.0986026260380308
vecht_en_beneden_reggegebied,ahn4_height_sd_m,single_source,meinweg,ridge,3100,1.4859844512913634,1.249442395779366,-0.09426540127547534,0.8757555739120917,0.41344226157089226,True,150.95312768692125,0.9473654621613133,1.5685440420228622
vecht_en_beneden_reggegebied,ahn4_height_sd_m,single_source,noordhollands_duinreservaat,ridge,3100,2.4520216875146867,2.072068061404443,-1.9794956221868345,-2.039915211002642,0.2684902262964222,False,124.08236112800249,0.9473654621613133,2.5882531984231942
vecht_en_beneden_reggegebied,ahn4_height_sd_m,single_source,rijntakken,ridge,3100,3.5090141060834608,3.182995123286022,-5.101889878237361,3.104276252630765,-0.09926703540772058,False,62.73630978298761,0.9473654621613133,3.7039709027158527
vecht_en_beneden_reggegebied,ahn4_height_sd_m,single_source,sallandse_heuvelrug,ridge,3100,1.109997499863855,0.8716521662557546,0.3894262364636375,-0.16294325437197416,0.4251761026071207,True,19.14903267170579,0.9473654621613133,1.1716676870734912
vecht_en_beneden_reggegebied,ahn4_height_sd_m,single_source,savelsbos,ridge,3100,1.6660795646189832,1.2358912641183992,-0.3755792389842978,-0.7930972107127585,0.17054768940099008,False,194.68199073897736,0.9473654621613133,1.7586450331617538
vecht_en_beneden_reggegebied,ahn4_height_sd_m,single_source,schoorlse_duinen,ridge,3100,1.4883093977288637,1.0600594766715348,-0.0976922186677307,-0.3251114817199167,0.1547904594802909,True,123.54179112063932,0.9473654621613133,1.5709981598162175
vecht_en_beneden_reggegebied,ahn4_height_sd_m,single_source,springendal_and_dal_van_de_mosbeek,ridge,3100,1.312028916801112,1.0243317303912074,0.14693730329832477,-0.30747313637475093,0.2709392321964837,False,27.649699786211333,0.9473654621613133,1.384923737675488
vecht_en_beneden_reggegebied,ahn4_height_sd_m,single_source,veluwe,ridge,3100,1.2437556993980985,0.9866477672683146,0.23340796031240396,-0.790521933458954,0.4778189834633343,True,54.59238786801238,0.9473654621613133,1.3128573386669622
vecht_en_beneden_reggegebied,ahn4_height_sd_m,single_source,voornes_duin,ridge,3100,2.798785259063994,2.3517362772979826,-2.8818012289089343,-2.2742475771274324,0.12764098954597322,False,177.53112844924425,0.9473654621613133,2.9542825560463895
vecht_en_beneden_reggegebied,ahn4_p95_height_m,single_source,brabantse_wal,ridge,3100,2.7565541971696876,2.192584376399598,0.3477974934618292,-1.4235138643032792,0.47952265153446266,True,188.30403132317696,2.218791105600953,1.2423676073927128
vecht_en_beneden_reggegebied,ahn4_p95_height_m,single_source,drents_friese_wold_and_leggelderveld,ridge,3100,2.776190769998707,2.2163216806657133,0.33847234538786686,-0.5879071405263201,0.41982065177839967,True,45.34167366129035,2.218791105600953,1.251217729776677
vecht_en_beneden_reggegebied,ahn4_p95_height_m,single_source,drentsche_aa,ridge,3100,3.0161462676990642,2.3445188768224616,0.21917413713146405,0.056020078306191094,0.24110524845547332,False,61.0655797006918,2.218791105600953,1.3593646829056267
vecht_en_beneden_reggegebied,ahn4_p95_height_m,single_source,geleenbeekdal,ridge,3100,8.422390266216665,7.746205978074471,-5.088637454624503,7.687511658515059,0.2106411609430142,False,181.4133275747965,2.218791105600953,3.7959365552511017
vecht_en_beneden_reggegebied,ahn4_p95_height_m,single_source,geuldal,ridge,3100,3.169691222762489,2.509539318359185,0.1376505182019403,-0.3235492630463936,0.3351256554325899,False,191.99975678441064,2.218791105600953,1.4285667608641273
vecht_en_beneden_reggegebied,ahn4_p95_height_m,single_source,kennemerland_zuid,ridge,3100,5.312284029522269,4.422733120871447,-1.4222109699140266,-4.253062784603117,0.30459941105364147,False,128.3014511064536,2.218791105600953,2.3942245018525314
vecht_en_beneden_reggegebied,ahn4_p95_height_m,single_source,landgoederen_oldenzaal,ridge,3100,4.0802375336290995,3.383987178024033,-0.4289607019439199,1.555931050467335,0.03481094251066557,False,39.78649194591302,2.218791105600953,1.838946227668413
vecht_en_beneden_reggegebied,ahn4_p95_height_m,single_source,leenderbos_groote_heide_and_de_plateaux,ridge,3100,2.3021594792582447,1.8427176029828203,0.5450955310305241,-0.21446951160821945,0.4561308771575573,True,145.76742625948555,2.218791105600953,1.037573782158601
vecht_en_beneden_reggegebied,ahn4_p95_height_m,single_source,loonse_en_drunense_duinen_and_leemkuilen,ridge,3100,2.471171223168084,1.9595573150154726,0.4758506299687122,0.30295867627916345,0.4541602841723317,True,131.51592217988488,2.218791105600953,1.113746678058174
vecht_en_beneden_reggegebied,ahn4_p95_height_m,single_source,maasduinen,ridge,3100,2.2733561628074797,1.8220996943227317,0.5564073366197182,0.39272308742628387,0.5045300020898381,True,107.73905963157961,2.218791105600953,1.0245922462320975
vecht_en_beneden_reggegebied,ahn4_p95_height_m,single_source,meinweg,ridge,3100,3.394880384006576,2.8415886537647324,0.010767568721023468,1.7999454177415672,0.4483635594152569,True,150.95312768692125,2.218791105600953,1.5300585870552619
vecht_en_beneden_reggegebied,ahn4_p95_height_m,single_source,noordhollands_duinreservaat,ridge,3100,6.054332267707202,5.302616032835716,-2.1461679009175514,-5.259119183181589,0.3101954885790113,False,124.08236112800249,2.218791105600953,2.7286625822611654
vecht_en_beneden_reggegebied,ahn4_p95_height_m,single_source,rijntakken,ridge,3100,7.580894822002399,6.832038997891767,-3.932763964549528,6.6581882708143585,0.07718375960370905,False,62.73630978298761,2.218791105600953,3.4166780292501384
vecht_en_beneden_reggegebied,ahn4_p95_height_m,single_source,sallandse_heuvelrug,ridge,3100,2.590869011654244,2.091454840161817,0.42384371270158383,-0.7924031982033237,0.4331507185869283,True,19.14903267170579,2.218791105600953,1.1676939776412683
vecht_en_beneden_reggegebied,ahn4_p95_height_m,single_source,savelsbos,ridge,3100,5.168529610322069,4.015740515665403,-1.2928909998434417,-3.4125938992660982,0.0961909097413629,False,194.68199073897736,2.218791105600953,2.3294349780270047
vecht_en_beneden_reggegebied,ahn4_p95_height_m,single_source,schoorlse_duinen,ridge,3100,3.395212422741508,2.534344892070463,0.0105740540691448,-0.4793905619652665,0.1283334943390129,True,123.54179112063932,2.218791105600953,1.5302082355436182
vecht_en_beneden_reggegebied,ahn4_p95_height_m,single_source,springendal_and_dal_van_de_mosbeek,ridge,3100,3.0672515395915294,2.3755892035746413,0.19248949933253268,-0.2154353223984534,0.25775042451689884,False,27.649699786211333,2.218791105600953,1.3823976181663904
vecht_en_beneden_reggegebied,ahn4_p95_height_m,single_source,veluwe,ridge,3100,2.5696928154471754,2.0548641545198776,0.4332235289386325,-0.5706251864536507,0.4713202727319201,True,54.59238786801238,2.218791105600953,1.158149953350918
vecht_en_beneden_reggegebied,ahn4_p95_height_m,single_source,voornes_duin,ridge,3100,6.803481707879356,5.978654397214447,-2.972938434369373,-5.92352338145703,0.20390684160543823,False,177.53112844924425,2.218791105600953,3.0663011451168827
vecht_en_beneden_reggegebied,ahn4_pulse_penetration,single_source,brabantse_wal,ridge,3100,0.048837664206707196,0.03806271101287728,0.6144924615494248,-0.009106548020143346,0.5868178815934271,True,188.30403132317696,0.041238851048349526,1.184263454611008
vecht_en_beneden_reggegebied,ahn4_pulse_penetration,single_source,drents_friese_wold_and_leggelderveld,ridge,3100,0.047976736914471095,0.037374998727856,0.6279643830918464,-0.016971794860399257,0.6249578288769945,True,45.34167366129035,0.041238851048349526,1.1633868474711357
vecht_en_beneden_reggegebied,ahn4_pulse_penetration,single_source,drentsche_aa,ridge,3100,0.07385550571930354,0.05845966252037303,0.11836492757577655,0.049395931661069266,0.5590844558597636,False,61.0655797006918,0.041238851048349526,1.7909205480218975
vecht_en_beneden_reggegebied,ahn4_pulse_penetration,single_source,geleenbeekdal,ridge,3100,0.09564047684435671,0.08179659112571935,-0.47844976135629214,-0.05643783936659952,0.2202869236267408,False,181.4133275747965,0.041238851048349526,2.319183837886882
vecht_en_beneden_reggegebied,ahn4_pulse_penetration,single_source,geuldal,ridge,3100,0.06118569393261019,0.04656815193586865,0.39490594528720846,0.007019927203946687,0.4494609435081201,False,191.99975678441064,0.041238851048349526,1.4836905582280762
vecht_en_beneden_reggegebied,ahn4_pulse_penetration,single_source,kennemerland_zuid,ridge,3100,0.06955227814551712,0.05345231310138367,0.21810970019888531,0.024194257081734873,0.5550506021990842,False,128.3014511064536,0.041238851048349526,1.6865716764022398
vecht_en_beneden_reggegebied,ahn4_pulse_penetration,single_source,landgoederen_oldenzaal,ridge,3100,0.07295490033932985,0.05669629671814445,0.1397354177102349,0.04555456903654055,0.471247933995814,False,39.78649194591302,0.041238851048349526,1.769081787797521
vecht_en_beneden_reggegebied,ahn4_pulse_penetration,single_source,leenderbos_groote_heide_and_de_plateaux,ridge,3100,0.04194330430026955,0.031612658569956875,0.7156531715755543,-0.0045657181993443655,0.716548307484924,True,145.76742625948555,0.041238851048349526,1.0170822715476264
vecht_en_beneden_reggegebied,ahn4_pulse_penetration,single_source,loonse_en_drunense_duinen_and_leemkuilen,ridge,3100,0.04700801596581086,0.036333302285720036,0.6428365994438405,0.021042141882498734,0.6692851489714337,True,131.51592217988488,0.041238851048349526,1.1398963543067049
vecht_en_beneden_reggegebied,ahn4_pulse_penetration,single_source,maasduinen,ridge,3100,0.049432702394864345,0.039032210543898486,0.6050411839162685,0.024828056663092152,0.704078031742394,True,107.73905963157961,0.041238851048349526,1.1986925226628677
vecht_en_beneden_reggegebied,ahn4_pulse_penetration,single_source,meinweg,ridge,3100,0.048502598308626035,0.03703903729278549,0.6197641028058298,-0.015700956325272956,0.6918544431358318,True,150.95312768692125,0.041238851048349526,1.1761384489533984
vecht_en_beneden_reggegebied,ahn4_pulse_penetration,single_source,noordhollands_duinreservaat,ridge,3100,0.07636458886359036,0.06025316160727509,0.05744404450034535,0.05097313207383773,0.5704053389828548,False,124.08236112800249,0.041238851048349526,1.8517632504857735
vecht_en_beneden_reggegebied,ahn4_pulse_penetration,single_source,rijntakken,ridge,3100,0.09190539788390932,0.07660072784530611,-0.3652278690292232,-0.03737577431165812,0.21983032390538088,False,62.73630978298761,0.041238851048349526,2.228611989605554
vecht_en_beneden_reggegebied,ahn4_pulse_penetration,single_source,sallandse_heuvelrug,ridge,3100,0.0431186844971736,0.032510014157779585,0.6994933333831491,-0.0029918456148031332,0.6820609226289405,True,19.14903267170579,0.041238851048349526,1.0455840403172267
vecht_en_beneden_reggegebied,ahn4_pulse_penetration,single_source,savelsbos,ridge,3100,0.10693515509400725,0.08328552034939961,-0.848264462967951,0.07445263885512583,0.037490017832638334,False,194.68199073897736,0.041238851048349526,2.5930682445210134
vecht_en_beneden_reggegebied,ahn4_pulse_penetration,single_source,schoorlse_duinen,ridge,3100,0.05707551965843498,0.044057402458091345,0.4734703228413282,0.0009232195636773183,0.5670182313880945,True,123.54179112063932,0.041238851048349526,1.3840230318618267
vecht_en_beneden_reggegebied,ahn4_pulse_penetration,single_source,springendal_and_dal_van_de_mosbeek,ridge,3100,0.08307752288738242,0.06586449937092746,-0.1155529358702696,0.059078041166973155,0.48064206341866644,False,27.649699786211333,0.041238851048349526,2.01454504127625
vecht_en_beneden_reggegebied,ahn4_pulse_penetration,single_source,veluwe,ridge,3100,0.04663362369194419,0.0362967406524208,0.6485031529433081,0.020541126531335153,0.6968715142883881,True,54.59238786801238,0.041238851048349526,1.130817724220049
vecht_en_beneden_reggegebied,ahn4_pulse_penetration,single_source,voornes_duin,ridge,3100,0.0726272000674142,0.05536434112161291,0.14744636773941866,0.0031711065680835237,0.3725393334844292,False,177.53112844924425,0.041238851048349526,1.7611353910482166
vecht_en_beneden_reggegebied,ahn4_sigma_z,single_source,brabantse_wal,ridge,3100,1.014339378866008,0.7693849119676893,0.2793456278052181,-0.36729700361332795,0.4488984792006415,True,188.30403132317696,0.847217231922103,1.1972600894398133
vecht_en_beneden_reggegebied,ahn4_sigma_z,single_source,drents_friese_wold_and_leggelderveld,ridge,3100,1.038444732796079,0.8153791652468535,0.24468653078348956,0.05994082894301942,0.3218647988648139,True,45.34167366129035,0.847217231922103,1.225712478062012
vecht_en_beneden_reggegebied,ahn4_sigma_z,single_source,drentsche_aa,ridge,3100,1.1971646763916175,0.950096547372858,-0.003848655755901431,0.26249980684202534,0.14557451759818582,False,61.0655797006918,0.847217231922103,1.4130551543145315
vecht_en_beneden_reggegebied,ahn4_sigma_z,single_source,geleenbeekdal,ridge,3100,4.86092972148075,4.621986124077074,-15.550043439173884,4.618372908771274,0.013958340283800717,False,181.4133275747965,0.847217231922103,5.737524613908805
vecht_en_beneden_reggegebied,ahn4_sigma_z,single_source,geuldal,ridge,3100,2.1122890108567542,1.8161744175916605,-2.1251231279763045,1.6823197814974322,0.18012441742893945,False,191.99975678441064,0.847217231922103,2.493208272056213
vecht_en_beneden_reggegebied,ahn4_sigma_z,single_source,kennemerland_zuid,ridge,3100,1.9054734872990333,1.5776450243136253,-1.5431166102966363,-1.4364545073518755,0.30762874087953945,False,128.3014511064536,0.847217231922103,2.2490967080261552
vecht_en_beneden_reggegebied,ahn4_sigma_z,single_source,landgoederen_oldenzaal,ridge,3100,1.6323969532978322,1.340083319808728,-0.8664312819827018,0.6533557583030395,0.12255254008478528,False,39.78649194591302,0.847217231922103,1.9267749660785018
vecht_en_beneden_reggegebied,ahn4_sigma_z,single_source,leenderbos_groote_heide_and_de_plateaux,ridge,3100,0.8700072954272929,0.6874375536518363,0.46984087293991883,0.025869492912240426,0.3840114725307865,True,145.76742625948555,0.847217231922103,1.0268999055336558
vecht_en_beneden_reggegebied,ahn4_sigma_z,single_source,loonse_en_drunense_duinen_and_leemkuilen,ridge,3100,0.9349588308293774,0.730915182604533,0.38772654712825283,-0.076262781490027,0.39133958478946973,True,131.51592217988488,0.847217231922103,1.103564464462335
vecht_en_beneden_reggegebied,ahn4_sigma_z,single_source,maasduinen,ridge,3100,0.9325073584634699,0.7104154599881781,0.3909331132760179,-0.1407116291065503,0.4286886546990919,True,107.73905963157961,0.847217231922103,1.1006709062655242
vecht_en_beneden_reggegebied,ahn4_sigma_z,single_source,meinweg,ridge,3100,1.3976224007458387,1.194614411558332,-0.368170302131565,0.8599313798662206,0.37679728417638747,True,150.95312768692125,0.847217231922103,1.6496623865581885
vecht_en_beneden_reggegebied,ahn4_sigma_z,single_source,noordhollands_duinreservaat,ridge,3100,1.845713144462939,1.4880813775053878,-1.3861012261674848,-1.413552803720896,0.22337610326066706,False,124.08236112800249,0.847217231922103,2.178559494446924
vecht_en_beneden_reggegebied,ahn4_sigma_z,single_source,rijntakken,ridge,3100,3.772992427265714,3.5128149691199417,-8.97085316633543,3.495709928155361,-0.11140692720096572,False,62.73630978298761,0.847217231922103,4.453394342211184
vecht_en_beneden_reggegebied,ahn4_sigma_z,single_source,sallandse_heuvelrug,ridge,3100,0.9618880107851032,0.7450307457987195,0.3519485645718795,-0.21472532552874135,0.3700618380637626,True,19.14903267170579,0.847217231922103,1.1353499132717635
vecht_en_beneden_reggegebied,ahn4_sigma_z,single_source,savelsbos,ridge,3100,1.2597258472846142,0.9952818121249208,-0.11150785054443024,0.10992453552451259,0.13715979744268747,False,194.68199073897736,0.847217231922103,1.4868982827776562
vecht_en_beneden_reggegebied,ahn4_sigma_z,single_source,schoorlse_duinen,ridge,3100,1.2029871153081313,0.8525649484979073,-0.01363688434728405,-0.30584734585657564,0.26383848782854136,True,123.54179112063932,0.847217231922103,1.4199275817122892
vecht_en_beneden_reggegebied,ahn4_sigma_z,single_source,springendal_and_dal_van_de_mosbeek,ridge,3100,1.2086927245004324,0.9730889134405554,-0.02327477795498134,0.32912809464357856,0.1525534452763256,False,27.649699786211333,0.847217231922103,1.4266621109184017
vecht_en_beneden_reggegebied,ahn4_sigma_z,single_source,veluwe,ridge,3100,0.8990879709432686,0.702624404919177,0.43380656673561757,-0.21131027077076553,0.4357174381204502,True,54.59238786801238,0.847217231922103,1.0612248394706105
vecht_en_beneden_reggegebied,ahn4_sigma_z,single_source,voornes_duin,ridge,3100,2.442598217906037,2.051740681862102,-3.1789245059716835,-1.9728602577746226,0.16344437239301662,False,177.53112844924425,0.847217231922103,2.8830837309156863
veluwe,ahn4_entropy,single_source,brabantse_wal,ridge,4997,0.27965627501400336,0.2254302931938489,0.4266149225020077,0.19189181507173686,0.535593220338983,True,133.72468666254647,0.1665547236824006,1.6790654076390745
veluwe,ahn4_entropy,single_source,drents_friese_wold_and_leggelderveld,ridge,4997,0.2197752958499379,0.17523378703366993,0.6458762980498914,-0.03094404140858856,0.5016949152542374,True,83.88072800864316,0.1665547236824006,1.3195380532648382
veluwe,ahn4_entropy,single_source,drentsche_aa,ridge,4997,0.2654700146630845,0.20483860238542526,0.48331221261299384,0.007330662514465227,0.3426810477657935,False,108.47706819137746,0.1665547236824006,1.5938906372256558
veluwe,ahn4_entropy,single_source,geleenbeekdal,ridge,4997,0.5412252633136172,0.44401597787990427,-1.147599873476842,0.4130501427580814,0.12604006163328196,False,143.71102822335675,0.1665547236824006,3.2495341551865398
veluwe,ahn4_entropy,single_source,geuldal,ridge,4997,0.3175087796895677,0.2501113807314852,0.26089059851372975,0.1715348902502623,0.3411402157164869,False,154.02737695674784,0.1665547236824006,1.9063330818225124
veluwe,ahn4_entropy,single_source,kennemerland_zuid,ridge,4997,0.4519960417419388,0.37391779580057505,-0.49784375170042483,-0.3429223962804057,0.32850539291217257,False,87.52107133548229,0.1665547236824006,2.7137989950008246
veluwe,ahn4_entropy,single_source,landgoederen_oldenzaal,ridge,4997,0.31306316218561525,0.22828947378278264,0.2814430667179566,-0.07305033588751544,0.33281972265023113,False,78.07971332061415,0.1665547236824006,1.8796414491527016
veluwe,ahn4_entropy,single_source,leenderbos_groote_heide_and_de_plateaux,ridge,4997,0.2580267144227016,0.20259718314821668,0.5118800101203754,0.13912623150279596,0.5015408320493067,True,98.90031260421897,0.1665547236824006,1.5492008195139926
veluwe,ahn4_entropy,single_source,loonse_en_drunense_duinen_and_leemkuilen,ridge,4997,0.21429961431034047,0.16631570434727405,0.6633023945620744,0.013299264137882717,0.48428351309707235,True,77.68254671655339,0.1665547236824006,1.286661882487245
veluwe,ahn4_entropy,single_source,maasduinen,ridge,4997,0.21327946464785857,0.16675898670248895,0.666500388134719,0.003749142946189493,0.49060092449922954,True,73.80588307641666,0.1665547236824006,1.2805368705996973
veluwe,ahn4_entropy,single_source,meinweg,ridge,4997,0.2078127662953546,0.16375312596536037,0.6833775567115372,-0.005629655559633182,0.5078582434514637,True,116.99126103271104,0.1665547236824006,1.2477146351707684
veluwe,ahn4_entropy,single_source,noordhollands_duinreservaat,ridge,4997,0.538218670310663,0.4822587926730215,-1.1238056256126052,-0.470067580792169,0.36394453004622496,False,91.13089085707071,0.1665547236824006,3.231482472613505
veluwe,ahn4_entropy,single_source,rijntakken,ridge,4997,0.3828741913890848,0.3165542742612493,-0.07475490075810609,0.18529835470330053,0.2212634822804314,False,15.16356205583436,0.1665547236824006,2.298789148239223
veluwe,ahn4_entropy,single_source,sallandse_heuvelrug,ridge,4997,0.3916325798734682,0.34363143141552244,-0.12448813151084348,-0.32526535082899627,0.45546995377503857,True,40.823787315215306,0.1665547236824006,2.3513747987133855
veluwe,ahn4_entropy,single_source,savelsbos,ridge,4997,0.7864154472708101,0.6958332340456214,-3.5342067601556835,0.6920745716841005,0.05516178736517719,False,154.66038420051999,0.1665547236824006,4.721664026595894
veluwe,ahn4_entropy,single_source,schoorlse_duinen,ridge,4997,0.3470211850595659,0.25535340365101894,0.11710465710128448,-0.04271544729161898,0.24869029275808932,True,96.42124673909731,0.1665547236824006,2.083526527421058
veluwe,ahn4_entropy,single_source,springendal_and_dal_van_de_mosbeek,ridge,4997,0.2599229965752064,0.2020036937962388,0.5046790931798513,-0.02751629168144519,0.34268104776579356,False,74.86803944237823,0.1665547236824006,1.5605861594826194
veluwe,ahn4_entropy,single_source,vecht_en_beneden_reggegebied,ridge,4997,0.34045063152144184,0.2942391245866162,0.150221894852967,-0.27384595420710006,0.4850539291217257,True,54.59238786801238,0.1665547236824006,2.044076709410172
veluwe,ahn4_entropy,single_source,voornes_duin,ridge,4997,0.4476506695991629,0.36459743624039537,-0.469182429488856,-0.29901482393821394,0.19322033898305083,False,126.14432356526204,0.1665547236824006,2.6877092387531305
veluwe,ahn4_height_cv,single_source,brabantse_wal,ridge,4997,0.22324730668648238,0.20630553999208137,-3.6757906044870037,0.20291611918554395,0.35901386748844377,True,133.72468666254647,0.07725736153897675,2.8896574027298736
veluwe,ahn4_height_cv,single_source,drents_friese_wold_and_leggelderveld,ridge,4997,0.1023348517077698,0.07711642988328551,0.0175064073627208,-0.03912991229401278,0.35978428351309705,True,83.88072800864316,0.07725736153897675,1.324596772000055
veluwe,ahn4_height_cv,single_source,drentsche_aa,ridge,4997,0.10452957758997469,0.08048197611309235,-0.02508761968198714,0.002648208295769299,0.10724191063174113,False,108.47706819137746,0.07725736153897675,1.353004755892925
veluwe,ahn4_height_cv,single_source,geleenbeekdal,ridge,4997,0.28881643430517334,0.26570308407486914,-6.825757777712311,0.2570371774633011,0.026040061633281982,False,143.71102822335675,0.07725736153897675,3.738367820902917
veluwe,ahn4_height_cv,single_source,geuldal,ridge,4997,0.2569453885468506,0.23935236775877286,-5.193900907867552,0.23551719305335017,0.18366718027734974,False,154.02737695674784,0.07725736153897675,3.3258369614036107
veluwe,ahn4_height_cv,single_source,kennemerland_zuid,ridge,4997,0.1588865675659753,0.13069626224489694,-1.3684104234936085,-0.12186133391034339,0.23759630200308166,False,87.52107133548229,0.07725736153897675,2.0565880635959357
veluwe,ahn4_height_cv,single_source,landgoederen_oldenzaal,ridge,4997,0.18666456109259483,0.16400487037689848,-2.268935447999868,0.1422216322959332,0.12095531587057012,False,78.07971332061415,0.07725736153897675,2.4161394768629467
veluwe,ahn4_height_cv,single_source,leenderbos_groote_heide_and_de_plateaux,ridge,4997,0.10144088428077397,0.08062434114031379,0.034596985844433825,0.0415527194724433,0.3511556240369799,True,98.90031260421897,0.07725736153897675,1.3130254808093142
veluwe,ahn4_height_cv,single_source,loonse_en_drunense_duinen_and_leemkuilen,ridge,4997,0.09566292363929817,0.07618037272030774,0.1414414908739019,0.036504712000798176,0.3691833590138675,True,77.68254671655339,0.07725736153897675,1.2382370007683439
veluwe,ahn4_height_cv,single_source,maasduinen,ridge,4997,0.1246193455590445,0.10527470977744303,-0.45697979820845736,0.0890485077337056,0.37950693374422184,True,73.80588307641666,0.07725736153897675,1.6130416969543204
veluwe,ahn4_height_cv,single_source,meinweg,ridge,4997,0.21291662224919908,0.19064160747598455,-3.253062191062364,0.18245576645796216,0.338366718027735,True,116.99126103271104,0.07725736153897675,2.755939602490586
veluwe,ahn4_height_cv,single_source,noordhollands_duinreservaat,ridge,4997,0.10413516938438225,0.07495871549392992,-0.01736654732360865,-0.024979785900819406,0.20231124807395995,False,91.13089085707071,0.07725736153897675,1.3478996345460943
veluwe,ahn4_height_cv,single_source,rijntakken,ridge,4997,0.2530404775612726,0.2310635041472031,-5.007068644046039,0.21864995342936505,0.040832049306625574,False,15.16356205583436,0.07725736153897675,3.2752927684905777
veluwe,ahn4_height_cv,single_source,sallandse_heuvelrug,ridge,4997,0.10788838360678925,0.0847224612790335,-0.09202346560228625,0.04281717832863632,0.24807395993836673,True,40.823787315215306,0.07725736153897675,1.3964803024286427
veluwe,ahn4_height_cv,single_source,savelsbos,ridge,4997,0.13712942383422755,0.11572314344577897,-0.7641840861424105,0.07951623442732743,0.1275808936825886,False,154.66038420051999,0.07725736153897675,1.7749690269327283
veluwe,ahn4_height_cv,single_source,schoorlse_duinen,ridge,4997,0.10812132610192636,0.07955503495286284,-0.096744145950167,0.00747031657061981,0.2583975346687211,True,96.42124673909731,0.07725736153897675,1.399495451930216
veluwe,ahn4_height_cv,single_source,springendal_and_dal_van_de_mosbeek,ridge,4997,0.10860372235315695,0.08603303882129804,-0.10655248862809819,0.033407912680358795,0.03697996918335902,False,74.86803944237823,0.07725736153897675,1.405739468573047
veluwe,ahn4_height_cv,single_source,vecht_en_beneden_reggegebied,ridge,4997,0.11290505545942225,0.0878402838872903,-0.1959399524427714,-0.029318566343492374,0.19568567026194145,True,54.59238786801238,0.07725736153897675,1.4614148504471132
veluwe,ahn4_height_cv,single_source,voornes_duin,ridge,4997,0.13920697130855672,0.10005569599514827,-0.8180447425838511,-0.0256062365194052,0.12280431432973807,False,126.14432356526204,0.07725736153897675,1.8018602827683425
veluwe,ahn4_height_sd_m,single_source,brabantse_wal,ridge,4997,1.1364159889293353,0.9174571605663476,0.4487343028371209,0.45233256632571933,0.36918335901386745,True,133.72468666254647,0.8590204109296475,1.3229208229167515
veluwe,ahn4_height_sd_m,single_source,drents_friese_wold_and_leggelderveld,ridge,4997,1.2230407063685813,0.885131376927526,0.3614893845867998,-0.5394602659967646,0.3560862865947611,True,83.88072800864316,0.8590204109296475,1.4237621025151013
veluwe,ahn4_height_sd_m,single_source,drentsche_aa,ridge,4997,1.4102552975525056,1.0970875151628086,0.15105065458424494,0.2526439347612319,0.12696456086286595,False,108.47706819137746,0.8590204109296475,1.6417017332874566
veluwe,ahn4_height_sd_m,single_source,geleenbeekdal,ridge,4997,5.199018750840039,4.835552135699751,-10.537960975591513,4.827495692544791,0.004468412942989212,False,143.71102822335675,0.8590204109296475,6.052264515127837
veluwe,ahn4_height_sd_m,single_source,geuldal,ridge,4997,2.3392641780008416,2.0775255636743695,-1.3358493999425956,1.8634409721356322,0.21140215716486901,False,154.02737695674784,0.8590204109296475,2.723176478972423
veluwe,ahn4_height_sd_m,single_source,kennemerland_zuid,ridge,4997,1.988239935500184,1.5641509511704226,-0.6874226863957855,-1.4019553864848384,0.24221879815100153,False,87.52107133548229,0.8590204109296475,2.314543298626018
veluwe,ahn4_height_sd_m,single_source,landgoederen_oldenzaal,ridge,4997,2.286059592837785,2.015325390012713,-1.230803888929692,1.5049983907612774,0.03513097072419105,False,78.07971332061415,0.8590204109296475,2.6612401332394064
veluwe,ahn4_height_sd_m,single_source,leenderbos_groote_heide_and_de_plateaux,ridge,4997,1.1451366579663582,0.9138618368170809,0.44024119580061116,0.44437955024206705,0.3707241910631741,True,98.90031260421897,0.8590204109296475,1.3330726993169701
veluwe,ahn4_height_sd_m,single_source,loonse_en_drunense_duinen_and_leemkuilen,ridge,4997,0.9963970531966057,0.7517295664469387,0.5762095487040026,-0.06791256876291464,0.4035439137134052,True,77.68254671655339,0.8590204109296475,1.159922442492707
veluwe,ahn4_height_sd_m,single_source,maasduinen,ridge,4997,1.3934276769118639,1.1842134891220824,0.1711896552073192,0.9305630793593104,0.4063174114021572,True,73.80588307641666,0.8590204109296475,1.6221124191960363
veluwe,ahn4_height_sd_m,single_source,meinweg,ridge,4997,1.4005095741370939,1.1124662628675435,0.16274362624915562,0.4337740410856359,0.2778120184899846,True,116.99126103271104,0.8590204109296475,1.630356573974112
veluwe,ahn4_height_sd_m,single_source,noordhollands_duinreservaat,ridge,4997,2.2430159654678854,1.8731217119373902,-1.1475882930666494,-1.8353295531784468,0.2420647149460709,False,91.13089085707071,0.8590204109296475,2.6111323280903798
veluwe,ahn4_height_sd_m,single_source,rijntakken,ridge,4997,3.8595049498353817,3.50398709445924,-5.358424263648287,3.3655991872831046,-0.1172573189522342,False,15.16356205583436,0.8590204109296475,4.4929141388602805
veluwe,ahn4_height_sd_m,single_source,sallandse_heuvelrug,ridge,4997,1.0793553468905621,0.8412385336849061,0.5027037403851526,0.21292820488843262,0.34098613251155624,True,40.823787315215306,0.8590204109296475,1.256495577005515
veluwe,ahn4_height_sd_m,single_source,savelsbos,ridge,4997,1.955010548236818,1.6657332771322277,-0.6314903454133223,1.1998265224436289,0.1714946070878274,False,154.66038420051999,0.8590204109296475,2.275860414214221
veluwe,ahn4_height_sd_m,single_source,schoorlse_duinen,ridge,4997,1.5454106043512075,1.0932639734319405,-0.01946911701633569,-0.17103350065628292,0.17057010785824347,True,96.42124673909731,0.8590204109296475,1.7990382820807902
veluwe,ahn4_height_sd_m,single_source,springendal_and_dal_van_de_mosbeek,ridge,4997,1.2838043892205209,0.964827483477588,0.29646774969261347,-0.44788499874772947,0.19368258859784282,False,74.86803944237823,0.8590204109296475,1.4944981200518441
veluwe,ahn4_height_sd_m,single_source,vecht_en_beneden_reggegebied,ridge,4997,1.4586245847029893,1.144676890724239,0.09181702431318306,-0.9346530992914015,0.3234206471494607,True,54.59238786801238,0.8590204109296475,1.6980092278883563
veluwe,ahn4_height_sd_m,single_source,voornes_duin,ridge,4997,1.968014946144484,1.5120785016948817,-0.6532673267136508,-1.1468970751820997,0.0349768875192604,False,126.14432356526204,0.8590204109296475,2.2909990509010867
veluwe,ahn4_p95_height_m,single_source,brabantse_wal,ridge,4997,3.060299385693724,2.128371754764384,0.4838908778969966,-1.0604297554584015,0.36810477657935287,True,133.72468666254647,2.5353826902903873,1.2070364751694411
veluwe,ahn4_p95_height_m,single_source,drents_friese_wold_and_leggelderveld,ridge,4997,3.393077524315198,2.4308293318792082,0.36554434915373557,-1.0579168028059978,0.3169491525423729,True,83.88072800864316,2.5353826902903873,1.3382900882416986
veluwe,ahn4_p95_height_m,single_source,drentsche_aa,ridge,4997,3.6864246065273125,2.668762151858282,0.2510989878304297,0.13572169932581782,0.1844375963020031,False,108.47706819137746,2.5353826902903873,1.4539913917709566
veluwe,ahn4_p95_height_m,single_source,geleenbeekdal,ridge,4997,9.766821842909263,8.865983434882624,-4.256785261872859,8.697162207173307,0.1970724191063174,False,143.71102822335675,2.5353826902903873,3.8522081421131067
veluwe,ahn4_p95_height_m,single_source,geuldal,ridge,4997,3.7496797366163372,2.755165207155676,0.2251777979536419,-0.16817580972419927,0.22942989214175655,False,154.02737695674784,2.5353826902903873,1.4789403394510325
veluwe,ahn4_p95_height_m,single_source,kennemerland_zuid,ridge,4997,5.535526833361667,4.366789500577286,-0.6886188215300619,-4.112036148469981,0.19768875192604007,False,87.52107133548229,2.5353826902903873,2.1833101782073228
veluwe,ahn4_p95_height_m,single_source,landgoederen_oldenzaal,ridge,4997,4.548456378834005,3.540525232450087,-0.14009692168013,1.1874070062172681,0.028043143297380585,False,78.07971332061415,2.5353826902903873,1.7939920455610006
veluwe,ahn4_p95_height_m,single_source,leenderbos_groote_heide_and_de_plateaux,ridge,4997,3.146708438003089,2.3749763596348927,0.4543342257900699,0.6774420137944321,0.36348228043143294,True,98.90031260421897,2.5353826902903873,1.2411177413389551
veluwe,ahn4_p95_height_m,single_source,loonse_en_drunense_duinen_and_leemkuilen,ridge,4997,3.188088815506606,2.2900560786701774,0.4398884498980802,-1.4184690308946692,0.38197226502311243,True,77.68254671655339,2.5353826902903873,1.2574388977710744
veluwe,ahn4_p95_height_m,single_source,maasduinen,ridge,4997,3.2347399746627112,2.5173069683659812,0.4233763430716686,1.2884343463519672,0.37395993836671804,True,73.80588307641666,2.5353826902903873,1.275838944176204
veluwe,ahn4_p95_height_m,single_source,meinweg,ridge,4997,4.062483360882594,2.855365035925376,0.09051216306444321,-1.556286860008068,0.20662557781201848,True,116.99126103271104,2.5353826902903873,1.6023156490104862
veluwe,ahn4_p95_height_m,single_source,noordhollands_duinreservaat,ridge,4997,7.404922466570407,6.590724489758628,-2.0217235977106887,-6.5716549544459335,0.2263482280431433,False,91.13089085707071,2.5353826902903873,2.920633044837224
veluwe,ahn4_p95_height_m,single_source,rijntakken,ridge,4997,7.635674059782075,6.812955350012658,-2.2129832995607166,6.105928172146286,0.04668721109399076,False,15.16356205583436,2.5353826902903873,3.0116455748569977
veluwe,ahn4_p95_height_m,single_source,sallandse_heuvelrug,ridge,4997,2.9571596094956467,2.151513171372644,0.5180929981186313,-0.6734823253960958,0.36040061633281967,True,40.823787315215306,2.5353826902903873,1.1663563141061564
veluwe,ahn4_p95_height_m,single_source,savelsbos,ridge,4997,5.117974515525179,4.11441399057567,-0.44347724826743873,2.5920181293176037,0.006317411402157162,False,154.66038420051999,2.5353826902903873,2.0186201219741693
veluwe,ahn4_p95_height_m,single_source,schoorlse_duinen,ridge,4997,4.410593308019902,2.9598328595725674,-0.0720319609842579,-0.958001828565965,0.06224961479198767,True,96.42124673909731,2.5353826902903873,1.7396163998874423
veluwe,ahn4_p95_height_m,single_source,springendal_and_dal_van_de_mosbeek,ridge,4997,3.8004098613357127,2.6874297572111754,0.2040705437536754,-1.0844947815821364,0.1731895223420647,False,74.86803944237823,2.5353826902903873,1.4989492023787687
veluwe,ahn4_p95_height_m,single_source,vecht_en_beneden_reggegebied,ridge,4997,4.401291618570102,3.3894917387137116,-0.06751502060736225,-3.080175740301496,0.3976887519260401,True,54.59238786801238,2.5353826902903873,1.7359476482289957
veluwe,ahn4_p95_height_m,single_source,voornes_duin,ridge,4997,5.760063012917867,4.686016093979094,-0.8283872069313245,-3.961958518571042,0.15901386748844376,False,126.14432356526204,2.5353826902903873,2.271871238601122
veluwe,ahn4_pulse_penetration,single_source,brabantse_wal,ridge,4997,0.12809791342269786,0.118993987119389,-2.0862334471294397,-0.11832062220726225,0.5391371340523883,True,133.72468666254647,0.03368209187142609,3.8031460133676736
veluwe,ahn4_pulse_penetration,single_source,drents_friese_wold_and_leggelderveld,ridge,4997,0.04353977095751434,0.03431322540122982,0.6434528719646204,0.003435908847558845,0.6164869029275809,True,83.88072800864316,0.03368209187142609,1.292668255989496
veluwe,ahn4_pulse_penetration,single_source,drentsche_aa,ridge,4997,0.059877690799045154,0.04909721818502135,0.32566647886829425,-0.029636141486929054,0.49414483821263483,False,108.47706819137746,0.03368209187142609,1.7777307605363393
veluwe,ahn4_pulse_penetration,single_source,geleenbeekdal,ridge,4997,0.1332859439793717,0.11896021568818013,-2.341283812829154,-0.10593756095481192,0.025115562403698003,False,143.71102822335675,0.03368209187142609,3.957175358589996
veluwe,ahn4_pulse_penetration,single_source,geuldal,ridge,4997,0.08342724975104128,0.07035406523170516,-0.30906290463434205,-0.05444373282656807,0.3505392912172573,False,154.02737695674784,0.03368209187142609,2.476902268110493
veluwe,ahn4_pulse_penetration,single_source,kennemerland_zuid,ridge,4997,0.06935602246605949,0.05188384689737045,0.09528244034455258,0.034405350000223975,0.4963020030816641,False,87.52107133548229,0.03368209187142609,2.05913643163289
veluwe,ahn4_pulse_penetration,single_source,landgoederen_oldenzaal,ridge,4997,0.05262185605812475,0.04246905507964331,0.4791927911334779,-0.014505803549357627,0.6061633281972265,False,78.07971332061415,0.03368209187142609,1.5623096171994604
veluwe,ahn4_pulse_penetration,single_source,leenderbos_groote_heide_and_de_plateaux,ridge,4997,0.04343285334230229,0.03402083131243033,0.6452018183664722,-0.015232209603107318,0.6067796610169491,True,98.90031260421897,0.03368209187142609,1.2894939396311123
veluwe,ahn4_pulse_penetration,single_source,loonse_en_drunense_duinen_and_leemkuilen,ridge,4997,0.06321332276816935,0.051859459630346647,0.24844303995231154,-0.04516216366483233,0.6238828967642527,True,77.68254671655339,0.03368209187142609,1.8767635635420798
veluwe,ahn4_pulse_penetration,single_source,maasduinen,ridge,4997,0.058816514621736427,0.04773769040231887,0.34935629400285995,0.03569469272494652,0.6083204930662557,True,73.80588307641666,0.03368209187142609,1.7462251111437919
veluwe,ahn4_pulse_penetration,single_source,meinweg,ridge,4997,0.06882201632206163,0.05846604856129431,0.10916053804379844,-0.05358396026456728,0.6523882896764253,True,116.99126103271104,0.03368209187142609,2.0432821270357673
veluwe,ahn4_pulse_penetration,single_source,noordhollands_duinreservaat,ridge,4997,0.06064082427373255,0.04770948581420852,0.3083683575507462,0.00804113175019499,0.3856702619414484,False,91.13089085707071,0.03368209187142609,1.8003877106331592
veluwe,ahn4_pulse_penetration,single_source,rijntakken,ridge,4997,0.09620986596141556,0.08201021166113352,-0.740940311883002,-0.05895308369600983,0.23020030816640982,False,15.16356205583436,0.03368209187142609,2.856410056972571
veluwe,ahn4_pulse_penetration,single_source,sallandse_heuvelrug,ridge,4997,0.04623202587970945,0.036575518248051095,0.5979958730592273,0.010244578158741576,0.5707241910631742,True,40.823787315215306,0.03368209187142609,1.3725996014793247
veluwe,ahn4_pulse_penetration,single_source,savelsbos,ridge,4997,0.08166543076547672,0.06247915943543577,-0.25435705504576656,0.019202832378160794,-0.0889060092449923,False,154.66038420051999,0.03368209187142609,2.4245949769751944
veluwe,ahn4_pulse_penetration,single_source,schoorlse_duinen,ridge,4997,0.0747738236720648,0.06386615931180958,-0.05158368959353177,-0.051407197477698924,0.5468412942989214,True,96.42124673909731,0.03368209187142609,2.219987522078417
veluwe,ahn4_pulse_penetration,single_source,springendal_and_dal_van_de_mosbeek,ridge,4997,0.07780618988437206,0.06025790402685247,-0.1386046677148436,0.0483468452800697,0.3648690292758089,False,74.86803944237823,0.03368209187142609,2.3100165566135242
veluwe,ahn4_pulse_penetration,single_source,vecht_en_beneden_reggegebied,ridge,4997,0.05548940757701758,0.04392873803961404,0.42088496700248323,-0.023656026353269466,0.5838212634822804,True,54.59238786801238,0.03368209187142609,1.6474454077506848
veluwe,ahn4_pulse_penetration,single_source,voornes_duin,ridge,4997,0.12086892736241674,0.1066788030291823,-1.7477296395188455,-0.09003675556205924,0.2143297380585516,False,126.14432356526204,0.03368209187142609,3.5885219903742036
veluwe,ahn4_sigma_z,single_source,brabantse_wal,ridge,4997,1.1717479214016169,0.9838812763586806,0.13247024552839448,0.6795601329363335,0.32187981510015407,True,133.72468666254647,0.769176097998444,1.5233805684429722
veluwe,ahn4_sigma_z,single_source,drents_friese_wold_and_leggelderveld,ridge,4997,0.9986520218059078,0.7325507941384247,0.3698493816972165,-0.251930524795972,0.2944530046224962,True,83.88072800864316,0.769176097998444,1.2983399047430204
veluwe,ahn4_sigma_z,single_source,drentsche_aa,ridge,4997,1.238191371318916,1.0016784910882193,0.03129499876716613,0.4847769634607755,0.15747303543913713,False,108.47706819137746,0.769176097998444,1.6097631927733418
veluwe,ahn4_sigma_z,single_source,geleenbeekdal,ridge,4997,5.5321766321360055,5.21747302228279,-18.337844840645673,5.215288190090868,-0.0010785824345146424,False,143.71102822335675,0.769176097998444,7.192340800152109
veluwe,ahn4_sigma_z,single_source,geuldal,ridge,4997,2.6564658838312467,2.4091266887344136,-3.4588666178091554,2.3517138409375247,0.20939907550077042,False,154.02737695674784,0.769176097998444,3.453651108951413
veluwe,ahn4_sigma_z,single_source,kennemerland_zuid,ridge,4997,1.494970734813078,1.1475504345977634,-0.4121517798681189,-0.8941370669772181,0.2784283513097072,False,87.52107133548229,0.769176097998444,1.9436000919728298
veluwe,ahn4_sigma_z,single_source,landgoederen_oldenzaal,ridge,4997,2.0017062843592317,1.7526190567205493,-1.5317259950203144,1.3723248162252086,0.12619414483821262,False,78.07971332061415,0.769176097998444,2.602403129228908
veluwe,ahn4_sigma_z,single_source,leenderbos_groote_heide_and_de_plateaux,ridge,4997,0.9059801722499053,0.7047588609144131,0.48137507900096455,0.04452331020190848,0.3562403697996918,True,98.90031260421897,0.769176097998444,1.1778579373532978
veluwe,ahn4_sigma_z,single_source,loonse_en_drunense_duinen_and_leemkuilen,ridge,4997,0.9046254530258179,0.6767362155658064,0.48292492716995616,-0.09857279034127715,0.3224961479198767,True,77.68254671655339,0.769176097998444,1.176096677184641
veluwe,ahn4_sigma_z,single_source,maasduinen,ridge,4997,0.9197457149786177,0.6941965259067274,0.46549528340519963,-0.05975977223643592,0.35485362095531586,True,73.80588307641666,0.769176097998444,1.1957544148498467
veluwe,ahn4_sigma_z,single_source,meinweg,ridge,4997,1.3255474965588365,1.0979017096941897,-0.11021370259423646,0.6594639714764889,0.2,True,116.99126103271104,0.769176097998444,1.7233342273741818
veluwe,ahn4_sigma_z,single_source,noordhollands_duinreservaat,ridge,4997,1.7533619474409738,1.443843260756645,-0.9424916003989792,-1.3909932333269825,0.24391371340523885,False,91.13089085707071,0.769176097998444,2.2795325439825627
veluwe,ahn4_sigma_z,single_source,rijntakken,ridge,4997,3.9075179762321444,3.6028027843501627,-8.647570587455379,3.5625494312981116,-0.026348228043143296,False,15.16356205583436,0.769176097998444,5.0801344274741735
veluwe,ahn4_sigma_z,single_source,sallandse_heuvelrug,ridge,4997,1.0075012459451467,0.8103411356838851,0.35863216007535303,0.4167325526247173,0.2580893682588598,True,40.823787315215306,0.769176097998444,1.3098447138007463
veluwe,ahn4_sigma_z,single_source,savelsbos,ridge,4997,2.378243653661522,2.104549061935749,-2.573787196261563,1.9547711684789901,0.12249614791987673,False,154.66038420051999,0.769176097998444,3.0919365017324463
veluwe,ahn4_sigma_z,single_source,schoorlse_duinen,ridge,4997,1.2252612376132173,0.8538295908256398,0.05142126545950976,-0.29334900345701453,0.19938366718027736,True,96.42124673909731,0.769176097998444,1.5929528241992978
veluwe,ahn4_sigma_z,single_source,springendal_and_dal_van_de_mosbeek,ridge,4997,1.0432539583940117,0.8069796192874897,0.3123046654984223,-0.05336201292896062,0.15531587057010784,False,74.86803944237823,0.769176097998444,1.3563265435688592
veluwe,ahn4_sigma_z,single_source,vecht_en_beneden_reggegebied,ridge,4997,1.0827860547722368,0.8288542478523656,0.2591994378422846,-0.4490593969453421,0.29953775038520797,True,54.59238786801238,0.769176097998444,1.407721921663805
veluwe,ahn4_sigma_z,single_source,voornes_duin,ridge,4997,1.6564510050293364,1.2910491413865985,-0.7336969493670749,-0.9375234449675629,0.0983050847457627,False,126.14432356526204,0.769176097998444,2.1535393641843084
voornes_duin,ahn4_entropy,single_source,brabantse_wal,ridge,469,0.37077999683436763,0.3076874905775355,-1.202705777983148,0.19125027257147983,-0.0013874836156207834,False,56.840604853141876,0.20281235556224683,1.828192349556181
voornes_duin,ahn4_entropy,single_source,drents_friese_wold_and_leggelderveld,ridge,469,0.31993926651286425,0.24684417923846358,-0.6400571724445947,-0.040916808209292714,0.09489289400951038,False,188.74615566114113,0.20281235556224683,1.5775136856229108
voornes_duin,ahn4_entropy,single_source,drentsche_aa,ridge,469,0.31888460820937287,0.22405666364430699,-0.6292623174451253,-0.07964839360840953,0.17458720293580937,True,216.80414007021187,0.20281235556224683,1.5723135177112093
voornes_duin,ahn4_entropy,single_source,geleenbeekdal,ridge,469,0.32314563361232973,0.26455371737422917,-0.6730945414452603,0.17641735023929703,0.28050683903178614,True,169.1293475065488,0.20281235556224683,1.5933232110858768
voornes_duin,ahn4_entropy,single_source,geuldal,ridge,469,0.30501119320876247,0.24944181637080243,-0.4905805592753931,0.1580378492264552,0.2856900153489693,True,174.64224586567784,0.20281235556224683,1.5039083411027636
voornes_duin,ahn4_entropy,single_source,kennemerland_zuid,ridge,469,0.22443573662337474,0.18323854344074986,0.1929361055959692,-0.012587094501649774,0.336637441953062,True,65.1392240332089,0.20281235556224683,1.106617671301053
voornes_duin,ahn4_entropy,single_source,landgoederen_oldenzaal,ridge,469,0.2680238380976328,0.2047726965901253,-0.15098785796880154,-0.02193169251573226,0.24076904215653444,True,204.0469079481854,0.20281235556224683,1.3215360442641837
voornes_duin,ahn4_entropy,single_source,leenderbos_groote_heide_and_de_plateaux,ridge,469,0.573427489066698,0.4957486161026282,-4.268426371619611,0.44975452770107055,-0.05692954796609824,False,117.8438822987638,0.20281235556224683,2.827379463529295
voornes_duin,ahn4_entropy,single_source,loonse_en_drunense_duinen_and_leemkuilen,ridge,469,0.3127533329660389,0.24594394539946537,-0.5672121553625882,-0.11117803896370335,0.10216402021581028,False,78.09686270797245,0.20281235556224683,1.5420822469075322
voornes_duin,ahn4_entropy,single_source,maasduinen,ridge,469,0.3485340874381439,0.27896698124923475,-0.9463207700987337,-0.1841373964211064,0.01635287127209869,False,146.50634316344045,0.20281235556224683,1.7185051989161104
voornes_duin,ahn4_entropy,single_source,meinweg,ridge,469,0.5082829257385547,0.41346197045819816,-3.139376601527105,-0.3832785284778325,0.1487979098719164,False,164.30286147475647,0.20281235556224683,2.506173375529645
voornes_duin,ahn4_entropy,single_source,noordhollands_duinreservaat,ridge,469,0.2633048540344607,0.21221449552686766,-0.11081472727697372,-0.1354964742361394,0.2965771485990354,True,84.49665788322316,0.20281235556224683,1.2982683096624634
voornes_duin,ahn4_entropy,single_source,rijntakken,ridge,469,0.2174357324967848,0.18173474003027668,0.24249460583097882,-0.007988079162114798,0.34529905302421826,True,126.41288951626922,0.20281235556224683,1.0721029884693085
voornes_duin,ahn4_entropy,single_source,sallandse_heuvelrug,ridge,469,0.307934074670766,0.23866551043069636,-0.5192855094610591,-0.09429185976895789,0.010612936837790085,False,166.7139433223516,0.20281235556224683,1.5183200935519698
voornes_duin,ahn4_entropy,single_source,savelsbos,ridge,469,0.3133380028938766,0.25658013373205596,-0.5730772138695812,0.1924400159086979,0.29282565028858487,True,168.4247113206963,0.20281235556224683,1.5449650590824453
voornes_duin,ahn4_entropy,single_source,schoorlse_duinen,ridge,469,0.30877462522398724,0.2288919417298111,-0.5275910482642485,-0.12028917209422103,0.12634334063259883,False,97.7814486752631,0.20281235556224683,1.522464567644246
voornes_duin,ahn4_entropy,single_source,springendal_and_dal_van_de_mosbeek,ridge,469,0.2597548889838893,0.20136677392898375,-0.08106388457661295,-0.03395316839110756,0.3038261449187019,True,200.69557227650665,0.20281235556224683,1.2807646174405078
voornes_duin,ahn4_entropy,single_source,vecht_en_beneden_reggegebied,ridge,469,0.3397843006294731,0.26695479095012103,-0.8498244523299749,-0.1364418082894275,-0.01727241979354677,False,177.53112844924425,0.20281235556224683,1.6753629219852293
voornes_duin,ahn4_entropy,single_source,veluwe,ridge,469,0.34226459231359374,0.2614538992599165,-0.8769289999813714,0.0070164570110183,0.10144994647438389,False,126.14432356526204,0.20281235556224683,1.6875924120340215
voornes_duin,ahn4_height_cv,single_source,brabantse_wal,ridge,469,0.17905872507152987,0.15485462176688083,-4.067101194978506,0.14850256017061234,0.2829125010044598,False,56.840604853141876,0.07710341734314512,2.3223189223201026
voornes_duin,ahn4_height_cv,single_source,drents_friese_wold_and_leggelderveld,ridge,469,0.08908844225564157,0.07270778586016059,-0.25432862161192915,0.003351004024808621,0.3015711948292207,False,188.74615566114113,0.07710341734314512,1.1554409042488696
voornes_duin,ahn4_height_cv,single_source,drentsche_aa,ridge,469,0.08535823710173057,0.07031937462322299,-0.15148815781761638,0.04156425616109626,0.3707498387949494,True,216.80414007021187,0.07710341734314512,1.1070616587828757
voornes_duin,ahn4_height_cv,single_source,geleenbeekdal,ridge,469,0.11793394654290597,0.092801621403091,-1.1980940256688521,0.05025599545539449,0.3962896568541127,True,169.1293475065488,0.07710341734314512,1.5295553764893002
voornes_duin,ahn4_height_cv,single_source,geuldal,ridge,469,0.08741967386677084,0.06613894924556132,-0.20777758612009567,0.015599070469502263,0.293660164212723,True,174.64224586567784,0.07710341734314512,1.13379765617539
voornes_duin,ahn4_height_cv,single_source,kennemerland_zuid,ridge,469,0.08350212059309443,0.06786915762293608,-0.10195436992018703,0.02504438289487665,0.2731675155581798,True,65.1392240332089,0.07710341734314512,1.082988581705428
voornes_duin,ahn4_height_cv,single_source,landgoederen_oldenzaal,ridge,469,0.19456845552383453,0.16669936284349987,-4.98292370680297,0.16537604326761735,0.2618627668256931,True,204.0469079481854,0.07710341734314512,2.523473825523411
voornes_duin,ahn4_height_cv,single_source,leenderbos_groote_heide_and_de_plateaux,ridge,469,0.16692235536737668,0.13905703874093134,-3.403496041457206,0.12462042031543177,0.06584637300208854,False,117.8438822987638,0.07710341734314512,2.1649151376066333
voornes_duin,ahn4_height_cv,single_source,loonse_en_drunense_duinen_and_leemkuilen,ridge,469,0.13568573855780844,0.11425205876219358,-1.9096249200972073,0.09311652602769488,0.0714101582559329,False,78.09686270797245,0.07710341734314512,1.7597889073313764
voornes_duin,ahn4_height_cv,single_source,maasduinen,ridge,469,0.10676077889364821,0.08633247978444457,-0.8013249690915345,-0.05602913133887396,0.26051751961133485,False,146.50634316344045,0.07710341734314512,1.3846439311310212
voornes_duin,ahn4_height_cv,single_source,meinweg,ridge,469,0.30703946333566395,0.27965259549280425,-13.898995824275904,0.2794513480042689,-0.04899794664524433,False,164.30286147475647,0.07710341734314512,3.982177105966644
voornes_duin,ahn4_height_cv,single_source,noordhollands_duinreservaat,ridge,469,0.07930803551173621,0.06182608329044396,0.005962000673853551,-0.023161489581393795,0.337444410513396,True,84.49665788322316,0.07710341734314512,1.0285930020297225
voornes_duin,ahn4_height_cv,single_source,rijntakken,ridge,469,0.20523033741066182,0.18569408102238819,-5.656588649604315,0.1831291424753757,0.25126355833144937,True,126.41288951626922,0.07710341734314512,2.661754102250668
voornes_duin,ahn4_height_cv,single_source,sallandse_heuvelrug,ridge,469,0.1278560212425484,0.10510439872574784,-1.5835149129287638,0.030319507374529514,0.09752551334384091,False,166.7139433223516,0.07710341734314512,1.6582406545423432
voornes_duin,ahn4_height_cv,single_source,savelsbos,ridge,469,0.09800045044716371,0.07560789191751344,-0.5178356378788411,-0.042615060621613375,0.31376322211619423,True,168.4247113206963,0.07710341734314512,1.2710260300268836
voornes_duin,ahn4_height_cv,single_source,schoorlse_duinen,ridge,469,0.08186755616055011,0.06190463937569038,-0.05923483421575759,-0.023218395318650185,0.31311590257216726,False,97.7814486752631,0.07710341734314512,1.0617889450502878
voornes_duin,ahn4_height_cv,single_source,springendal_and_dal_van_de_mosbeek,ridge,469,0.08369771609286027,0.06796724636587986,-0.10712285550225675,-0.017747237148731238,0.19862104885842818,True,200.69557227650665,0.07710341734314512,1.0855253758775378
voornes_duin,ahn4_height_cv,single_source,vecht_en_beneden_reggegebied,ridge,469,0.10345279569478671,0.08192038006174172,-0.691426244025221,-0.0010661291374421873,0.29843174735156075,False,177.53112844924425,0.07710341734314512,1.341740732896117
voornes_duin,ahn4_height_cv,single_source,veluwe,ridge,469,0.08739180364200144,0.07184828509872268,-0.2070076068790625,0.009265905478808189,0.2464309703034887,False,126.14432356526204,0.07710341734314512,1.133436190682293
voornes_duin,ahn4_height_sd_m,single_source,brabantse_wal,ridge,469,1.9342930090107642,1.7058155953634948,-2.042583045444986,1.4150666013783237,0.10616452973434538,False,56.840604853141876,0.9423395294311676,2.0526497600905884
voornes_duin,ahn4_height_sd_m,single_source,drents_friese_wold_and_leggelderveld,ridge,469,1.3055052937668836,1.001076952136878,-0.38597434360503247,-0.4272037170455036,0.06571154174361875,False,188.74615566114113,0.9423395294311676,1.385387382141272
voornes_duin,ahn4_height_sd_m,single_source,drentsche_aa,ridge,469,1.2203546406978534,0.9026567501316751,-0.21107218728759758,-0.1939685947624626,0.1379483733985094,True,216.80414007021187,0.9423395294311676,1.2950264767461324
voornes_duin,ahn4_height_sd_m,single_source,geleenbeekdal,ridge,469,2.3003282715794287,1.957013181296108,-3.3030614749813827,1.8678494073498881,0.17938947115470838,True,169.1293475065488,0.9423395294311676,2.4410822211480347
voornes_duin,ahn4_height_sd_m,single_source,geuldal,ridge,469,1.2681542633033578,0.9681951969307736,-0.3078022753704488,0.3225620052617886,0.17743888105574465,True,174.64224586567784,0.9423395294311676,1.3457508930659678
voornes_duin,ahn4_height_sd_m,single_source,kennemerland_zuid,ridge,469,1.0435223665100846,0.8419439683978768,0.11447374819553613,0.19763401475864786,0.37049792644601953,True,65.1392240332089,0.9423395294311676,1.1073740768786329
voornes_duin,ahn4_height_sd_m,single_source,landgoederen_oldenzaal,ridge,469,1.606214878817785,1.4058336917172334,-1.0979986561506463,1.0338988384741254,0.18545176778063382,True,204.0469079481854,0.9423395294311676,1.7044969765699611
voornes_duin,ahn4_height_sd_m,single_source,leenderbos_groote_heide_and_de_plateaux,ridge,469,1.8229709057839043,1.4817689983009599,-1.7024482822137919,0.31955305998825534,-0.1917285702054899,False,117.8438822987638,0.9423395294311676,1.9345160091971518
voornes_duin,ahn4_height_sd_m,single_source,loonse_en_drunense_duinen_and_leemkuilen,ridge,469,1.288596706249298,1.1075619803129295,-0.3503052318297679,0.4389238824231199,0.1475352284626189,False,78.09686270797245,0.9423395294311676,1.3674441812147524
voornes_duin,ahn4_height_sd_m,single_source,maasduinen,ridge,469,1.7629675390818005,1.337103321701285,-1.5274731358204257,-0.8785247013098678,-0.12716024994053038,False,146.50634316344045,0.9423395294311676,1.8708411183238758
voornes_duin,ahn4_height_sd_m,single_source,meinweg,ridge,469,1.6561335424845165,1.289767406064027,-1.2304301290690285,-0.011775996111615408,-0.0804449097245467,False,164.30286147475647,0.9423395294311676,1.7574700951834445
voornes_duin,ahn4_height_sd_m,single_source,noordhollands_duinreservaat,ridge,469,1.1231343115124282,0.8557547843095827,-0.025796721293032565,-0.460086443754484,0.4041273380722998,True,84.49665788322316,0.9423395294311676,1.191857368214613
voornes_duin,ahn4_height_sd_m,single_source,rijntakken,ridge,469,2.068785065235434,1.8391909584810695,-2.4803960026262866,1.7271998443422585,0.22988672738561675,True,126.41288951626922,0.9423395294311676,2.1953712018047598
voornes_duin,ahn4_height_sd_m,single_source,sallandse_heuvelrug,ridge,469,1.5175018631566077,1.2393627680452772,-0.872648997566984,0.26290538200693464,-0.09300387465554917,False,166.7139433223516,0.9423395294311676,1.610355732474292
voornes_duin,ahn4_height_sd_m,single_source,savelsbos,ridge,469,1.267753705374223,1.034970164185643,-0.30697624362519593,0.7304660267665666,0.23633636149417311,True,168.4247113206963,0.9423395294311676,1.345325825543462
voornes_duin,ahn4_height_sd_m,single_source,schoorlse_duinen,ridge,469,1.2002544789657332,0.949291307393915,-0.17150618847917087,-0.0691091695484926,0.08142009286653444,False,97.7814486752631,0.9423395294311676,1.2736964135318116
voornes_duin,ahn4_height_sd_m,single_source,springendal_and_dal_van_de_mosbeek,ridge,469,1.2313659137976931,0.9440301725905466,-0.23302582124027382,-0.2915788402268373,0.21278937308658818,True,200.69557227650665,0.9423395294311676,1.3067115146289077
voornes_duin,ahn4_height_sd_m,single_source,vecht_en_beneden_reggegebied,ridge,469,1.9270291465926699,1.546800189738757,-2.0197742913384404,-1.3632169019832812,0.05733729298066793,False,177.53112844924425,0.9423395294311676,2.04494143183816
voornes_duin,ahn4_height_sd_m,single_source,veluwe,ridge,469,1.6273817908999963,1.2388533481918744,-1.153658408715446,-0.25292857673524016,-0.021530358983578177,False,126.14432356526204,0.9423395294311676,1.7269590631333769
voornes_duin,ahn4_p95_height_m,single_source,brabantse_wal,ridge,469,4.115093878890661,3.298148979622649,-0.42990446093268364,1.7127685646905253,0.225959619761282,False,56.840604853141876,2.590891248161576,1.5882927860482823
voornes_duin,ahn4_p95_height_m,single_source,drents_friese_wold_and_leggelderveld,ridge,469,3.6529759581822776,2.8267289005892398,-0.12678525242338856,-0.7488268218718271,0.1152341831691463,False,188.74615566114113,2.590891248161576,1.4099302549940402
voornes_duin,ahn4_p95_height_m,single_source,drentsche_aa,ridge,469,4.000034038813032,2.762688018670105,-0.35106082164780017,-0.878566545915203,0.12672250300555818,True,216.80414007021187,2.590891248161576,1.543883419132835
voornes_duin,ahn4_p95_height_m,single_source,geleenbeekdal,ridge,469,7.10552479216741,6.350725009142945,-3.2632406135924352,6.17510207977118,0.29259830872580406,True,169.1293475065488,2.590891248161576,2.742502139836742
voornes_duin,ahn4_p95_height_m,single_source,geuldal,ridge,469,4.187291555358555,3.5715278622820197,-0.48051880799265345,2.3504037070854573,0.18788448255837079,True,174.64224586567784,2.590891248161576,1.6161587478168913
voornes_duin,ahn4_p95_height_m,single_source,kennemerland_zuid,ridge,469,3.0409669548440075,2.349042211423327,0.21914404259869258,-0.6325574164862864,0.31517076439546293,True,65.1392240332089,2.590891248161576,1.173714626965448
voornes_duin,ahn4_p95_height_m,single_source,landgoederen_oldenzaal,ridge,469,3.8898572507077014,3.0881128668721542,-0.2776586932168732,0.4619338994657946,0.25490279952148986,True,204.0469079481854,2.590891248161576,1.501358751922851
voornes_duin,ahn4_p95_height_m,single_source,leenderbos_groote_heide_and_de_plateaux,ridge,469,4.894996163755467,3.731313463311375,-1.0232625265308322,-1.6664210224348177,-0.10248068415900798,False,117.8438822987638,2.590891248161576,1.8893097760196689
voornes_duin,ahn4_p95_height_m,single_source,loonse_en_drunense_duinen_and_leemkuilen,ridge,469,3.7037685055779295,2.9429899886418047,-0.1583377100347858,-0.9266400165326798,0.07357407324111864,False,78.09686270797245,2.590891248161576,1.4295345311023844
voornes_duin,ahn4_p95_height_m,single_source,maasduinen,ridge,469,4.267066746095963,3.2940066556130088,-0.5374691094325617,-0.5541977719281145,-0.04560434767759803,False,146.50634316344045,2.590891248161576,1.646949384357122
voornes_duin,ahn4_p95_height_m,single_source,meinweg,ridge,469,8.402333710891343,6.924938428435885,-4.961387858258573,-6.902493181001118,-0.1496662005713847,False,164.30286147475647,2.590891248161576,3.243028327357779
voornes_duin,ahn4_p95_height_m,single_source,noordhollands_duinreservaat,ridge,469,3.4043564303159144,2.496518691276347,0.021372143540789423,-1.414147520550435,0.3952653730617262,True,84.49665788322316,2.590891248161576,1.3139711798909162
voornes_duin,ahn4_p95_height_m,single_source,rijntakken,ridge,469,4.141395589091232,3.5149143598230395,-0.4482414043919589,2.366393432719325,0.1474208017694141,True,126.41288951626922,2.590891248161576,1.5984443932294923
voornes_duin,ahn4_p95_height_m,single_source,sallandse_heuvelrug,ridge,469,3.810014562921773,3.1287770958008525,-0.2257468834206957,0.5254931394169023,0.01746839542432142,False,166.7139433223516,2.590891248161576,1.4705420637107995
voornes_duin,ahn4_p95_height_m,single_source,savelsbos,ridge,469,5.026510305807757,4.292500805547461,-1.1334412160189293,3.969303674980607,0.15698029929929447,True,168.4247113206963,2.590891248161576,1.9400699698894843
voornes_duin,ahn4_p95_height_m,single_source,schoorlse_duinen,ridge,469,3.6399523262387357,3.0700572411746947,-0.11876511918035115,1.5012493064157162,0.2028568394165315,False,97.7814486752631,2.590891248161576,1.404903555416131
voornes_duin,ahn4_p95_height_m,single_source,springendal_and_dal_van_de_mosbeek,ridge,469,4.384230170494829,3.319053522047668,-0.6230586707343524,0.7534474771301248,0.23314684757893245,True,200.69557227650665,2.590891248161576,1.6921706666019876
voornes_duin,ahn4_p95_height_m,single_source,vecht_en_beneden_reggegebied,ridge,469,5.127677893275929,4.00652241991081,-1.2201841541395053,-3.5213434854527694,0.06451499283076088,False,177.53112844924425,2.590891248161576,1.9791173778190754
voornes_duin,ahn4_p95_height_m,single_source,veluwe,ridge,469,4.62589924624648,3.442301132148383,-0.806923912223658,-0.2742073525566867,0.057662935449368014,False,126.14432356526204,2.590891248161576,1.785447092589814
voornes_duin,ahn4_pulse_penetration,single_source,brabantse_wal,ridge,469,0.17667415017025365,0.16728592915829074,-9.173365491962846,-0.1670259084990105,0.2958722455775885,False,56.840604853141876,0.04247394290104033,4.159589105769747
voornes_duin,ahn4_pulse_penetration,single_source,drents_friese_wold_and_leggelderveld,ridge,469,0.08861679471856505,0.07708936072075805,-1.5594738717568823,-0.07122475124854116,0.36557118211545314,False,188.74615566114113,0.04247394290104033,2.086380229050845
voornes_duin,ahn4_pulse_penetration,single_source,drentsche_aa,ridge,469,0.0578126025729298,0.04653154513387163,-0.0893405410676118,-0.02845293539447279,0.386548686509012,True,216.80414007021187,0.04247394290104033,1.361131051751585
voornes_duin,ahn4_pulse_penetration,single_source,geleenbeekdal,ridge,469,0.04983474604464631,0.039595251263850044,0.19056286594030825,-0.020510734912092418,0.39460932262360454,True,169.1293475065488,0.04247394290104033,1.1733016207314646
voornes_duin,ahn4_pulse_penetration,single_source,geuldal,ridge,469,0.05208274339473995,0.04279980501345599,0.11588994539116104,0.01624594436948073,0.4190414613251831,True,174.64224586567784,0.04247394290104033,1.2262281257025531
voornes_duin,ahn4_pulse_penetration,single_source,kennemerland_zuid,ridge,469,0.06534827740468445,0.05351297377519842,-0.39183230808909086,0.050550603807726066,0.42690308037172087,True,65.1392240332089,0.04247394290104033,1.5385498246993181
voornes_duin,ahn4_pulse_penetration,single_source,landgoederen_oldenzaal,ridge,469,0.07357991970963748,0.058100751988742594,-0.7645633092189197,0.038205743027951336,0.29499162791629086,True,204.0469079481854,0.04247394290104033,1.7323543491375568
voornes_duin,ahn4_pulse_penetration,single_source,leenderbos_groote_heide_and_de_plateaux,ridge,469,0.13376699666816017,0.11921574458159995,-4.831987417052814,-0.11824485738818061,0.18845034792342752,False,117.8438822987638,0.04247394290104033,3.1493896617938844
voornes_duin,ahn4_pulse_penetration,single_source,loonse_en_drunense_duinen_and_leemkuilen,ridge,469,0.05306998153656141,0.041940660234678226,0.08205534255928715,-0.015361537468391813,0.35138768261559417,False,78.09686270797245,0.04247394290104033,1.2494715091605386
voornes_duin,ahn4_pulse_penetration,single_source,maasduinen,ridge,469,0.08177414377563134,0.06720186453889238,-1.1794687004374205,0.06299107060033682,0.29651080110859246,False,146.50634316344045,0.04247394290104033,1.9252779042943153
voornes_duin,ahn4_pulse_penetration,single_source,meinweg,ridge,469,0.07388335035425682,0.061012273323770676,-0.7791468145767402,0.05526382367872736,0.40595001035724126,False,164.30286147475647,0.04247394290104033,1.7394982737156517
voornes_duin,ahn4_pulse_penetration,single_source,noordhollands_duinreservaat,ridge,469,0.045951846609033904,0.03657291154300156,0.3117843210672351,-0.0035952132276423636,0.37559459371733117,True,84.49665788322316,0.04247394290104033,1.0818832317050646
voornes_duin,ahn4_pulse_penetration,single_source,rijntakken,ridge,469,0.05156478271732917,0.041483378651633124,0.1333873790809207,0.022728836997226266,0.3208251719187987,True,126.41288951626922,0.04247394290104033,1.2140333389219247
voornes_duin,ahn4_pulse_penetration,single_source,sallandse_heuvelrug,ridge,469,0.0921641455010123,0.07928119050264727,-1.7684878841414937,-0.05712993889221345,0.25849846332955556,False,166.7139433223516,0.04247394290104033,2.169898512029946
voornes_duin,ahn4_pulse_penetration,single_source,savelsbos,ridge,469,0.046454935349767905,0.03658776934618469,0.29663242196791195,0.01580363661030119,0.34724761701801427,True,168.4247113206963,0.04247394290104033,1.0937278758885853
voornes_duin,ahn4_pulse_penetration,single_source,schoorlse_duinen,ridge,469,0.12379776797913089,0.11272904318176022,-3.9951007777579166,-0.11244668031855448,0.20652230266751095,False,97.7814486752631,0.04247394290104033,2.9146756699175826
voornes_duin,ahn4_pulse_penetration,single_source,springendal_and_dal_van_de_mosbeek,ridge,469,0.054045733865005864,0.043390213198293615,0.047990105583475495,0.03685954881521943,0.47095190452395325,True,200.69557227650665,0.04247394290104033,1.272444472389261
voornes_duin,ahn4_pulse_penetration,single_source,vecht_en_beneden_reggegebied,ridge,469,0.04982998445298613,0.039396394108679414,0.190717538143243,0.0014781051242582749,0.402163529800883,False,177.53112844924425,0.04247394290104033,1.173189514547415
voornes_duin,ahn4_pulse_penetration,single_source,veluwe,ridge,469,0.05555985361404706,0.044594075119766506,-0.006099217174577065,-0.015422583062707412,0.3736157027350672,False,126.14432356526204,0.04247394290104033,1.3080926756316331
voornes_duin,ahn4_sigma_z,single_source,brabantse_wal,ridge,469,1.6690549129844876,1.4399083115293578,-1.3167245854836445,1.0530830074405393,0.1798659348692495,False,56.840604853141876,0.9228324635222488,1.8086218018534714
voornes_duin,ahn4_sigma_z,single_source,drents_friese_wold_and_leggelderveld,ridge,469,1.5498664251007483,1.1936191981631157,-0.9976605672193628,-0.9069094386327516,0.14556218999281392,False,188.74615566114113,0.9228324635222488,1.6794667356902993
voornes_duin,ahn4_sigma_z,single_source,drentsche_aa,ridge,469,1.2173713411708649,0.8994005978960561,-0.23247836295168822,-0.3217636784734348,0.15886418941007507,True,216.80414007021187,0.9228324635222488,1.319168309840798
voornes_duin,ahn4_sigma_z,single_source,geleenbeekdal,ridge,469,2.143332203933078,1.7956069329320037,-2.8204290194950756,1.6702964636643702,0.16400984418558961,True,169.1293475065488,0.9228324635222488,2.322558306794334
voornes_duin,ahn4_sigma_z,single_source,geuldal,ridge,469,1.2393993744741063,0.9438228614894496,-0.2774846833592126,0.33376732540783205,0.1816613681491301,True,174.64224586567784,0.9228324635222488,1.3430383341127718
voornes_duin,ahn4_sigma_z,single_source,kennemerland_zuid,ridge,469,1.036420287267467,0.8403399028486451,0.10668429869683527,0.24692147618089927,0.34440418463058986,True,65.1392240332089,0.9228324635222488,1.1230860727543963
voornes_duin,ahn4_sigma_z,single_source,landgoederen_oldenzaal,ridge,469,1.5585335376031553,1.3520365610417606,-1.0200655433473593,0.9899850547836485,0.22029667946710693,True,204.0469079481854,0.9228324635222488,1.6888585948250836
voornes_duin,ahn4_sigma_z,single_source,leenderbos_groote_heide_and_de_plateaux,ridge,469,1.5559815226018214,1.2822424369443908,-1.013455461839797,0.2801629485913952,-0.1030125718011897,False,117.8438822987638,0.9228324635222488,1.6860931795387668
voornes_duin,ahn4_sigma_z,single_source,loonse_en_drunense_duinen_and_leemkuilen,ridge,469,1.1761258230048728,0.931766469208924,-0.15037842331681817,-0.3546922996096555,0.19806687727587136,False,78.09686270797245,0.9228324635222488,1.274473828668596
voornes_duin,ahn4_sigma_z,single_source,maasduinen,ridge,469,1.5264290569901466,1.2008707498830646,-0.937699404552643,-0.48293387359325035,-0.11987430168131688,False,146.50634316344045,0.9228324635222488,1.6540695275977855
voornes_duin,ahn4_sigma_z,single_source,meinweg,ridge,469,1.7727132241786425,1.2601674105251879,-1.6134255070474128,-0.854117870253823,-0.018153476278561963,False,164.30286147475647,0.9228324635222488,1.9209480531412881
voornes_duin,ahn4_sigma_z,single_source,noordhollands_duinreservaat,ridge,469,1.0672696779585473,0.8121482061243448,0.052713172238925354,-0.3623773341510227,0.3449621080928927,True,84.49665788322316,0.9228324635222488,1.1565150990516886
voornes_duin,ahn4_sigma_z,single_source,rijntakken,ridge,469,2.1268559926707775,1.9037816635179112,-2.761918019005057,1.8170875310879147,0.25000282492421083,True,126.41288951626922,0.9228324635222488,2.304704349642226
voornes_duin,ahn4_sigma_z,single_source,sallandse_heuvelrug,ridge,469,1.3580055648505558,1.079862581669542,-0.5336853026672417,-0.1421562183143135,-0.15096795689653814,False,166.7139433223516,0.9228324635222488,1.4715624108707088
voornes_duin,ahn4_sigma_z,single_source,savelsbos,ridge,469,1.3179127082581488,1.0830590280402324,-0.44446308732480344,0.8425025965706383,0.29437567616991334,True,168.4247113206963,0.9228324635222488,1.42811697718995
voornes_duin,ahn4_sigma_z,single_source,schoorlse_duinen,ridge,469,1.2105704637978074,0.9196702400971287,-0.21874628140925867,-0.47597680855185515,0.16042441222007242,False,97.7814486752631,0.9228324635222488,1.3117987409950078
voornes_duin,ahn4_sigma_z,single_source,springendal_and_dal_van_de_mosbeek,ridge,469,1.1959451111751158,0.9246047019881452,-0.18947591363960647,-0.2825467865403077,0.24088927750892247,True,200.69557227650665,0.9228324635222488,1.2959504118553178
voornes_duin,ahn4_sigma_z,single_source,vecht_en_beneden_reggegebied,ridge,469,1.8466631350107128,1.441557175782603,-1.836014946897488,-1.2483629508721135,-0.025678520516655808,False,177.53112844924425,0.9228324635222488,2.001081678425578
voornes_duin,ahn4_sigma_z,single_source,veluwe,ridge,469,1.5772652388702328,1.1786541294530615,-1.0689148682219622,-0.5406740424295764,-0.046960510792630014,False,126.14432356526204,0.9228324635222488,1.709156646754881
